"snapshot_id","collection_started_at","collection_finished_at","declared_order_count","saved_orders","distinct_merchants","collection_duration_seconds","best_p2p_price","median_p2p_price","reference_rate","best_edge_pct"
1,"2026-09-12 16:06:36.045696+04","2026-09-12 16:07:05.165828+04",220,220,134,29.120,86.1900,92.0000,NULL,NULL
2,"2026-09-12 16:17:27.858461+04","2026-09-12 16:17:57.721007+04",228,228,137,29.863,86.4800,92.0000,NULL,NULL
4,"2026-09-12 16:25:54.677316+04","2026-09-12 16:26:23.668601+04",228,228,136,28.991,84.9000,92.0000,NULL,NULL
5,"2026-09-12 17:50:59.750112+04","2026-09-12 17:51:28.715441+04",224,224,136,28.965,84.9000,92.0000,NULL,NULL
6,"2026-09-12 18:21:40.454803+04","2026-09-12 18:22:06.791323+04",214,214,128,26.337,84.9000,92.0000,NULL,NULL
7,"2026-09-13 14:05:52.398538+04","2026-09-13 14:06:02.149058+04",100,100,88,9.751,84.9000,87.5400,NULL,NULL
8,"2026-09-13 14:10:35.364053+04","2026-09-13 14:10:46.195808+04",100,100,89,10.832,84.9000,87.5400,NULL,NULL
9,"2026-09-14 11:20:52.613085+04","2026-09-14 11:21:03.312161+04",100,100,95,10.699,84.9000,87.2950,NULL,NULL
10,"2026-09-14 11:57:28.666402+04","2026-09-14 11:58:04.4017+04",347,347,220,35.735,84.9000,91.0000,NULL,NULL
11,"2026-09-14 12:30:14.49671+04","2026-09-14 12:30:52.301755+04",346,346,221,37.805,84.9000,91.0000,NULL,NULL
12,"2026-09-14 13:16:20.73901+04","2026-09-14 13:17:01.827476+04",351,351,229,41.088,84.9000,91.0000,NULL,NULL
13,"2026-09-14 13:19:20.739991+04","2026-09-14 13:19:59.530689+04",352,352,227,38.791,84.9000,91.3750,NULL,NULL
14,"2026-09-14 13:22:20.741079+04","2026-09-14 13:23:01.498363+04",352,352,225,40.757,84.9000,91.1500,NULL,NULL
15,"2026-09-14 13:25:20.741329+04","2026-09-14 13:25:57.952431+04",360,360,233,37.211,84.9000,91.0000,NULL,NULL
16,"2026-09-14 13:28:20.742255+04","2026-09-14 13:28:59.461235+04",363,363,233,38.719,84.9000,91.0000,NULL,NULL
17,"2026-09-14 13:31:20.742553+04","2026-09-14 13:32:01.291888+04",354,354,225,40.549,84.9000,91.1500,NULL,NULL
18,"2026-09-14 13:34:20.742785+04","2026-09-14 13:35:01.652509+04",352,352,226,40.910,84.9000,91.4700,NULL,NULL
19,"2026-09-14 13:37:20.743033+04","2026-09-14 13:37:57.48271+04",357,357,230,36.740,84.9000,91.5000,NULL,NULL
20,"2026-09-14 13:40:20.743219+04","2026-09-14 13:40:59.590902+04",354,354,228,38.848,84.9000,91.4700,NULL,NULL
21,"2026-09-14 13:43:20.743424+04","2026-09-14 13:44:00.359848+04",346,346,221,39.616,84.9000,91.1500,NULL,NULL
22,"2026-09-14 21:55:41.03625+04","2026-09-14 21:56:18.023085+04",344,344,221,36.987,84.9000,90.9300,NULL,NULL
23,"2026-09-14 23:02:58.634018+04","2026-09-14 23:03:36.282992+04",305,305,187,37.649,84.9000,91.3000,NULL,NULL
24,"2026-09-14 23:05:58.635158+04","2026-09-14 23:06:38.322155+04",308,308,193,39.687,84.9000,91.2050,NULL,NULL
25,"2026-09-14 23:08:58.636465+04","2026-09-14 23:09:36.413754+04",300,300,190,37.777,84.9000,91.0000,NULL,NULL
26,"2026-09-14 23:11:58.637363+04","2026-09-14 23:12:38.438126+04",298,298,184,39.801,84.9000,91.0550,NULL,NULL
27,"2026-09-14 23:14:58.638412+04","2026-09-14 23:15:39.266778+04",302,302,187,40.628,84.9000,91.0000,NULL,NULL
28,"2026-09-14 23:17:58.639266+04","2026-09-14 23:18:35.483974+04",299,299,188,36.845,84.9000,91.0000,NULL,NULL
29,"2026-09-14 23:20:58.640149+04","2026-09-14 23:21:36.303495+04",308,308,195,37.663,84.9000,91.0000,NULL,NULL
30,"2026-09-14 23:23:58.641011+04","2026-09-14 23:24:35.470881+04",308,308,196,36.830,84.9000,91.0000,NULL,NULL
31,"2026-09-14 23:26:58.641912+04","2026-09-14 23:27:37.43644+04",305,305,194,38.795,84.9000,91.0000,NULL,NULL
32,"2026-09-14 23:29:58.642631+04","2026-09-14 23:30:41.609453+04",306,306,194,42.967,84.9000,91.0000,NULL,NULL
33,"2026-09-14 23:32:58.643631+04","2026-09-14 23:33:35.215635+04",318,318,203,36.572,84.9000,91.0000,NULL,NULL
34,"2026-09-14 23:35:58.64455+04","2026-09-14 23:36:37.163054+04",313,313,199,38.519,84.8900,91.0000,NULL,NULL
35,"2026-09-14 23:38:58.645515+04","2026-09-14 23:39:38.274971+04",307,307,195,39.629,84.9000,90.9800,NULL,NULL
36,"2026-09-14 23:41:58.646405+04","2026-09-14 23:42:38.53951+04",305,305,195,39.893,84.9000,91.0000,NULL,NULL
37,"2026-09-14 23:44:58.647259+04","2026-09-14 23:45:37.745816+04",301,301,191,39.099,84.9000,91.0000,NULL,NULL
38,"2026-09-14 23:47:58.648153+04","2026-09-14 23:48:27.098937+04",297,297,188,28.451,84.9000,91.0000,NULL,NULL
39,"2026-09-14 23:50:58.649032+04","2026-09-14 23:51:36.344731+04",302,302,191,37.696,84.9000,91.0000,NULL,NULL
40,"2026-09-14 23:53:58.649869+04","2026-09-14 23:54:28.678083+04",293,293,183,30.028,84.9000,91.0000,NULL,NULL
41,"2026-09-14 23:56:58.650817+04","2026-09-14 23:57:27.587838+04",281,281,174,28.937,84.9000,91.1400,NULL,NULL
42,"2026-09-14 23:59:58.651725+04","2026-09-15 00:00:29.616168+04",286,286,177,30.964,84.9000,91.0000,NULL,NULL
43,"2026-09-15 00:02:58.652475+04","2026-09-15 00:03:29.412354+04",284,284,177,30.760,84.9000,91.0000,NULL,NULL
44,"2026-09-15 00:05:58.653579+04","2026-09-15 00:06:26.633954+04",286,286,178,27.980,84.9000,91.0000,NULL,NULL
45,"2026-09-15 00:08:58.654433+04","2026-09-15 00:09:25.971156+04",278,278,176,27.317,84.9000,91.0000,NULL,NULL
46,"2026-09-15 00:11:58.65537+04","2026-09-15 00:12:27.575281+04",276,276,171,28.920,84.9000,91.0000,NULL,NULL
47,"2026-09-15 00:14:58.656272+04","2026-09-15 00:15:28.592177+04",273,273,170,29.936,84.9000,91.0000,NULL,NULL
48,"2026-09-15 00:17:58.657094+04","2026-09-15 00:18:27.713051+04",271,271,173,29.056,84.8900,91.0000,NULL,NULL
49,"2026-09-15 00:20:58.657998+04","2026-09-15 00:21:27.929555+04",258,258,165,29.272,84.9000,91.0000,NULL,NULL
50,"2026-09-15 00:23:58.658865+04","2026-09-15 00:24:28.880322+04",258,258,163,30.221,84.9000,91.0000,NULL,NULL
51,"2026-09-15 00:26:58.659704+04","2026-09-15 00:27:26.784101+04",261,261,164,28.124,84.9000,91.0000,NULL,NULL
52,"2026-09-15 00:29:58.660679+04","2026-09-15 00:30:28.500833+04",253,253,161,29.840,84.9000,91.0000,NULL,NULL
53,"2026-09-15 00:32:58.661574+04","2026-09-15 00:33:31.06186+04",248,248,159,32.400,84.9000,91.0000,NULL,NULL
54,"2026-09-15 00:35:58.662506+04","2026-09-15 00:36:28.598544+04",246,246,159,29.936,84.9000,91.0000,NULL,NULL
55,"2026-09-15 00:38:58.663404+04","2026-09-15 00:39:26.505268+04",250,250,160,27.842,84.9000,91.0000,NULL,NULL
56,"2026-09-15 00:41:58.664194+04","2026-09-15 00:42:25.657556+04",248,248,163,26.993,84.9000,91.0000,NULL,NULL
57,"2026-09-15 00:44:58.665275+04","2026-09-15 00:45:26.53134+04",237,237,149,27.866,84.9000,91.3000,NULL,NULL
58,"2026-09-15 00:47:58.666379+04","2026-09-15 00:48:30.526393+04",231,231,145,31.860,84.9000,91.3000,NULL,NULL
59,"2026-09-15 00:50:58.667233+04","2026-09-15 00:51:25.597327+04",230,230,142,26.930,84.9000,91.3000,NULL,NULL
60,"2026-09-15 00:53:58.668138+04","2026-09-15 00:54:28.596542+04",233,233,146,29.928,84.9000,91.0000,NULL,NULL
61,"2026-09-15 00:56:58.66899+04","2026-09-15 00:57:26.706886+04",236,236,150,28.038,84.9000,91.0000,NULL,NULL
62,"2026-09-15 00:59:58.669844+04","2026-09-15 01:00:26.548877+04",238,238,153,27.879,84.9000,91.0000,NULL,NULL
63,"2026-09-15 01:02:58.670735+04","2026-09-15 01:03:26.578116+04",238,238,153,27.907,84.9000,91.0000,NULL,NULL
64,"2026-09-15 01:05:58.67177+04","2026-09-15 01:06:26.532498+04",230,230,144,27.861,84.9000,91.0000,NULL,NULL
65,"2026-09-15 01:08:58.67271+04","2026-09-15 01:09:24.842948+04",225,225,140,26.170,84.9000,91.3000,NULL,NULL
66,"2026-09-15 01:11:58.673635+04","2026-09-15 01:12:27.518791+04",223,223,138,28.845,84.9000,91.1400,NULL,NULL
67,"2026-09-15 01:14:58.674624+04","2026-09-15 01:15:27.575699+04",225,225,140,28.901,84.9000,91.0000,NULL,NULL
68,"2026-09-15 01:17:58.675493+04","2026-09-15 01:18:25.591537+04",217,217,138,26.916,83.0000,91.0000,NULL,NULL
69,"2026-09-15 01:20:58.676343+04","2026-09-15 01:21:27.561804+04",216,216,138,28.885,84.9000,91.0000,NULL,NULL
70,"2026-09-15 01:23:58.677275+04","2026-09-15 01:24:28.649905+04",207,207,130,29.973,84.9000,91.3000,NULL,NULL
71,"2026-09-15 01:26:58.678067+04","2026-09-15 01:27:25.62724+04",213,213,134,26.949,84.9000,91.0000,NULL,NULL
72,"2026-09-15 01:29:58.679014+04","2026-09-15 01:30:27.638048+04",228,228,146,28.959,84.9000,91.0000,NULL,NULL
73,"2026-09-15 01:32:58.679979+04","2026-09-15 01:33:25.748099+04",224,224,142,27.068,84.9000,90.9950,NULL,NULL
74,"2026-09-15 01:35:58.680905+04","2026-09-15 01:36:28.282209+04",217,217,137,29.601,84.9000,90.9000,NULL,NULL
75,"2026-09-15 01:38:58.68179+04","2026-09-15 01:39:26.541255+04",217,217,138,27.859,84.9000,90.9500,NULL,NULL
76,"2026-09-15 01:41:58.682783+04","2026-09-15 01:42:25.520257+04",218,218,137,26.837,84.9000,90.9250,NULL,NULL
77,"2026-09-15 01:44:58.683619+04","2026-09-15 01:45:25.937018+04",219,219,136,27.253,84.2900,90.7000,NULL,NULL
78,"2026-09-15 01:47:58.684537+04","2026-09-15 01:48:27.635377+04",207,207,129,28.951,84.9000,90.7100,NULL,NULL
79,"2026-09-15 01:50:58.685408+04","2026-09-15 01:51:26.540472+04",200,200,125,27.855,84.9000,90.5000,NULL,NULL
80,"2026-09-15 01:53:58.686505+04","2026-09-15 01:54:26.959235+04",205,205,130,28.273,84.9000,90.4000,NULL,NULL
81,"2026-09-15 01:56:58.687579+04","2026-09-15 01:57:26.608528+04",200,200,128,27.921,84.5000,90.5000,NULL,NULL
82,"2026-09-15 01:59:58.688529+04","2026-09-15 02:00:18.285745+04",194,194,124,19.597,84.5000,90.7050,NULL,NULL
83,"2026-09-15 02:02:58.689427+04","2026-09-15 02:03:18.152504+04",197,197,125,19.463,84.5000,90.7100,NULL,NULL
84,"2026-09-15 02:05:58.690444+04","2026-09-15 02:06:19.226197+04",197,197,123,20.536,84.9000,90.9000,NULL,NULL
85,"2026-09-15 02:08:58.691345+04","2026-09-15 02:09:25.583692+04",203,203,127,26.892,84.9000,90.7100,NULL,NULL
86,"2026-09-15 02:11:58.692411+04","2026-09-15 02:12:17.150993+04",196,196,122,18.459,84.9000,90.7050,NULL,NULL
87,"2026-09-15 02:14:58.693397+04","2026-09-15 02:15:26.726292+04",200,200,125,28.033,84.9000,90.4450,NULL,NULL
88,"2026-09-15 02:17:58.694392+04","2026-09-15 02:18:27.067733+04",201,201,124,28.373,84.9000,90.7000,NULL,NULL
89,"2026-09-15 02:20:58.69598+04","2026-09-15 02:21:27.648727+04",200,200,126,28.953,84.9000,90.1150,NULL,NULL
90,"2026-09-15 02:23:58.697349+04","2026-09-15 02:24:28.956997+04",201,201,126,30.260,84.9000,90.5000,NULL,NULL
91,"2026-09-15 02:26:58.698258+04","2026-09-15 02:27:17.036634+04",199,199,127,18.338,84.9000,90.4000,NULL,NULL
92,"2026-09-15 02:29:58.699271+04","2026-09-15 02:30:24.830681+04",198,198,126,26.131,84.9000,90.3100,NULL,NULL
93,"2026-09-15 02:32:58.70015+04","2026-09-15 02:33:20.112513+04",197,197,125,21.412,84.9000,90.4000,NULL,NULL
94,"2026-09-15 02:35:58.701136+04","2026-09-15 02:36:29.640032+04",199,199,124,30.939,84.9000,90.0000,NULL,NULL
95,"2026-09-15 02:38:58.701986+04","2026-09-15 02:39:17.403577+04",197,197,125,18.702,84.9000,90.0000,NULL,NULL
96,"2026-09-15 02:41:58.702881+04","2026-09-15 02:42:25.564928+04",200,200,125,26.862,84.9000,90.3100,NULL,NULL
97,"2026-09-15 02:44:58.703759+04","2026-09-15 02:45:19.315853+04",197,197,123,20.612,84.9000,90.2200,NULL,NULL
98,"2026-09-15 02:47:58.705345+04","2026-09-15 02:48:17.189518+04",191,191,117,18.484,84.9000,90.7000,NULL,NULL
99,"2026-09-15 02:50:58.706307+04","2026-09-15 02:51:17.079776+04",192,192,117,18.373,84.9000,90.5000,NULL,NULL
100,"2026-09-15 02:53:58.707245+04","2026-09-15 02:54:18.56282+04",192,192,117,19.856,84.9000,90.5000,NULL,NULL
101,"2026-09-15 02:56:58.708477+04","2026-09-15 02:57:18.119606+04",181,181,109,19.411,83.9000,91.0000,NULL,NULL
102,"2026-09-15 02:59:58.709444+04","2026-09-15 03:00:16.188634+04",187,187,112,17.479,83.9000,90.9000,NULL,NULL
103,"2026-09-15 03:02:58.710408+04","2026-09-15 03:03:19.256045+04",186,186,113,20.546,83.9000,90.8550,NULL,NULL
104,"2026-09-15 03:05:58.711519+04","2026-09-15 03:06:18.410409+04",183,183,109,19.699,84.7000,90.9000,NULL,NULL
105,"2026-09-15 03:08:58.713089+04","2026-09-15 03:09:18.315096+04",180,180,111,19.602,84.7000,90.8050,NULL,NULL
106,"2026-09-15 03:11:58.714035+04","2026-09-15 03:12:20.468925+04",180,180,112,21.755,84.9000,90.8550,NULL,NULL
107,"2026-09-15 03:14:58.714778+04","2026-09-15 03:15:18.175593+04",176,176,107,19.461,84.9000,90.9900,NULL,NULL
108,"2026-09-15 03:17:58.715679+04","2026-09-15 03:18:17.044002+04",175,175,106,18.328,84.9000,91.0000,NULL,NULL
109,"2026-09-15 03:20:58.717262+04","2026-09-15 03:21:20.299945+04",176,176,108,21.583,84.9000,91.0000,NULL,NULL
110,"2026-09-15 03:23:58.718166+04","2026-09-15 03:24:18.148466+04",174,174,106,19.430,84.9000,91.0000,NULL,NULL
111,"2026-09-15 03:26:58.719165+04","2026-09-15 03:27:18.183326+04",173,173,104,19.464,84.9000,91.0000,NULL,NULL
112,"2026-09-15 03:29:58.720051+04","2026-09-15 03:30:20.134577+04",177,177,109,21.415,84.9000,91.0000,NULL,NULL
113,"2026-09-15 03:32:58.724079+04","2026-09-15 03:33:18.224145+04",179,179,110,19.500,84.5000,90.9000,NULL,NULL
114,"2026-09-15 03:35:58.72525+04","2026-09-15 03:36:18.611623+04",180,180,112,19.886,84.5000,90.8550,NULL,NULL
115,"2026-09-15 03:38:58.726019+04","2026-09-15 03:39:20.24321+04",181,181,112,21.517,84.3300,90.8100,NULL,NULL
116,"2026-09-15 03:41:58.726924+04","2026-09-15 03:42:17.011541+04",177,177,109,18.285,84.3300,90.9800,NULL,NULL
117,"2026-09-15 03:44:58.727786+04","2026-09-15 03:45:19.27587+04",178,178,109,20.548,84.3300,90.6000,NULL,NULL
118,"2026-09-15 03:47:58.7286+04","2026-09-15 03:48:18.098819+04",177,177,108,19.370,84.3300,90.5000,NULL,NULL
119,"2026-09-15 03:50:58.729542+04","2026-09-15 03:51:17.013284+04",175,175,109,18.284,84.0000,90.5000,NULL,NULL
120,"2026-09-15 03:53:58.73043+04","2026-09-15 03:54:19.114512+04",174,174,107,20.384,84.9000,90.6000,NULL,NULL
121,"2026-09-15 03:56:58.731368+04","2026-09-15 03:57:18.160648+04",171,171,105,19.429,84.9000,90.5000,NULL,NULL
122,"2026-09-15 03:59:58.732296+04","2026-09-15 04:00:17.242798+04",170,170,105,18.511,84.9000,90.6000,NULL,NULL
123,"2026-09-15 04:02:58.733148+04","2026-09-15 04:03:18.199043+04",169,169,105,19.466,84.9000,90.5000,NULL,NULL
124,"2026-09-15 04:05:58.734111+04","2026-09-15 04:06:21.247469+04",174,174,108,22.513,84.9000,90.4450,NULL,NULL
125,"2026-09-15 04:08:58.734822+04","2026-09-15 04:09:16.117718+04",176,176,108,17.383,84.9000,90.1150,NULL,NULL
126,"2026-09-15 04:11:58.735734+04","2026-09-15 04:12:19.091557+04",175,175,105,20.356,84.9000,90.4900,NULL,NULL
127,"2026-09-15 04:14:58.736493+04","2026-09-15 04:15:19.005595+04",174,174,106,20.269,84.9000,90.4900,NULL,NULL
128,"2026-09-15 04:17:58.737448+04","2026-09-15 04:18:18.171912+04",169,169,102,19.434,84.8000,90.5000,NULL,NULL
129,"2026-09-15 04:20:58.738378+04","2026-09-15 04:21:17.040239+04",169,169,103,18.302,84.8000,90.4500,NULL,NULL
130,"2026-09-15 04:23:58.739502+04","2026-09-15 04:24:19.181627+04",168,168,101,20.442,84.8000,90.4950,NULL,NULL
131,"2026-09-15 04:26:58.740846+04","2026-09-15 04:27:19.074079+04",163,163,101,20.333,84.9000,90.4500,NULL,NULL
132,"2026-09-15 04:29:58.741701+04","2026-09-15 04:30:17.490939+04",169,169,104,18.749,84.9000,90.4500,NULL,NULL
133,"2026-09-15 04:32:58.743157+04","2026-09-15 04:33:17.165867+04",168,168,102,18.423,84.9000,90.7550,NULL,NULL
134,"2026-09-15 04:35:58.744231+04","2026-09-15 04:36:18.012977+04",168,168,101,19.269,84.9000,90.7550,NULL,NULL
135,"2026-09-15 04:38:58.74498+04","2026-09-15 04:39:18.029416+04",165,165,101,19.284,84.9000,90.5000,NULL,NULL
136,"2026-09-15 04:41:58.745998+04","2026-09-15 04:42:18.003654+04",168,168,103,19.258,84.9000,90.6000,NULL,NULL
137,"2026-09-15 04:44:58.746851+04","2026-09-15 04:45:19.456959+04",166,166,101,20.710,84.9000,90.8550,NULL,NULL
138,"2026-09-15 04:47:58.747863+04","2026-09-15 04:48:19.442891+04",167,167,104,20.695,84.9000,90.4900,NULL,NULL
139,"2026-09-15 04:50:58.748825+04","2026-09-15 04:51:20.219708+04",167,167,103,21.471,84.9000,90.9000,NULL,NULL
140,"2026-09-15 04:53:58.749682+04","2026-09-15 04:54:18.171045+04",165,165,99,19.421,84.9000,91.0000,NULL,NULL
141,"2026-09-15 04:56:58.750496+04","2026-09-15 04:57:18.020696+04",163,163,99,19.270,84.9000,91.0000,NULL,NULL
142,"2026-09-15 04:59:58.751339+04","2026-09-15 05:00:19.189687+04",166,166,103,20.438,84.9000,90.9400,NULL,NULL
143,"2026-09-15 05:02:58.752291+04","2026-09-15 05:03:17.244446+04",165,165,101,18.492,84.9000,91.0000,NULL,NULL
144,"2026-09-15 05:05:58.753166+04","2026-09-15 05:06:18.331783+04",155,155,97,19.579,84.9000,91.0000,NULL,NULL
145,"2026-09-15 05:08:58.754019+04","2026-09-15 05:09:20.184761+04",157,157,97,21.431,84.9000,91.0000,NULL,NULL
146,"2026-09-15 05:11:58.754946+04","2026-09-15 05:12:18.012245+04",163,163,100,19.257,84.9000,91.0000,NULL,NULL
147,"2026-09-15 05:14:58.756075+04","2026-09-15 05:15:20.265136+04",161,161,95,21.509,84.9000,91.0000,NULL,NULL
148,"2026-09-15 05:17:58.756954+04","2026-09-15 05:18:22.57622+04",165,165,99,23.819,84.9000,91.0000,NULL,NULL
149,"2026-09-15 05:20:58.757941+04","2026-09-15 05:21:19.148913+04",165,165,99,20.391,84.9000,91.0000,NULL,NULL
150,"2026-09-15 05:23:58.75881+04","2026-09-15 05:24:19.15759+04",162,162,99,20.399,84.9000,91.0000,NULL,NULL
151,"2026-09-15 05:26:58.759697+04","2026-09-15 05:27:17.198477+04",163,163,100,18.439,84.8900,91.0000,NULL,NULL
152,"2026-09-15 05:29:58.760678+04","2026-09-15 05:30:19.163897+04",161,161,100,20.403,84.9000,90.9800,NULL,NULL
153,"2026-09-15 05:32:58.761529+04","2026-09-15 05:33:19.090344+04",161,161,98,20.329,84.9000,91.0000,NULL,NULL
154,"2026-09-15 05:35:58.762638+04","2026-09-15 05:36:18.06411+04",164,164,99,19.301,84.9000,91.0000,NULL,NULL
155,"2026-09-15 05:38:58.763498+04","2026-09-15 05:39:17.055518+04",164,164,99,18.292,84.9000,91.0000,NULL,NULL
156,"2026-09-15 05:41:58.764432+04","2026-09-15 05:42:20.147686+04",164,164,103,21.383,84.9000,90.8000,NULL,NULL
157,"2026-09-15 05:44:58.765393+04","2026-09-15 05:45:16.071232+04",162,162,99,17.306,84.9000,91.0000,NULL,NULL
158,"2026-09-15 05:47:58.76645+04","2026-09-15 05:48:22.149564+04",152,152,95,23.383,84.9000,91.2350,NULL,NULL
159,"2026-09-15 05:50:58.767325+04","2026-09-15 05:51:18.0068+04",149,149,92,19.239,84.9000,91.3000,NULL,NULL
160,"2026-09-15 05:53:58.768266+04","2026-09-15 05:54:16.016697+04",147,147,88,17.248,84.9000,91.7000,NULL,NULL
161,"2026-09-15 05:56:58.769113+04","2026-09-15 05:57:17.229871+04",149,149,89,18.461,84.9000,91.5000,NULL,NULL
162,"2026-09-15 05:59:58.770112+04","2026-09-15 06:00:17.155716+04",150,150,90,18.386,84.9000,91.4750,NULL,NULL
163,"2026-09-15 06:02:58.770959+04","2026-09-15 06:03:18.014728+04",144,144,89,19.244,84.9000,91.8350,NULL,NULL
164,"2026-09-15 06:05:58.771935+04","2026-09-15 06:06:17.067618+04",146,146,89,18.296,84.9000,91.8350,NULL,NULL
165,"2026-09-15 06:08:58.772856+04","2026-09-15 06:09:20.178012+04",144,144,88,21.405,84.9000,91.9850,NULL,NULL
166,"2026-09-15 06:11:58.773621+04","2026-09-15 06:12:18.534544+04",153,153,94,19.761,84.9000,91.8900,NULL,NULL
167,"2026-09-15 06:14:58.774611+04","2026-09-15 06:15:17.994353+04",146,146,88,19.220,84.9000,91.9850,NULL,NULL
168,"2026-09-15 06:17:58.775324+04","2026-09-15 06:18:18.004566+04",151,151,90,19.229,84.9000,91.8900,NULL,NULL
169,"2026-09-15 06:20:58.776299+04","2026-09-15 06:21:17.097231+04",154,154,93,18.321,84.9000,91.7950,NULL,NULL
170,"2026-09-15 06:23:58.777215+04","2026-09-15 06:24:17.065378+04",150,150,93,18.288,84.9000,91.6000,NULL,NULL
171,"2026-09-15 06:26:58.778126+04","2026-09-15 06:27:20.038644+04",146,146,88,21.261,84.9000,91.9300,NULL,NULL
172,"2026-09-15 06:29:58.779115+04","2026-09-15 06:30:18.187505+04",144,144,89,19.408,84.9000,91.6000,NULL,NULL
173,"2026-09-15 06:32:58.779925+04","2026-09-15 06:33:18.68123+04",148,148,88,19.901,84.9000,91.4750,NULL,NULL
174,"2026-09-15 06:35:58.780743+04","2026-09-15 06:36:19.195127+04",151,151,91,20.414,84.9000,91.2400,NULL,NULL
175,"2026-09-15 06:38:58.781841+04","2026-09-15 06:39:17.180982+04",154,154,91,18.399,84.9000,91.2700,NULL,NULL
176,"2026-09-15 06:41:58.782631+04","2026-09-15 06:42:19.293798+04",158,158,95,20.511,84.9000,91.1150,NULL,NULL
177,"2026-09-15 06:44:58.783373+04","2026-09-15 06:45:17.13122+04",161,161,98,18.348,84.9000,91.0000,NULL,NULL
178,"2026-09-15 06:47:58.784297+04","2026-09-15 06:48:16.245127+04",160,160,97,17.461,84.9000,91.0000,NULL,NULL
179,"2026-09-15 06:50:58.785261+04","2026-09-15 06:51:20.121854+04",161,161,98,21.337,84.9000,91.0000,NULL,NULL
180,"2026-09-15 06:53:58.786155+04","2026-09-15 06:54:19.099876+04",159,159,96,20.314,84.9000,91.2300,NULL,NULL
181,"2026-09-15 06:56:58.787002+04","2026-09-15 06:57:17.98455+04",157,157,93,19.198,84.9000,91.4000,NULL,NULL
182,"2026-09-15 06:59:58.787896+04","2026-09-15 07:00:19.118667+04",160,160,96,20.331,84.9000,91.2700,NULL,NULL
183,"2026-09-15 07:02:58.788761+04","2026-09-15 07:03:18.186842+04",163,163,100,19.398,84.9000,91.0000,NULL,NULL
184,"2026-09-15 07:05:58.789599+04","2026-09-15 07:06:17.156476+04",158,158,95,18.367,84.9000,91.2350,NULL,NULL
185,"2026-09-15 07:08:58.790591+04","2026-09-15 07:09:19.057018+04",163,163,97,20.266,84.9000,91.3000,NULL,NULL
186,"2026-09-15 07:11:58.791471+04","2026-09-15 07:12:20.086068+04",163,163,98,21.295,84.9000,91.2400,NULL,NULL
187,"2026-09-15 07:14:58.792417+04","2026-09-15 07:15:17.226704+04",163,163,100,18.434,84.9000,91.2400,NULL,NULL
188,"2026-09-15 07:17:58.793328+04","2026-09-15 07:18:18.102989+04",175,175,107,19.310,84.9000,91.0000,NULL,NULL
189,"2026-09-15 07:20:58.794223+04","2026-09-15 07:21:18.240221+04",167,167,103,19.446,84.9000,91.0000,NULL,NULL
190,"2026-09-15 07:23:58.795124+04","2026-09-15 07:24:18.170247+04",175,175,107,19.375,84.9000,91.0000,NULL,NULL
191,"2026-09-15 07:26:58.79595+04","2026-09-15 07:27:16.209054+04",178,178,111,17.413,84.9000,91.0000,NULL,NULL
192,"2026-09-15 07:29:58.796937+04","2026-09-15 07:30:19.245117+04",177,177,110,20.448,84.9000,91.1300,NULL,NULL
193,"2026-09-15 07:32:58.797758+04","2026-09-15 07:33:18.107977+04",180,180,112,19.310,84.9000,91.0000,NULL,NULL
194,"2026-09-15 07:35:58.79889+04","2026-09-15 07:36:17.21243+04",177,177,109,18.414,84.9000,91.1300,NULL,NULL
195,"2026-09-15 07:38:58.799803+04","2026-09-15 07:39:18.35818+04",179,179,112,19.558,84.9000,91.0000,NULL,NULL
196,"2026-09-15 07:41:58.800693+04","2026-09-15 07:42:19.244026+04",185,185,117,20.443,84.8900,91.0000,NULL,NULL
197,"2026-09-15 07:44:58.801746+04","2026-09-15 07:45:19.114573+04",189,189,118,20.313,84.9000,91.0000,NULL,NULL
198,"2026-09-15 07:47:58.803081+04","2026-09-15 07:48:19.131132+04",182,182,113,20.328,84.9000,91.0000,NULL,NULL
199,"2026-09-15 07:50:58.805293+04","2026-09-15 07:51:18.590622+04",185,185,116,19.785,84.9000,90.9800,NULL,NULL
200,"2026-09-15 07:53:58.80622+04","2026-09-15 07:54:20.32276+04",187,187,114,21.517,84.9000,91.0000,NULL,NULL
201,"2026-09-15 07:56:58.807125+04","2026-09-15 07:57:18.273511+04",185,185,115,19.466,84.9000,90.9800,NULL,NULL
202,"2026-09-15 07:59:58.807915+04","2026-09-15 08:00:18.354955+04",185,185,114,19.547,84.8900,91.0000,NULL,NULL
203,"2026-09-15 08:02:58.808845+04","2026-09-15 08:03:19.380832+04",181,181,110,20.572,84.9000,91.0000,NULL,NULL
204,"2026-09-15 08:05:58.810362+04","2026-09-15 08:06:21.409747+04",191,191,119,22.599,84.9000,91.0000,NULL,NULL
205,"2026-09-15 08:08:58.811264+04","2026-09-15 08:09:19.207783+04",189,189,118,20.397,84.9000,91.0000,NULL,NULL
206,"2026-09-15 08:11:58.812218+04","2026-09-15 08:12:20.110658+04",189,189,123,21.298,84.9000,91.0000,NULL,NULL
207,"2026-09-15 08:14:58.813122+04","2026-09-15 08:15:17.387142+04",191,191,123,18.574,84.9000,91.0000,NULL,NULL
208,"2026-09-15 08:17:58.813873+04","2026-09-15 08:18:16.404928+04",188,188,120,17.591,84.9000,91.0000,NULL,NULL
209,"2026-09-15 08:20:58.814877+04","2026-09-15 08:21:17.25272+04",187,187,118,18.438,84.9000,91.0000,NULL,NULL
210,"2026-09-15 08:23:58.81581+04","2026-09-15 08:24:18.232962+04",195,195,123,19.417,84.9000,91.0000,NULL,NULL
211,"2026-09-15 08:26:58.81671+04","2026-09-15 08:27:19.212481+04",196,196,122,20.396,84.9000,91.0000,NULL,NULL
212,"2026-09-15 08:29:58.817804+04","2026-09-15 08:30:18.840051+04",198,198,123,20.022,84.4900,91.0000,NULL,NULL
213,"2026-09-15 08:32:58.818956+04","2026-09-15 08:33:29.683843+04",203,203,127,30.865,84.4900,90.9800,NULL,NULL
214,"2026-09-15 08:35:58.820099+04","2026-09-15 08:36:17.131833+04",194,194,124,18.312,84.4900,91.0000,NULL,NULL
215,"2026-09-15 08:38:58.820944+04","2026-09-15 08:39:17.681864+04",198,198,128,18.861,84.9000,91.0000,NULL,NULL
216,"2026-09-15 08:41:58.821923+04","2026-09-15 08:42:26.927292+04",203,203,132,28.105,84.4900,91.0000,NULL,NULL
217,"2026-09-15 08:44:58.822706+04","2026-09-15 08:45:25.826559+04",204,204,130,27.004,84.4900,91.0000,NULL,NULL
218,"2026-09-15 08:47:58.823753+04","2026-09-15 08:48:29.836322+04",207,207,132,31.013,84.4900,91.0000,NULL,NULL
219,"2026-09-15 08:50:58.824754+04","2026-09-15 08:51:26.68538+04",206,206,131,27.861,84.9000,91.0000,NULL,NULL
220,"2026-09-15 08:53:58.82565+04","2026-09-15 08:54:26.046328+04",207,207,131,27.221,84.9000,91.0000,NULL,NULL
221,"2026-09-15 08:56:58.826752+04","2026-09-15 08:57:29.723+04",215,215,133,30.896,84.9000,91.2400,NULL,NULL
222,"2026-09-15 08:59:58.827899+04","2026-09-15 09:00:28.851837+04",218,218,136,30.024,84.9000,91.1200,NULL,NULL
223,"2026-09-15 09:02:58.828888+04","2026-09-15 09:03:26.775209+04",212,212,131,27.946,84.9000,91.2450,NULL,NULL
224,"2026-09-15 09:05:58.829985+04","2026-09-15 09:06:27.113435+04",210,210,128,28.283,84.9000,91.5000,NULL,NULL
225,"2026-09-15 09:08:58.830988+04","2026-09-15 09:09:29.689466+04",211,211,132,30.858,84.9000,91.2900,NULL,NULL
226,"2026-09-15 09:11:58.832078+04","2026-09-15 09:12:27.008174+04",217,217,136,28.176,84.9000,91.0000,NULL,NULL
227,"2026-09-15 09:14:58.833056+04","2026-09-15 09:15:27.058184+04",219,219,135,28.225,84.9000,91.2900,NULL,NULL
228,"2026-09-15 09:17:58.834047+04","2026-09-15 09:18:30.671561+04",217,217,133,31.838,84.9000,91.2900,NULL,NULL
229,"2026-09-15 09:20:58.83483+04","2026-09-15 09:21:28.756915+04",228,228,144,29.922,84.9000,91.0000,NULL,NULL
230,"2026-09-15 09:23:58.835644+04","2026-09-15 09:24:27.814978+04",221,221,140,28.979,84.9000,91.0000,NULL,NULL
231,"2026-09-15 09:26:58.836597+04","2026-09-15 09:27:28.853561+04",227,227,145,30.017,84.9000,91.0000,NULL,NULL
232,"2026-09-15 09:29:58.837798+04","2026-09-15 09:30:28.774789+04",221,221,142,29.937,84.9000,91.0000,NULL,NULL
233,"2026-09-15 09:32:58.838684+04","2026-09-15 09:33:29.197776+04",228,228,147,30.359,84.9000,91.0000,NULL,NULL
234,"2026-09-15 09:35:58.839731+04","2026-09-15 09:36:28.168839+04",234,234,152,29.329,84.9000,91.0000,NULL,NULL
235,"2026-09-15 09:38:58.84066+04","2026-09-15 09:39:27.744741+04",237,237,150,28.904,84.9000,91.0000,NULL,NULL
236,"2026-09-15 09:41:58.841477+04","2026-09-15 09:42:28.995353+04",242,242,151,30.154,84.9000,91.3700,NULL,NULL
237,"2026-09-15 09:44:58.842573+04","2026-09-15 09:45:28.706285+04",255,255,160,29.864,84.9000,91.0000,NULL,NULL
238,"2026-09-15 09:47:58.843383+04","2026-09-15 09:48:27.723625+04",254,254,157,28.880,84.9000,91.2800,NULL,NULL
239,"2026-09-15 09:50:58.844412+04","2026-09-15 09:51:28.945055+04",254,254,162,30.101,84.9000,91.2800,NULL,NULL
240,"2026-09-15 09:53:58.845464+04","2026-09-15 09:54:27.336351+04",263,263,170,28.491,84.9000,91.0000,NULL,NULL
241,"2026-09-15 09:56:58.846496+04","2026-09-15 09:57:27.93752+04",260,260,163,29.091,84.9000,91.3500,NULL,NULL
242,"2026-09-15 09:59:58.847392+04","2026-09-15 10:00:28.109607+04",268,268,164,29.262,84.9000,91.0000,NULL,NULL
243,"2026-09-15 10:02:58.848369+04","2026-09-15 10:03:28.179057+04",271,271,167,29.331,84.9000,91.0000,NULL,NULL
244,"2026-09-15 10:05:58.849468+04","2026-09-15 10:06:28.224825+04",272,272,168,29.375,84.9000,91.0000,NULL,NULL
245,"2026-09-15 10:08:58.850584+04","2026-09-15 10:09:26.037413+04",278,278,174,27.187,84.5900,91.0000,NULL,NULL
246,"2026-09-15 11:41:40.385396+04","2026-09-15 11:42:19.080025+04",324,324,204,38.695,85.0000,91.3750,84.49560,-0.5970
247,"2026-09-15 15:50:59.86847+04","2026-09-15 15:51:39.139292+04",360,360,234,39.271,85.0000,91.4500,84.59501,-0.4787
248,"2026-09-15 15:53:19.868951+04","2026-09-15 15:53:59.795138+04",362,362,235,39.926,85.0000,91.2200,84.59600,-0.4776
249,"2026-09-15 15:55:40.4012+04","2026-09-15 15:56:17.020585+04",356,356,229,36.619,85.0000,91.4500,84.60262,-0.4697
250,"2026-09-15 15:58:00.385848+04","2026-09-15 15:58:40.049524+04",357,357,229,39.664,85.0000,91.4500,84.60273,-0.4696
251,"2026-09-15 16:00:19.873619+04","2026-09-15 16:01:00.527975+04",377,377,238,40.654,85.0000,91.0000,84.58843,-0.4866
252,"2026-09-15 16:02:40.407845+04","2026-09-15 16:03:20.023802+04",381,381,239,39.616,85.0000,91.0000,84.58931,-0.4855
253,"2026-09-15 16:05:00.400191+04","2026-09-15 16:05:38.6772+04",388,388,246,38.277,85.0000,91.0000,84.58743,-0.4877
254,"2026-09-15 18:18:02.55946+04","2026-09-15 18:18:42.400671+04",367,367,241,39.841,85.0000,91.0000,84.23658,-0.9063
255,"2026-09-15 18:20:23.069361+04","2026-09-15 18:20:58.885558+04",365,365,239,35.816,85.0000,91.0000,84.23125,-0.9127
256,"2026-09-15 18:22:43.080368+04","2026-09-15 18:23:23.9539+04",365,365,240,40.874,85.0000,91.0000,84.23140,-0.9125
257,"2026-09-15 18:25:02.565825+04","2026-09-15 18:25:39.198707+04",378,378,250,36.633,85.0000,90.9950,84.22831,-0.9162
258,"2026-09-15 18:27:23.081205+04","2026-09-15 18:28:00.953932+04",373,373,245,37.873,85.0000,91.0000,84.23477,-0.9084
259,"2026-09-15 18:29:43.072714+04","2026-09-15 18:30:20.695057+04",377,377,242,37.622,85.0000,90.9900,84.22576,-0.9192
260,"2026-09-15 18:32:02.5716+04","2026-09-15 18:32:40.658643+04",367,367,234,38.087,85.0000,91.0000,84.22852,-0.9159
261,"2026-09-15 18:34:23.076115+04","2026-09-15 18:35:03.181186+04",366,366,234,40.105,85.0000,91.0000,84.22073,-0.9253
262,"2026-09-15 18:36:43.088543+04","2026-09-15 18:37:23.080582+04",376,376,241,39.992,85.0000,91.0000,84.22213,-0.9236
263,"2026-09-15 18:39:02.581862+04","2026-09-15 18:39:43.346333+04",370,370,240,40.764,85.0000,90.9850,84.23078,-0.9132
264,"2026-09-15 18:41:23.10442+04","2026-09-15 18:42:01.88677+04",363,363,236,38.782,85.0000,91.0000,84.23445,-0.9088
265,"2026-09-15 18:43:43.122482+04","2026-09-15 18:44:22.174122+04",357,357,228,39.052,85.0000,91.0000,84.23469,-0.9085
266,"2026-09-15 18:46:02.599299+04","2026-09-15 18:46:42.335264+04",346,346,222,39.736,85.0000,91.4350,84.22836,-0.9161
267,"2026-09-15 18:48:23.122447+04","2026-09-15 18:49:03.031651+04",365,365,236,39.909,85.0000,91.0000,84.23346,-0.9100
268,"2026-09-15 18:50:43.144286+04","2026-09-15 18:51:19.035996+04",356,356,226,35.892,85.0000,91.0000,84.23166,-0.9122
269,"2026-09-15 18:53:02.616842+04","2026-09-15 18:53:48.079322+04",363,363,235,45.462,85.0000,91.0000,84.22725,-0.9175
270,"2026-09-15 18:55:23.13026+04","2026-09-15 18:56:00.938528+04",358,358,233,37.808,85.0000,91.0000,84.22425,-0.9211
271,"2026-09-15 18:57:44.141609+04","2026-09-15 18:58:24.415754+04",346,346,226,40.274,85.0000,91.0000,84.23191,-0.9119
272,"2026-09-15 19:00:02.635514+04","2026-09-15 19:00:41.275629+04",357,357,234,38.640,85.0000,91.0000,84.23498,-0.9082
273,"2026-09-15 19:02:23.167379+04","2026-09-15 19:03:03.673395+04",355,355,236,40.506,85.0000,91.0000,84.23624,-0.9067
274,"2026-09-15 19:04:43.145951+04","2026-09-15 19:05:22.510448+04",357,357,232,39.364,85.0000,91.0000,84.20782,-0.9407
275,"2026-09-15 19:07:02.650804+04","2026-09-15 19:07:39.349845+04",351,351,229,36.699,85.0000,91.0000,84.21673,-0.9301
276,"2026-09-15 19:09:23.169959+04","2026-09-15 19:10:01.026369+04",357,357,232,37.856,85.0000,91.0000,84.21408,-0.9332
277,"2026-09-15 19:11:43.027598+04","2026-09-15 19:12:19.053289+04",365,365,242,36.026,85.0000,90.9000,84.21100,-0.9369
278,"2026-09-15 19:14:02.669608+04","2026-09-15 19:14:44.774552+04",367,367,239,42.105,85.0000,90.9800,84.20650,-0.9423
279,"2026-09-15 19:16:23.195384+04","2026-09-15 19:17:02.423264+04",367,367,236,39.228,85.0000,90.9000,84.20055,-0.9495
280,"2026-09-15 19:18:43.19868+04","2026-09-15 19:19:22.033566+04",368,368,239,38.835,85.0000,91.0000,84.20907,-0.9392
281,"2026-09-15 19:21:02.686381+04","2026-09-15 19:21:37.865039+04",368,368,239,35.179,85.0000,91.0000,84.20264,-0.9470
282,"2026-09-15 19:23:23.200965+04","2026-09-15 19:23:58.818841+04",365,365,238,35.618,85.0000,91.0000,84.20991,-0.9382
283,"2026-09-15 19:25:43.19285+04","2026-09-15 19:26:19.844267+04",368,368,238,36.651,85.0000,91.0000,84.20434,-0.9449
284,"2026-09-15 19:28:02.704105+04","2026-09-15 19:28:39.378585+04",367,367,239,36.674,85.0000,91.0000,84.20510,-0.9440
285,"2026-09-15 19:30:23.301472+04","2026-09-15 19:31:04.640217+04",369,369,240,41.339,85.0000,91.0000,84.21150,-0.9363
286,"2026-09-15 19:32:43.228239+04","2026-09-15 19:33:23.297798+04",372,372,245,40.070,85.0000,90.9800,84.20717,-0.9415
287,"2026-09-15 19:35:02.708976+04","2026-09-15 19:35:43.67484+04",366,366,240,40.966,85.0000,91.0000,84.20755,-0.9411
288,"2026-09-15 19:37:23.229538+04","2026-09-15 19:38:01.868325+04",377,377,243,38.639,85.0000,90.9900,84.21296,-0.9346
289,"2026-09-15 19:39:43.206215+04","2026-09-15 19:40:22.045227+04",376,376,247,38.839,85.0000,90.9400,84.20857,-0.9398
290,"2026-09-15 19:42:02.713961+04","2026-09-15 19:42:41.533216+04",378,378,247,38.819,85.0000,91.0000,84.20664,-0.9422
291,"2026-09-15 19:44:23.234772+04","2026-09-15 19:45:02.01042+04",374,374,245,38.776,85.0000,90.9800,84.19860,-0.9518
292,"2026-09-15 19:46:43.234797+04","2026-09-15 19:47:19.809761+04",381,381,248,36.575,85.0000,91.0000,84.21029,-0.9378
293,"2026-09-15 19:49:02.718094+04","2026-09-15 19:49:43.600275+04",374,374,243,40.882,85.0000,91.0000,84.20964,-0.9386
294,"2026-09-15 19:51:23.21338+04","2026-09-15 19:52:00.98878+04",366,366,235,37.775,85.0000,91.0000,84.21398,-0.9334
295,"2026-09-15 19:53:45.33512+04","2026-09-15 19:54:25.311864+04",371,371,239,39.977,85.0000,91.0000,84.20665,-0.9421
296,"2026-09-15 19:56:02.723456+04","2026-09-15 19:56:43.889673+04",361,361,232,41.166,85.0000,91.0000,84.20732,-0.9413
297,"2026-09-15 19:58:23.252471+04","2026-09-15 19:59:07.506992+04",356,356,230,44.255,85.0000,91.0000,84.20975,-0.9384
298,"2026-09-15 20:00:43.245054+04","2026-09-15 20:01:20.937344+04",351,351,227,37.692,85.0000,91.0000,84.20036,-0.9497
299,"2026-09-15 20:03:02.727848+04","2026-09-15 20:03:39.048104+04",356,356,235,36.320,85.0000,90.9850,84.21109,-0.9368
300,"2026-09-15 20:05:23.291538+04","2026-09-15 20:06:04.965262+04",354,354,234,41.674,85.0000,90.9850,84.23468,-0.9086
301,"2026-09-15 20:07:43.384941+04","2026-09-15 20:08:20.850991+04",340,340,225,37.466,85.0000,91.0000,84.21385,-0.9335
302,"2026-09-15 20:10:02.733943+04","2026-09-15 20:10:42.876206+04",346,346,232,40.142,85.0000,91.0000,84.23014,-0.9140
303,"2026-09-15 20:12:23.307527+04","2026-09-15 20:13:03.273327+04",340,340,223,39.966,85.0000,91.1000,84.21557,-0.9315
304,"2026-09-15 20:14:43.280247+04","2026-09-15 20:15:23.417774+04",343,343,226,40.138,85.0000,91.0000,84.20892,-0.9394
305,"2026-09-15 20:17:02.737915+04","2026-09-15 20:17:40.989951+04",344,344,228,38.252,85.0000,91.0000,84.20625,-0.9426
306,"2026-09-15 20:19:23.437823+04","2026-09-15 20:20:04.078211+04",346,346,233,40.640,85.0000,91.0000,84.20596,-0.9430
307,"2026-09-15 20:21:43.279346+04","2026-09-15 20:22:22.297702+04",336,336,223,39.018,85.0000,91.0000,84.21272,-0.9349
308,"2026-09-15 20:24:02.744162+04","2026-09-15 20:24:43.510768+04",340,340,226,40.767,85.0000,91.0000,84.20274,-0.9468
309,"2026-09-15 20:26:23.175551+04","2026-09-15 20:27:02.937086+04",343,343,225,39.762,85.0000,91.0000,84.20684,-0.9419
310,"2026-09-15 20:28:43.314558+04","2026-09-15 20:29:20.21845+04",346,346,222,36.904,85.0000,91.0000,84.21007,-0.9380
311,"2026-09-15 20:31:02.75225+04","2026-09-15 20:31:42.897509+04",335,335,222,40.145,85.0000,91.0000,84.20839,-0.9401
312,"2026-09-15 20:33:23.246321+04","2026-09-15 20:34:01.98167+04",326,326,212,38.735,85.0000,91.4450,84.21342,-0.9340
313,"2026-09-15 20:35:43.300672+04","2026-09-15 20:36:23.04673+04",318,318,202,39.746,85.0000,91.5250,84.20554,-0.9435
314,"2026-09-15 20:38:02.762831+04","2026-09-15 20:38:40.707988+04",323,323,205,37.945,85.0000,91.9000,84.20833,-0.9401
315,"2026-09-15 20:40:23.319713+04","2026-09-15 20:41:02.546834+04",326,326,207,39.227,84.5000,91.5250,84.20689,-0.3481
316,"2026-09-15 20:42:43.318502+04","2026-09-15 20:43:20.968911+04",321,321,200,37.650,85.0000,91.9000,84.21650,-0.9303
317,"2026-09-15 20:45:02.781368+04","2026-09-15 20:45:41.445509+04",331,331,208,38.664,85.0000,91.5000,84.21056,-0.9375
318,"2026-09-15 20:47:23.292253+04","2026-09-15 20:48:05.166543+04",333,333,209,41.874,85.0000,91.9400,84.20678,-0.9420
319,"2026-09-15 20:49:43.302809+04","2026-09-15 20:50:20.144527+04",324,324,207,36.842,85.0000,91.9400,84.20912,-0.9392
320,"2026-09-15 20:52:02.799352+04","2026-09-15 20:52:41.090064+04",315,315,201,38.291,85.0000,92.0000,84.21869,-0.9277
321,"2026-09-15 20:54:23.306067+04","2026-09-15 20:55:03.620608+04",314,314,198,40.315,85.0000,92.0000,84.20976,-0.9384
322,"2026-09-15 20:56:43.324589+04","2026-09-15 20:57:24.222933+04",309,309,197,40.898,85.0000,91.9400,84.22131,-0.9246
323,"2026-09-15 20:59:02.815537+04","2026-09-15 20:59:40.807977+04",300,300,193,37.992,85.0000,91.9900,84.21141,-0.9364
324,"2026-09-15 21:01:23.340173+04","2026-09-15 21:01:51.677366+04",293,293,187,28.337,85.0000,92.0000,84.20160,-0.9482
325,"2026-09-15 21:03:43.322541+04","2026-09-15 21:04:13.602733+04",296,296,191,30.280,85.0000,92.0000,84.23612,-0.9068
326,"2026-09-15 21:06:02.823126+04","2026-09-15 21:06:32.500931+04",294,294,191,29.678,85.0000,92.0000,84.20580,-0.9432
327,"2026-09-15 21:08:23.339744+04","2026-09-15 21:08:52.469885+04",292,292,190,29.130,85.0000,92.0000,84.20704,-0.9417
328,"2026-09-15 21:10:43.326608+04","2026-09-15 21:11:13.525107+04",290,290,191,30.198,76.2700,92.0000,84.21019,9.4290
329,"2026-09-15 21:13:02.824615+04","2026-09-15 21:13:29.273743+04",285,285,185,26.449,85.0000,92.0000,84.20764,-0.9410
330,"2026-09-15 21:15:24.357979+04","2026-09-15 21:15:50.37607+04",288,288,187,26.018,85.0000,92.0000,84.21081,-0.9372
331,"2026-09-15 21:17:43.337219+04","2026-09-15 21:18:17.710259+04",284,284,185,34.373,85.0000,92.1100,84.20464,-0.9446
332,"2026-09-15 21:20:02.829854+04","2026-09-15 21:20:33.103613+04",286,286,189,30.274,85.0000,92.0000,84.21371,-0.9337
333,"2026-09-15 21:22:23.335489+04","2026-09-15 21:22:54.732951+04",285,285,188,31.397,85.0000,92.0000,84.21386,-0.9335
334,"2026-09-15 21:24:43.355824+04","2026-09-15 21:25:12.37532+04",281,281,182,29.019,85.0000,92.0000,84.20776,-0.9408
335,"2026-09-15 21:27:02.834951+04","2026-09-15 21:27:31.908612+04",287,287,183,29.074,85.0000,92.0000,84.21013,-0.9380
336,"2026-09-15 21:29:23.355436+04","2026-09-15 21:29:54.590303+04",283,283,181,31.235,85.0000,92.0000,84.21141,-0.9364
337,"2026-09-15 21:31:43.350629+04","2026-09-15 21:32:12.624653+04",280,280,180,29.274,85.0000,92.0000,84.20365,-0.9457
338,"2026-09-15 21:34:02.840693+04","2026-09-15 21:34:31.415078+04",277,277,180,28.574,85.0000,92.0000,84.21044,-0.9376
339,"2026-09-15 21:36:23.342673+04","2026-09-15 21:36:54.268179+04",283,283,186,30.926,85.0000,92.0000,84.20011,-0.9500
340,"2026-09-15 21:38:43.351737+04","2026-09-15 21:39:12.605048+04",281,281,181,29.253,85.0000,92.0000,84.20491,-0.9442
341,"2026-09-15 21:41:02.844121+04","2026-09-15 21:41:30.076274+04",284,284,183,27.232,84.9000,92.0000,84.20468,-0.8257
342,"2026-09-15 21:43:23.35762+04","2026-09-15 21:43:54.43101+04",281,281,181,31.073,85.0000,92.0000,84.20480,-0.9444
343,"2026-09-15 21:45:43.369881+04","2026-09-15 21:46:11.310511+04",277,277,178,27.941,85.0000,92.0000,84.21259,-0.9350
344,"2026-09-15 21:48:02.849446+04","2026-09-15 21:48:31.442969+04",278,278,178,28.594,84.5000,92.0000,84.21301,-0.3408
345,"2026-09-15 21:50:23.341296+04","2026-09-15 21:50:50.424872+04",287,287,189,27.084,84.5000,92.0000,84.21062,-0.3436
346,"2026-09-15 21:52:43.347656+04","2026-09-15 21:53:11.612902+04",287,287,190,28.265,84.5000,91.9800,84.21215,-0.3418
347,"2026-09-15 21:55:02.853047+04","2026-09-15 21:55:33.926527+04",275,275,181,31.073,84.5000,92.0000,84.19922,-0.3572
348,"2026-09-15 21:57:23.378541+04","2026-09-15 21:57:51.118168+04",278,278,184,27.740,84.5000,92.0000,84.21132,-0.3428
349,"2026-09-15 21:59:43.362237+04","2026-09-15 22:00:15.312505+04",262,262,175,31.950,84.5000,92.0000,84.20569,-0.3495
350,"2026-09-15 22:02:02.862884+04","2026-09-15 22:02:30.844965+04",266,266,171,27.982,84.5000,92.0000,84.20794,-0.3468
351,"2026-09-15 22:04:23.370614+04","2026-09-15 22:04:52.442228+04",273,273,175,29.072,84.5000,92.0000,84.24102,-0.3074
352,"2026-09-15 22:06:43.366976+04","2026-09-15 22:07:14.411533+04",273,273,175,31.045,84.5000,92.0000,84.21292,-0.3409
353,"2026-09-15 22:09:02.867702+04","2026-09-15 22:09:34.288958+04",269,269,172,31.421,84.5000,92.0000,84.20634,-0.3487
354,"2026-09-15 22:11:23.381361+04","2026-09-15 22:11:50.759671+04",266,266,169,27.378,84.5000,92.0000,84.20374,-0.3518
355,"2026-09-15 22:13:43.36727+04","2026-09-15 22:14:12.611203+04",259,259,162,29.244,84.5000,92.0000,84.20617,-0.3489
356,"2026-09-15 22:16:02.873225+04","2026-09-15 22:16:33.014779+04",263,263,165,30.142,84.5000,92.0000,84.20575,-0.3494
357,"2026-09-15 22:18:24.108457+04","2026-09-15 22:18:53.11645+04",266,266,169,29.008,84.5000,92.0000,84.21036,-0.3439
358,"2026-09-15 22:20:43.600791+04","2026-09-15 22:21:14.225802+04",268,268,170,30.625,84.5000,92.0000,84.20204,-0.3539
359,"2026-09-15 22:23:02.886625+04","2026-09-15 22:23:31.606007+04",262,262,166,28.719,84.5000,92.0000,84.21170,-0.3424
360,"2026-09-15 22:25:23.586876+04","2026-09-15 22:25:53.143678+04",259,259,166,29.557,84.5000,92.0000,84.20840,-0.3463
361,"2026-09-15 22:27:43.579846+04","2026-09-15 22:28:13.420064+04",263,263,172,29.840,84.5000,92.0000,84.20573,-0.3495
362,"2026-09-15 22:30:02.895798+04","2026-09-15 22:30:32.718259+04",252,252,164,29.822,84.5000,92.0000,84.21026,-0.3441
363,"2026-09-15 22:32:23.574017+04","2026-09-15 22:32:54.201484+04",243,243,159,30.627,84.5000,92.0000,84.21339,-0.3403
364,"2026-09-15 22:34:43.583279+04","2026-09-15 22:35:12.047181+04",248,248,162,28.464,84.5000,92.1100,84.20386,-0.3517
365,"2026-09-15 22:37:02.91063+04","2026-09-15 22:37:32.454248+04",253,253,167,29.544,84.5000,92.3000,84.21517,-0.3382
366,"2026-09-15 22:39:23.613431+04","2026-09-15 22:39:51.274374+04",257,257,169,27.661,84.5000,92.0000,84.20589,-0.3493
367,"2026-09-15 22:41:43.623509+04","2026-09-15 22:42:13.449298+04",257,257,169,29.826,84.5000,92.3000,84.21609,-0.3371
368,"2026-09-15 22:44:02.920233+04","2026-09-15 22:44:31.40095+04",261,261,171,28.481,84.5000,92.2200,84.21186,-0.3422
369,"2026-09-15 22:46:23.612544+04","2026-09-15 22:46:55.537071+04",261,261,172,31.925,84.5000,92.3000,84.21599,-0.3372
370,"2026-09-15 22:48:43.612414+04","2026-09-15 22:49:15.519138+04",257,257,166,31.907,84.5000,92.3000,84.21104,-0.3431
371,"2026-09-15 22:51:02.928223+04","2026-09-15 22:51:33.499072+04",260,260,170,30.571,85.0000,92.3000,84.20243,-0.9472
372,"2026-09-15 22:53:23.655609+04","2026-09-15 22:53:54.468195+04",251,251,160,30.813,85.0000,92.4800,84.20932,-0.9389
373,"2026-09-15 22:55:43.61376+04","2026-09-15 22:56:13.1819+04",252,252,165,29.568,84.9000,92.3800,84.20514,-0.8252
374,"2026-09-15 22:58:02.941921+04","2026-09-15 22:58:31.411726+04",249,249,163,28.470,85.0000,92.4000,84.20846,-0.9400
375,"2026-09-15 23:00:23.66151+04","2026-09-15 23:00:52.08388+04",246,246,160,28.422,85.0000,92.4400,84.20954,-0.9387
376,"2026-09-15 23:02:43.984444+04","2026-09-15 23:03:13.086844+04",246,246,157,29.102,85.0000,92.3800,84.19936,-0.9509
377,"2026-09-15 23:05:02.94058+04","2026-09-15 23:05:33.397352+04",247,247,159,30.457,85.0000,92.5000,84.21074,-0.9372
378,"2026-09-15 23:07:23.542805+04","2026-09-15 23:07:51.743941+04",245,245,157,28.201,85.0000,92.5000,84.20869,-0.9397
379,"2026-09-15 23:09:43.505854+04","2026-09-15 23:10:12.01743+04",244,244,156,28.512,85.0000,92.4900,84.21630,-0.9306
380,"2026-09-15 23:12:02.945332+04","2026-09-15 23:12:31.118311+04",240,240,154,28.173,85.0000,92.4900,84.21008,-0.9380
381,"2026-09-15 23:14:23.474605+04","2026-09-15 23:14:49.361341+04",237,237,153,25.887,85.0000,92.5000,84.20502,-0.9441
382,"2026-09-15 23:16:43.482772+04","2026-09-15 23:17:12.614715+04",241,241,156,29.132,85.0000,92.4800,84.20585,-0.9431
383,"2026-09-15 23:19:02.95346+04","2026-09-15 23:19:30.903035+04",238,238,154,27.950,85.0000,92.5000,84.20921,-0.9391
384,"2026-09-15 23:21:23.452355+04","2026-09-15 23:21:51.655463+04",239,239,153,28.203,85.0000,92.4000,84.21026,-0.9378
385,"2026-09-15 23:23:43.734414+04","2026-09-15 23:24:13.925205+04",243,243,155,30.191,85.0000,92.3000,84.21062,-0.9374
386,"2026-09-15 23:26:02.956216+04","2026-09-15 23:26:31.974315+04",263,263,174,29.018,85.0000,92.0000,84.21399,-0.9333
387,"2026-09-15 23:28:23.453612+04","2026-09-15 23:28:55.623304+04",265,265,179,32.170,85.0000,92.0000,84.21061,-0.9374
388,"2026-09-15 23:30:43.459582+04","2026-09-15 23:31:14.659355+04",251,251,163,31.200,85.0000,92.0000,84.20232,-0.9473
389,"2026-09-15 23:33:02.963179+04","2026-09-15 23:33:31.184548+04",250,250,163,28.221,85.0000,92.0000,84.21107,-0.9368
390,"2026-09-15 23:35:23.456922+04","2026-09-15 23:35:53.65945+04",249,249,162,30.203,85.0000,92.3000,84.20729,-0.9414
391,"2026-09-15 23:37:43.484424+04","2026-09-15 23:38:13.053847+04",257,257,170,29.569,85.0000,92.0000,84.20742,-0.9412
392,"2026-09-15 23:40:02.9684+04","2026-09-15 23:40:35.023947+04",257,257,170,32.056,85.0000,92.0000,84.20893,-0.9394
393,"2026-09-15 23:42:23.48582+04","2026-09-15 23:42:50.871393+04",265,265,173,27.386,85.0000,92.0000,84.20902,-0.9393
394,"2026-09-15 23:44:43.475137+04","2026-09-15 23:45:13.420338+04",271,271,178,29.945,85.0000,92.0000,84.21001,-0.9381
395,"2026-09-15 23:47:02.97406+04","2026-09-15 23:47:31.947012+04",260,260,174,28.973,85.0000,92.0000,84.20713,-0.9416
396,"2026-09-15 23:49:23.482152+04","2026-09-15 23:49:52.552375+04",259,259,175,29.070,85.0000,91.9900,84.20851,-0.9399
397,"2026-09-15 23:51:43.503337+04","2026-09-15 23:52:14.412879+04",259,259,173,30.910,85.0000,92.0000,84.21238,-0.9353
398,"2026-09-15 23:54:02.976875+04","2026-09-15 23:54:30.899755+04",259,259,173,27.923,85.0000,91.9000,84.20287,-0.9467
399,"2026-09-15 23:56:23.489756+04","2026-09-15 23:56:55.325881+04",253,253,169,31.836,85.0000,91.9900,84.21638,-0.9305
400,"2026-09-15 23:58:43.478155+04","2026-09-15 23:59:13.67616+04",250,250,167,30.198,85.0000,91.9950,84.20895,-0.9394
401,"2026-09-16 00:01:02.984546+04","2026-09-16 00:01:31.321136+04",248,248,167,28.337,85.0000,91.9800,84.21434,-0.9329
402,"2026-09-16 00:03:23.499129+04","2026-09-16 00:03:52.854684+04",248,248,165,29.356,85.0000,92.0000,84.20477,-0.9444
403,"2026-09-16 00:05:43.499902+04","2026-09-16 00:06:13.469476+04",251,251,167,29.970,85.0000,91.9800,84.19923,-0.9510
404,"2026-09-16 00:08:02.989557+04","2026-09-16 00:08:31.946597+04",254,254,170,28.957,85.0000,91.8400,84.21604,-0.9309
405,"2026-09-16 00:10:23.489569+04","2026-09-16 00:10:51.535034+04",248,248,165,28.045,85.0000,91.9850,84.20886,-0.9395
406,"2026-09-16 00:12:43.526397+04","2026-09-16 00:13:12.252263+04",245,245,162,28.726,85.0000,91.9000,84.21224,-0.9354
407,"2026-09-16 00:15:02.996633+04","2026-09-16 00:15:33.883279+04",247,247,166,30.887,85.0000,91.5000,84.19817,-0.9523
408,"2026-09-16 00:17:23.780123+04","2026-09-16 00:17:56.769961+04",240,240,160,32.990,85.0000,91.9400,84.21335,-0.9341
409,"2026-09-16 00:19:43.468663+04","2026-09-16 00:20:15.167993+04",233,233,155,31.699,85.0000,91.9900,84.20052,-0.9495
410,"2026-09-16 00:22:02.999476+04","2026-09-16 00:22:33.860833+04",232,232,153,30.861,85.0000,91.9800,84.20880,-0.9396
411,"2026-09-16 00:24:23.993845+04","2026-09-16 00:24:55.191647+04",233,233,153,31.198,85.0000,91.9000,84.19401,-0.9573
412,"2026-09-16 00:26:43.957777+04","2026-09-16 00:27:12.810099+04",228,228,152,28.852,85.0000,91.2000,84.19623,-0.9546
413,"2026-09-16 00:29:03.013547+04","2026-09-16 00:29:35.185658+04",233,233,155,32.172,85.0000,91.0000,84.20382,-0.9455
414,"2026-09-16 00:31:23.685675+04","2026-09-16 00:31:51.435609+04",238,238,158,27.750,85.0000,90.9900,84.20602,-0.9429
415,"2026-09-16 00:33:43.878294+04","2026-09-16 00:34:12.608598+04",231,231,152,28.730,85.0000,91.0000,84.20147,-0.9484
416,"2026-09-16 00:36:03.01711+04","2026-09-16 00:36:34.56337+04",229,229,149,31.546,85.0000,91.0000,84.19600,-0.9549
417,"2026-09-16 00:38:23.701338+04","2026-09-16 00:38:51.275682+04",223,223,145,27.574,85.0000,91.0000,84.20656,-0.9423
418,"2026-09-16 00:40:43.925363+04","2026-09-16 00:41:14.605129+04",223,223,146,30.680,85.0000,91.0000,84.19824,-0.9522
419,"2026-09-16 00:43:03.021952+04","2026-09-16 00:43:35.82655+04",218,218,141,32.805,85.0000,90.9950,84.21127,-0.9366
420,"2026-09-16 00:45:23.882373+04","2026-09-16 00:45:53.572789+04",212,212,138,29.690,85.0000,91.0000,84.20855,-0.9399
421,"2026-09-16 00:47:44.06224+04","2026-09-16 00:48:14.692856+04",212,212,136,30.631,85.0000,91.0000,84.20057,-0.9494
422,"2026-09-16 00:50:03.028038+04","2026-09-16 00:50:33.055024+04",213,213,139,30.027,85.0000,91.0000,84.19798,-0.9525
423,"2026-09-16 00:52:23.832105+04","2026-09-16 00:52:54.483679+04",205,205,137,30.652,85.0000,90.9000,84.20883,-0.9395
424,"2026-09-16 00:54:43.847199+04","2026-09-16 00:55:04.119081+04",199,199,135,20.272,85.0000,90.9000,84.20558,-0.9434
425,"2026-09-16 00:57:03.03344+04","2026-09-16 00:57:24.708817+04",198,198,134,21.675,85.0000,90.9000,84.20778,-0.9408
426,"2026-09-16 00:59:23.814859+04","2026-09-16 00:59:43.664703+04",197,197,132,19.850,85.0000,90.9000,84.20133,-0.9485
427,"2026-09-16 01:01:43.713393+04","2026-09-16 01:02:04.021081+04",198,198,134,20.308,85.0000,90.9150,84.20074,-0.9492
428,"2026-09-16 01:04:03.038048+04","2026-09-16 01:04:22.943467+04",193,193,132,19.905,85.0000,90.9000,84.23878,-0.9036
429,"2026-09-16 01:06:23.629013+04","2026-09-16 01:06:44.449166+04",189,189,129,20.820,85.0000,90.9900,84.22581,-0.9192
430,"2026-09-16 01:08:44.103634+04","2026-09-16 01:09:04.512326+04",188,188,130,20.409,85.0000,90.9400,84.20866,-0.9397
431,"2026-09-16 01:11:03.043333+04","2026-09-16 01:11:23.378045+04",193,193,130,20.335,85.0000,90.9000,84.22536,-0.9197
432,"2026-09-16 01:13:24.025095+04","2026-09-16 01:13:42.449045+04",195,195,131,18.424,85.0000,90.5000,84.21339,-0.9341
433,"2026-09-16 01:15:43.882739+04","2026-09-16 01:16:04.320223+04",191,191,129,20.437,85.0000,90.6000,84.20955,-0.9387
434,"2026-09-16 01:18:03.047945+04","2026-09-16 01:18:22.360091+04",190,190,127,19.312,85.0000,90.8500,84.20880,-0.9396
435,"2026-09-16 01:20:23.748248+04","2026-09-16 01:20:46.557437+04",184,184,121,22.809,85.0000,90.9000,84.22141,-0.9245
436,"2026-09-16 01:22:44.001751+04","2026-09-16 01:23:04.541455+04",180,180,122,20.540,85.0000,90.9000,84.21413,-0.9332
437,"2026-09-16 01:25:03.052431+04","2026-09-16 01:25:23.326735+04",180,180,121,20.274,85.0000,90.9000,84.20876,-0.9396
438,"2026-09-16 01:27:23.76731+04","2026-09-16 01:27:46.304676+04",186,186,128,22.537,85.0000,90.5600,84.21205,-0.9357
439,"2026-09-16 01:29:43.912813+04","2026-09-16 01:30:06.891437+04",185,185,124,22.979,85.0000,90.8000,84.21834,-0.9281
440,"2026-09-16 01:32:03.056951+04","2026-09-16 01:32:22.270534+04",187,187,126,19.214,85.0000,90.8000,84.20309,-0.9464
441,"2026-09-16 01:34:23.920301+04","2026-09-16 01:34:44.179173+04",182,182,120,20.259,85.0000,90.8500,84.24461,-0.8967
442,"2026-09-16 01:36:43.94778+04","2026-09-16 01:37:04.40917+04",181,181,122,20.461,85.0000,90.9000,84.21431,-0.9330
443,"2026-09-16 01:39:03.063972+04","2026-09-16 01:39:22.45524+04",178,178,122,19.391,85.0000,90.9200,84.20754,-0.9411
444,"2026-09-16 01:41:23.801236+04","2026-09-16 01:41:44.959606+04",179,179,120,21.158,85.0000,90.9000,84.21206,-0.9357
445,"2026-09-16 01:43:43.905387+04","2026-09-16 01:44:04.544007+04",172,172,117,20.639,85.0000,90.9000,84.21355,-0.9339
446,"2026-09-16 01:46:03.066827+04","2026-09-16 01:46:25.487322+04",171,171,117,22.420,85.0000,90.9000,84.21136,-0.9365
447,"2026-09-16 01:48:24.022687+04","2026-09-16 01:48:43.289465+04",164,164,114,19.267,85.0000,90.9000,84.21353,-0.9339
448,"2026-09-16 01:50:43.64634+04","2026-09-16 01:51:03.905478+04",166,166,120,20.259,85.0000,90.7650,84.21513,-0.9320
449,"2026-09-16 01:53:03.072996+04","2026-09-16 01:53:21.858916+04",165,165,119,18.786,85.0000,90.9000,84.21444,-0.9328
450,"2026-09-16 01:55:23.973168+04","2026-09-16 01:55:46.479472+04",164,164,119,22.506,85.0000,90.8500,84.20211,-0.9476
451,"2026-09-16 01:57:43.953315+04","2026-09-16 01:58:04.859649+04",159,159,114,20.906,85.0000,90.9800,84.21475,-0.9324
452,"2026-09-16 02:00:03.076046+04","2026-09-16 02:00:23.041006+04",161,161,118,19.965,85.0000,90.9000,84.19533,-0.9557
453,"2026-09-16 02:02:23.78474+04","2026-09-16 02:02:44.094866+04",158,158,113,20.310,85.0000,90.9950,84.19675,-0.9540
454,"2026-09-16 02:04:43.918086+04","2026-09-16 02:05:04.230385+04",164,164,115,20.312,85.0000,90.9600,84.20328,-0.9462
455,"2026-09-16 02:07:03.082099+04","2026-09-16 02:07:23.565674+04",163,163,117,20.484,85.0000,90.9000,84.19774,-0.9528
456,"2026-09-16 02:09:23.749618+04","2026-09-16 02:09:41.826794+04",164,164,119,18.077,85.0000,90.8000,84.20478,-0.9444
457,"2026-09-16 02:11:43.519607+04","2026-09-16 02:12:05.330499+04",167,167,119,21.811,85.0000,90.8000,84.20704,-0.9417
458,"2026-09-16 02:14:03.088785+04","2026-09-16 02:14:22.832241+04",168,168,117,19.743,85.0000,90.8500,84.21127,-0.9366
459,"2026-09-16 02:16:23.903646+04","2026-09-16 02:16:43.490149+04",165,165,114,19.587,85.0000,90.9000,84.19749,-0.9531
460,"2026-09-16 02:18:44.144586+04","2026-09-16 02:19:04.134666+04",161,161,113,19.990,85.0000,90.8000,84.19935,-0.9509
461,"2026-09-16 02:21:03.092793+04","2026-09-16 02:21:22.164107+04",162,162,114,19.071,85.0000,90.7650,84.19346,-0.9580
462,"2026-09-16 02:23:24.043777+04","2026-09-16 02:23:45.920018+04",162,162,112,21.876,85.0000,90.7650,84.20732,-0.9413
463,"2026-09-16 02:25:44.087244+04","2026-09-16 02:26:06.014422+04",162,162,112,21.927,85.0000,90.6200,84.20154,-0.9483
464,"2026-09-16 02:28:03.100012+04","2026-09-16 02:28:23.310608+04",155,155,109,20.211,85.0000,90.6000,84.20271,-0.9469
465,"2026-09-16 02:30:23.839088+04","2026-09-16 02:30:43.50808+04",155,155,109,19.669,85.0000,90.6400,84.20466,-0.9445
466,"2026-09-16 02:32:44.354745+04","2026-09-16 02:33:04.904196+04",151,151,105,20.549,85.0000,90.8000,84.20625,-0.9426
467,"2026-09-16 02:35:03.104596+04","2026-09-16 02:35:22.831265+04",150,150,104,19.727,85.0000,90.8000,84.20707,-0.9416
468,"2026-09-16 02:37:24.009132+04","2026-09-16 02:37:42.971823+04",159,159,113,18.963,84.9900,90.6000,84.20424,-0.9332
469,"2026-09-16 02:39:43.72975+04","2026-09-16 02:40:03.427884+04",165,165,114,19.698,84.9900,90.1000,84.20556,-0.9316
470,"2026-09-16 02:42:03.110576+04","2026-09-16 02:42:25.343345+04",160,160,111,22.233,84.9900,90.0500,84.20430,-0.9331
471,"2026-09-16 02:44:24.038002+04","2026-09-16 02:44:45.685453+04",159,159,112,21.647,84.9900,90.1000,84.20172,-0.9362
472,"2026-09-16 02:46:43.912266+04","2026-09-16 02:47:02.918934+04",159,159,110,19.007,85.0000,90.5200,84.20765,-0.9409
473,"2026-09-16 02:49:03.114573+04","2026-09-16 02:49:23.225274+04",155,155,108,20.111,85.0000,90.1000,84.20571,-0.9433
474,"2026-09-16 02:51:23.975415+04","2026-09-16 02:51:45.142989+04",154,154,106,21.168,85.0000,90.6650,84.20267,-0.9469
475,"2026-09-16 02:53:43.788218+04","2026-09-16 02:54:02.827469+04",147,147,99,19.039,85.0000,90.8000,84.21399,-0.9333
476,"2026-09-16 02:56:03.121198+04","2026-09-16 02:56:20.986639+04",140,140,94,17.865,85.0000,90.9600,84.20273,-0.9468
477,"2026-09-16 02:58:23.958148+04","2026-09-16 02:58:42.94305+04",136,136,92,18.985,85.0000,90.9600,84.20644,-0.9424
478,"2026-09-16 03:00:43.929003+04","2026-09-16 03:01:03.724972+04",139,139,96,19.796,85.0000,90.8000,84.20148,-0.9483
479,"2026-09-16 03:03:03.125423+04","2026-09-16 03:03:21.657203+04",138,138,93,18.532,85.0000,90.8500,84.21686,-0.9299
480,"2026-09-16 03:05:23.985549+04","2026-09-16 03:05:42.878302+04",139,139,96,18.893,85.0000,90.8000,84.21189,-0.9359
481,"2026-09-16 03:07:43.882471+04","2026-09-16 03:08:01.855001+04",140,140,97,17.973,85.0000,90.7750,84.21613,-0.9308
482,"2026-09-16 03:10:03.13089+04","2026-09-16 03:10:20.748583+04",140,140,99,17.618,85.0000,90.8000,84.21798,-0.9286
483,"2026-09-16 03:12:23.937066+04","2026-09-16 03:12:45.052231+04",141,141,99,21.115,85.0000,90.8000,84.21425,-0.9330
484,"2026-09-16 03:14:43.871513+04","2026-09-16 03:15:03.753314+04",136,136,95,19.882,85.0000,90.8500,84.21365,-0.9338
485,"2026-09-16 03:17:03.136962+04","2026-09-16 03:17:24.029375+04",139,139,98,20.892,84.9900,90.9000,84.20557,-0.9316
486,"2026-09-16 03:19:23.947323+04","2026-09-16 03:19:43.128874+04",138,138,95,19.182,85.0000,90.9600,84.20543,-0.9436
487,"2026-09-16 03:21:43.875206+04","2026-09-16 03:22:01.687732+04",140,140,98,17.813,84.9900,90.9200,84.21042,-0.9258
488,"2026-09-16 03:24:03.141589+04","2026-09-16 03:24:25.293091+04",134,134,94,22.152,84.9900,91.0000,84.21845,-0.9161
489,"2026-09-16 03:26:24.109251+04","2026-09-16 03:26:42.02783+04",138,138,94,17.919,84.9900,91.0000,84.21035,-0.9258
490,"2026-09-16 03:28:44.164232+04","2026-09-16 03:29:04.44292+04",132,132,91,20.279,84.9900,90.9700,84.21789,-0.9168
491,"2026-09-16 03:31:03.146775+04","2026-09-16 03:31:23.730842+04",138,138,95,20.584,84.9900,91.0000,84.21206,-0.9238
492,"2026-09-16 03:33:24.181779+04","2026-09-16 03:33:43.387769+04",131,131,90,19.206,84.9800,91.0000,84.20801,-0.9168
493,"2026-09-16 03:35:43.860007+04","2026-09-16 03:36:04.293399+04",136,136,93,20.433,85.0000,91.0000,84.21222,-0.9355
494,"2026-09-16 03:38:03.149834+04","2026-09-16 03:38:23.596893+04",137,137,95,20.447,85.0000,90.9000,84.20793,-0.9406
495,"2026-09-16 03:40:24.111898+04","2026-09-16 03:40:45.983774+04",139,139,96,21.872,85.0000,91.0000,84.21213,-0.9356
496,"2026-09-16 03:42:43.90673+04","2026-09-16 03:43:04.298115+04",138,138,98,20.391,84.9700,90.7400,84.21079,-0.9016
497,"2026-09-16 03:45:03.155141+04","2026-09-16 03:45:22.650474+04",139,139,94,19.495,85.0000,90.9400,84.21044,-0.9376
498,"2026-09-16 03:47:23.978895+04","2026-09-16 03:47:42.22848+04",135,135,91,18.250,84.9700,91.0000,84.21018,-0.9023
499,"2026-09-16 03:49:43.998394+04","2026-09-16 03:50:04.084878+04",140,140,95,20.086,84.9700,90.9700,84.20660,-0.9066
500,"2026-09-16 03:52:03.159722+04","2026-09-16 03:52:21.010411+04",131,131,86,17.851,85.0000,91.0000,84.20200,-0.9477
501,"2026-09-16 03:54:23.753983+04","2026-09-16 03:54:43.760769+04",133,133,88,20.007,85.0000,91.0000,84.21014,-0.9380
502,"2026-09-16 03:56:44.007216+04","2026-09-16 03:57:04.906572+04",135,135,90,20.899,85.0000,91.0000,84.20936,-0.9389
503,"2026-09-16 03:59:03.165116+04","2026-09-16 03:59:22.279147+04",129,129,89,19.114,84.9900,91.0000,84.20702,-0.9298
504,"2026-09-16 04:01:24.923533+04","2026-09-16 04:01:46.842015+04",129,129,86,21.918,84.9900,91.0000,84.20467,-0.9326
505,"2026-09-16 04:03:43.783764+04","2026-09-16 04:04:05.23465+04",130,130,85,21.451,84.9900,91.0000,84.20274,-0.9350
506,"2026-09-16 04:06:03.1715+04","2026-09-16 04:06:22.296397+04",128,128,84,19.125,84.9900,91.2500,84.20216,-0.9357
507,"2026-09-16 04:08:23.701099+04","2026-09-16 04:08:42.945241+04",131,131,87,19.244,84.8900,91.0000,84.19836,-0.8214
508,"2026-09-16 04:10:43.680766+04","2026-09-16 04:11:01.255281+04",128,128,83,17.575,85.0000,91.0000,84.19992,-0.9502
509,"2026-09-16 04:13:03.175711+04","2026-09-16 04:13:23.975614+04",133,133,87,20.800,85.0000,90.8000,84.20701,-0.9417
510,"2026-09-16 04:15:23.695799+04","2026-09-16 04:15:43.025205+04",136,136,87,19.329,85.0000,90.9200,84.20251,-0.9471
511,"2026-09-16 04:17:43.701794+04","2026-09-16 04:18:04.23417+04",131,131,85,20.532,85.0000,90.9000,84.20123,-0.9486
512,"2026-09-16 04:20:03.180661+04","2026-09-16 04:20:22.824493+04",132,132,85,19.644,84.9900,90.9200,84.19696,-0.9419
513,"2026-09-16 04:22:23.691974+04","2026-09-16 04:22:44.964072+04",133,133,85,21.272,84.5900,90.9000,84.21307,-0.4476
514,"2026-09-16 04:24:43.704229+04","2026-09-16 04:25:02.998678+04",133,133,84,19.294,84.5900,91.0000,84.20653,-0.4554
515,"2026-09-16 04:27:03.185806+04","2026-09-16 04:27:22.712752+04",132,132,85,19.527,84.5900,90.9200,84.20751,-0.4542
516,"2026-09-16 04:29:23.698488+04","2026-09-16 04:29:42.071064+04",132,132,83,18.373,84.5900,91.0000,84.21311,-0.4475
517,"2026-09-16 04:31:43.717782+04","2026-09-16 04:32:01.038325+04",126,126,85,17.321,85.0000,91.0000,84.20455,-0.9447
518,"2026-09-16 04:34:03.193486+04","2026-09-16 04:34:22.750935+04",132,132,87,19.557,85.0000,91.0000,84.21060,-0.9374
519,"2026-09-16 04:36:23.802417+04","2026-09-16 04:36:43.030349+04",126,126,85,19.228,85.0000,91.0000,84.20293,-0.9466
520,"2026-09-16 04:38:43.699443+04","2026-09-16 04:39:03.073972+04",131,131,88,19.375,85.0000,91.0000,84.22142,-0.9244
521,"2026-09-16 04:41:03.197186+04","2026-09-16 04:41:24.459975+04",128,128,84,21.263,85.0000,91.0000,84.21105,-0.9369
522,"2026-09-16 04:43:23.730604+04","2026-09-16 04:43:44.961294+04",128,128,88,21.231,83.9900,90.9200,84.21500,0.2672
523,"2026-09-16 04:45:43.72199+04","2026-09-16 04:46:01.068953+04",130,130,87,17.347,84.9800,91.0000,84.20647,-0.9186
524,"2026-09-16 04:48:03.201626+04","2026-09-16 04:48:22.483305+04",130,130,86,19.282,85.0000,91.6000,84.20615,-0.9427
525,"2026-09-16 04:50:23.722906+04","2026-09-16 04:50:44.034355+04",129,129,87,20.311,85.0000,91.0000,84.21534,-0.9317
526,"2026-09-16 04:52:43.694367+04","2026-09-16 04:53:02.946755+04",133,133,90,19.252,84.9700,91.0000,84.20665,-0.9065
527,"2026-09-16 04:55:03.20753+04","2026-09-16 04:55:24.918496+04",127,127,83,21.711,85.0000,91.9000,84.20793,-0.9406
528,"2026-09-16 04:57:23.734962+04","2026-09-16 04:57:40.942455+04",128,128,85,17.207,85.0000,91.0000,84.21069,-0.9373
529,"2026-09-16 04:59:43.73676+04","2026-09-16 05:00:02.451187+04",131,131,83,18.714,84.9900,91.2900,84.20439,-0.9330
530,"2026-09-16 05:02:03.211006+04","2026-09-16 05:02:23.671791+04",127,127,80,20.461,85.0000,91.9000,84.20329,-0.9462
531,"2026-09-16 05:04:23.725294+04","2026-09-16 05:04:43.000188+04",136,136,85,19.275,85.0000,91.1450,84.20445,-0.9448
532,"2026-09-16 05:06:43.699341+04","2026-09-16 05:07:02.951935+04",137,137,85,19.253,85.0000,91.0000,84.21066,-0.9373
533,"2026-09-16 05:09:03.217329+04","2026-09-16 05:09:23.075658+04",139,139,87,19.858,85.0000,91.0000,84.21614,-0.9308
534,"2026-09-16 05:11:23.733127+04","2026-09-16 05:11:44.947665+04",139,139,87,21.215,85.0000,91.0000,84.20561,-0.9434
535,"2026-09-16 05:13:43.705726+04","2026-09-16 05:14:05.460616+04",143,143,90,21.755,85.0000,91.0000,84.20573,-0.9432
536,"2026-09-16 05:16:03.222558+04","2026-09-16 05:16:22.44461+04",142,142,90,19.222,85.0000,90.9750,84.20679,-0.9420
537,"2026-09-16 05:18:23.741118+04","2026-09-16 05:18:43.9769+04",144,144,88,20.236,85.0000,91.0000,84.21288,-0.9347
538,"2026-09-16 05:20:43.737962+04","2026-09-16 05:21:02.949133+04",140,140,85,19.211,84.9900,91.0000,84.21132,-0.9247
539,"2026-09-16 05:23:03.231049+04","2026-09-16 05:23:21.5358+04",141,141,87,18.305,85.0000,91.0000,84.21383,-0.9335
540,"2026-09-16 05:25:23.782821+04","2026-09-16 05:25:43.081463+04",144,144,87,19.299,85.0000,91.0000,84.21379,-0.9336
541,"2026-09-16 05:27:44.802885+04","2026-09-16 05:28:03.025575+04",140,140,84,18.223,85.0000,91.1450,84.20548,-0.9435
542,"2026-09-16 05:30:03.233961+04","2026-09-16 05:30:24.675116+04",141,141,86,21.441,84.9700,91.0000,84.21050,-0.9019
543,"2026-09-16 05:32:23.754918+04","2026-09-16 05:32:42.029496+04",142,142,87,18.275,85.0000,91.0000,84.21058,-0.9374
544,"2026-09-16 05:34:43.734905+04","2026-09-16 05:35:03.582545+04",143,143,88,19.848,85.0000,91.0000,84.21194,-0.9358
545,"2026-09-16 05:37:03.239344+04","2026-09-16 05:37:22.475269+04",139,139,85,19.236,84.9900,91.0000,84.21679,-0.9181
546,"2026-09-16 05:39:23.733333+04","2026-09-16 05:39:41.229622+04",141,141,85,17.496,84.9900,91.0000,84.20917,-0.9273
547,"2026-09-16 05:41:43.731019+04","2026-09-16 05:42:01.977348+04",149,149,90,18.246,85.0000,91.2900,84.21648,-0.9304
548,"2026-09-16 05:44:03.243252+04","2026-09-16 05:44:21.67011+04",149,149,89,18.427,85.0000,91.9000,84.20859,-0.9398
549,"2026-09-16 05:46:24.802723+04","2026-09-16 05:46:44.081693+04",152,152,92,19.279,85.0000,91.6950,84.21178,-0.9360
550,"2026-09-16 05:48:43.746181+04","2026-09-16 05:49:05.571171+04",157,157,95,21.825,85.0000,91.2900,84.21223,-0.9355
551,"2026-09-16 05:51:03.247961+04","2026-09-16 05:51:24.542561+04",154,154,93,21.295,85.0000,91.3950,84.20607,-0.9428
552,"2026-09-16 05:53:23.773112+04","2026-09-16 05:53:43.074673+04",154,154,91,19.302,85.0000,91.8950,84.22012,-0.9260
553,"2026-09-16 05:55:43.763674+04","2026-09-16 05:56:03.429594+04",152,152,91,19.666,85.0000,91.6950,84.21369,-0.9337
554,"2026-09-16 05:58:03.254177+04","2026-09-16 05:58:23.488249+04",149,149,89,20.234,85.0000,91.9000,84.20577,-0.9432
555,"2026-09-16 06:00:23.763496+04","2026-09-16 06:00:45.05453+04",146,146,88,21.291,85.0000,91.6950,84.21082,-0.9371
556,"2026-09-16 06:02:43.809778+04","2026-09-16 06:03:03.32787+04",146,146,87,19.518,85.0000,91.9900,84.20222,-0.9475
557,"2026-09-16 06:05:03.262124+04","2026-09-16 06:05:22.839565+04",143,143,86,19.577,85.0000,91.9000,84.20325,-0.9462
558,"2026-09-16 06:07:23.813564+04","2026-09-16 06:07:42.148336+04",148,148,91,18.335,85.0000,91.9900,84.20868,-0.9397
559,"2026-09-16 06:09:43.798005+04","2026-09-16 06:10:01.38135+04",147,147,92,17.583,85.0000,91.9000,84.20353,-0.9459
560,"2026-09-16 06:12:03.263114+04","2026-09-16 06:12:22.509815+04",146,146,92,19.247,85.0000,91.9400,84.22454,-0.9207
561,"2026-09-16 06:14:23.807787+04","2026-09-16 06:14:44.230108+04",141,141,90,20.422,85.0000,91.5000,84.20058,-0.9494
562,"2026-09-16 06:16:43.802238+04","2026-09-16 06:17:02.66473+04",136,136,86,18.862,85.0000,91.8950,84.21796,-0.9286
563,"2026-09-16 06:19:03.268636+04","2026-09-16 06:19:22.078499+04",140,140,90,18.810,85.0000,91.3950,84.20379,-0.9456
564,"2026-09-16 06:21:23.820133+04","2026-09-16 06:21:42.266686+04",138,138,87,18.447,85.0000,91.9400,84.21702,-0.9297
565,"2026-09-16 06:23:43.817449+04","2026-09-16 06:24:04.131712+04",137,137,88,20.314,85.0000,91.8900,84.21670,-0.9301
566,"2026-09-16 06:26:03.278037+04","2026-09-16 06:26:24.848167+04",144,144,91,21.570,85.0000,91.7950,84.20844,-0.9400
567,"2026-09-16 06:28:23.851813+04","2026-09-16 06:28:43.263506+04",144,144,92,19.412,85.0000,91.3950,84.21229,-0.9354
568,"2026-09-16 06:30:43.866046+04","2026-09-16 06:31:02.168615+04",144,144,92,18.303,85.0000,91.3950,84.20701,-0.9417
569,"2026-09-16 06:33:03.278982+04","2026-09-16 06:33:22.525805+04",143,143,94,19.247,85.0000,91.0000,84.21701,-0.9297
570,"2026-09-16 06:35:23.839646+04","2026-09-16 06:35:42.156813+04",148,148,95,18.317,85.0000,91.3950,84.20549,-0.9435
571,"2026-09-16 06:37:43.782739+04","2026-09-16 06:38:03.034361+04",146,146,97,19.252,85.0000,91.0000,84.20458,-0.9446
572,"2026-09-16 06:40:03.284011+04","2026-09-16 06:40:23.54524+04",153,153,100,20.261,85.0000,91.0000,84.21996,-0.9262
573,"2026-09-16 06:42:23.841407+04","2026-09-16 06:42:43.189666+04",151,151,100,19.348,85.0000,91.0000,84.20202,-0.9477
574,"2026-09-16 06:44:43.840707+04","2026-09-16 06:45:03.152346+04",152,152,101,19.312,85.0000,91.0000,84.20981,-0.9384
575,"2026-09-16 06:47:03.287615+04","2026-09-16 06:47:23.795773+04",148,148,97,20.508,85.0000,91.3950,84.21036,-0.9377
576,"2026-09-16 06:49:23.812209+04","2026-09-16 06:49:42.379296+04",144,144,94,18.567,85.0000,91.1450,84.21521,-0.9319
577,"2026-09-16 06:51:43.878617+04","2026-09-16 06:52:01.372077+04",148,148,96,17.493,85.0000,91.1450,84.20868,-0.9397
578,"2026-09-16 06:54:03.293203+04","2026-09-16 06:54:22.945613+04",148,148,95,19.652,85.0000,91.3950,84.20095,-0.9490
579,"2026-09-16 06:56:23.788299+04","2026-09-16 06:56:44.047297+04",145,145,93,20.259,85.0000,91.5000,84.21172,-0.9361
580,"2026-09-16 06:58:43.828739+04","2026-09-16 06:59:01.220368+04",146,146,97,17.392,85.0000,91.0000,84.20142,-0.9484
581,"2026-09-16 07:01:03.2977+04","2026-09-16 07:01:23.616975+04",149,149,98,20.319,85.0000,91.0000,84.20579,-0.9432
582,"2026-09-16 07:03:23.846136+04","2026-09-16 07:03:44.167437+04",146,146,93,20.321,85.0000,91.0000,84.21449,-0.9327
583,"2026-09-16 07:05:43.872863+04","2026-09-16 07:06:03.576281+04",144,144,91,19.703,85.0000,91.0000,84.21695,-0.9298
584,"2026-09-16 07:08:03.303738+04","2026-09-16 07:08:23.619425+04",146,146,90,20.316,85.0000,91.1450,84.20642,-0.9424
585,"2026-09-16 07:10:23.935784+04","2026-09-16 07:10:44.400812+04",147,147,94,20.465,85.0000,91.0000,84.20128,-0.9486
586,"2026-09-16 07:12:43.85191+04","2026-09-16 07:13:02.135446+04",146,146,90,18.284,85.0000,91.1450,84.20260,-0.9470
587,"2026-09-16 07:15:03.308332+04","2026-09-16 07:15:24.669336+04",146,146,93,21.361,85.0000,91.0000,84.21283,-0.9347
588,"2026-09-16 07:17:23.896491+04","2026-09-16 07:17:42.453207+04",153,153,97,18.557,85.0000,91.0000,84.20394,-0.9454
589,"2026-09-16 07:19:43.82661+04","2026-09-16 07:20:04.565135+04",151,151,95,20.739,85.0000,91.0000,84.21409,-0.9332
590,"2026-09-16 07:22:03.312103+04","2026-09-16 07:22:22.878075+04",153,153,98,19.566,85.0000,91.0000,84.20635,-0.9425
591,"2026-09-16 07:24:24.096731+04","2026-09-16 07:24:44.935692+04",149,149,94,20.839,85.0000,91.2900,84.20632,-0.9425
592,"2026-09-16 07:26:43.95197+04","2026-09-16 07:27:03.083421+04",146,146,92,19.131,85.0000,91.3950,84.20203,-0.9477
593,"2026-09-16 07:29:03.318553+04","2026-09-16 07:29:24.128247+04",149,149,94,20.810,85.0000,91.2900,84.20955,-0.9387
594,"2026-09-16 07:31:23.873105+04","2026-09-16 07:31:44.350983+04",147,147,93,20.478,85.0000,91.0000,84.20295,-0.9466
595,"2026-09-16 07:33:43.857214+04","2026-09-16 07:34:02.529483+04",149,149,97,18.672,85.0000,91.0000,84.20594,-0.9430
596,"2026-09-16 07:36:03.322616+04","2026-09-16 07:36:23.66125+04",147,147,92,20.339,84.9900,91.2900,84.21261,-0.9231
597,"2026-09-16 07:38:23.863417+04","2026-09-16 07:38:43.140511+04",147,147,92,19.277,85.0000,91.2900,84.20970,-0.9385
598,"2026-09-16 07:40:43.916069+04","2026-09-16 07:41:03.559127+04",144,144,92,19.643,85.0000,91.1450,84.21106,-0.9369
599,"2026-09-16 07:43:03.328876+04","2026-09-16 07:43:21.590788+04",146,146,94,18.262,85.0000,91.0000,84.21023,-0.9379
600,"2026-09-16 07:45:23.890506+04","2026-09-16 07:45:44.246867+04",147,147,92,20.356,85.0000,91.8900,84.21230,-0.9354
601,"2026-09-16 07:47:43.867577+04","2026-09-16 07:48:01.190652+04",146,146,94,17.323,85.0000,91.3950,84.20341,-0.9460
602,"2026-09-16 07:50:03.332582+04","2026-09-16 07:50:21.549252+04",147,147,91,18.217,85.0000,91.9800,84.20513,-0.9440
603,"2026-09-16 07:52:24.083999+04","2026-09-16 07:52:42.519235+04",154,154,97,18.435,85.0000,91.9000,84.21561,-0.9314
604,"2026-09-16 07:54:43.871474+04","2026-09-16 07:55:03.455603+04",154,154,98,19.584,85.0000,91.9000,84.20659,-0.9422
605,"2026-09-16 07:57:03.337116+04","2026-09-16 07:57:22.899469+04",156,156,98,19.562,85.0000,91.9400,84.21123,-0.9367
606,"2026-09-16 07:59:24.00688+04","2026-09-16 07:59:41.485705+04",159,159,99,17.479,85.0000,91.9000,84.21084,-0.9371
607,"2026-09-16 08:01:49.512536+04","2026-09-16 08:02:08.12746+04",169,169,103,18.615,85.0000,91.9000,84.20184,-0.9479
608,"2026-09-16 08:04:03.343218+04","2026-09-16 08:04:22.916816+04",171,171,106,19.574,85.0000,91.9000,84.21594,-0.9310
609,"2026-09-16 08:06:23.913262+04","2026-09-16 08:06:43.469912+04",179,179,113,19.557,85.0000,91.2900,84.20572,-0.9433
610,"2026-09-16 08:08:43.872896+04","2026-09-16 08:09:02.477491+04",181,181,111,18.605,84.9900,91.5000,84.20432,-0.9331
611,"2026-09-16 08:11:03.34787+04","2026-09-16 08:11:23.159089+04",180,180,111,19.811,84.9900,91.7200,84.20144,-0.9365
612,"2026-09-16 08:13:23.859447+04","2026-09-16 08:13:41.837674+04",178,178,110,17.978,85.0000,91.7200,84.19767,-0.9529
613,"2026-09-16 08:15:44.25727+04","2026-09-16 08:16:03.983508+04",178,178,109,19.726,85.0000,91.9000,84.20565,-0.9433
614,"2026-09-16 08:18:03.351848+04","2026-09-16 08:18:21.018409+04",176,176,110,17.667,85.0000,91.8950,84.20402,-0.9453
615,"2026-09-16 08:20:23.87996+04","2026-09-16 08:20:43.714177+04",174,174,108,19.834,85.0000,91.7200,84.20839,-0.9401
616,"2026-09-16 08:22:43.914337+04","2026-09-16 08:23:01.646862+04",178,178,109,17.733,85.0000,91.8950,84.21105,-0.9369
617,"2026-09-16 08:25:03.357988+04","2026-09-16 08:25:21.790354+04",180,180,109,18.432,85.0000,91.9250,84.20499,-0.9441
618,"2026-09-16 08:27:23.985134+04","2026-09-16 08:27:41.630962+04",181,181,110,17.646,85.0000,91.9500,84.20104,-0.9489
619,"2026-09-16 08:29:43.880537+04","2026-09-16 08:30:01.212982+04",179,179,111,17.332,85.0000,91.8900,84.20936,-0.9389
620,"2026-09-16 08:32:03.361539+04","2026-09-16 08:32:22.63386+04",178,178,110,19.272,85.0000,91.7200,84.20070,-0.9493
621,"2026-09-16 08:34:23.895851+04","2026-09-16 08:34:42.077231+04",181,181,113,18.181,85.0000,91.9000,84.20063,-0.9494
622,"2026-09-16 08:36:43.882339+04","2026-09-16 08:37:02.989534+04",190,190,119,19.107,85.0000,91.7200,84.20810,-0.9404
623,"2026-09-16 08:39:03.369614+04","2026-09-16 08:39:23.710484+04",196,196,125,20.341,85.0000,91.3950,84.21068,-0.9373
624,"2026-09-16 08:41:23.923045+04","2026-09-16 08:41:51.852295+04",200,200,124,27.929,85.0000,91.5000,84.29640,-0.8347
625,"2026-09-16 08:43:43.862343+04","2026-09-16 08:44:11.833227+04",210,210,130,27.971,85.0000,91.5000,84.43874,-0.6647
626,"2026-09-16 08:46:03.371117+04","2026-09-16 08:46:31.853964+04",211,211,130,28.483,85.0000,91.5000,84.41129,-0.6974
627,"2026-09-16 08:48:23.878768+04","2026-09-16 08:48:51.775428+04",216,216,134,27.897,85.0000,91.5250,84.41021,-0.6987
628,"2026-09-16 08:50:43.911658+04","2026-09-16 08:51:14.104388+04",215,215,135,30.193,85.0000,91.5000,84.41583,-0.6920
629,"2026-09-16 08:53:03.377127+04","2026-09-16 08:53:34.506629+04",217,217,137,31.130,85.0000,91.2900,84.40894,-0.7002
630,"2026-09-16 08:55:23.954723+04","2026-09-16 08:55:53.182146+04",215,215,137,29.227,85.0000,91.2900,84.42047,-0.6865
631,"2026-09-16 08:57:43.902451+04","2026-09-16 08:58:15.04355+04",221,221,139,31.141,85.0000,91.5000,84.41697,-0.6907
632,"2026-09-16 09:00:03.382149+04","2026-09-16 09:00:34.309323+04",223,223,139,30.927,85.0000,91.5000,84.42096,-0.6859
633,"2026-09-16 09:02:23.959948+04","2026-09-16 09:02:51.366981+04",222,222,139,27.407,85.0000,91.5000,84.42663,-0.6791
634,"2026-09-16 09:04:43.875267+04","2026-09-16 09:05:13.076377+04",220,220,138,29.201,85.0000,91.5250,84.42865,-0.6767
635,"2026-09-16 09:07:03.386094+04","2026-09-16 09:07:34.415203+04",223,223,138,31.029,85.0000,91.9000,84.41932,-0.6879
636,"2026-09-16 09:09:23.989571+04","2026-09-16 09:09:54.925214+04",220,220,135,30.936,85.0000,91.9200,84.42617,-0.6797
637,"2026-09-16 09:11:43.912209+04","2026-09-16 09:12:15.158674+04",222,222,137,31.246,85.0000,91.9200,84.42655,-0.6792
638,"2026-09-16 09:14:03.390534+04","2026-09-16 09:14:33.269161+04",220,220,135,29.879,85.0000,91.8950,84.41580,-0.6921
639,"2026-09-16 09:16:23.901698+04","2026-09-16 09:16:51.999567+04",216,216,134,28.098,85.0000,91.8950,84.42013,-0.6869
640,"2026-09-16 09:18:43.991513+04","2026-09-16 09:19:12.937587+04",216,216,136,28.946,85.0000,91.9200,84.42027,-0.6867
641,"2026-09-16 09:21:03.399766+04","2026-09-16 09:21:33.290115+04",219,219,138,29.890,85.0000,91.9000,84.42397,-0.6823
642,"2026-09-16 09:23:23.963748+04","2026-09-16 09:23:55.101543+04",218,218,137,31.138,85.0000,91.8950,84.42383,-0.6825
643,"2026-09-16 09:25:43.901107+04","2026-09-16 09:26:14.843698+04",224,224,143,30.943,85.0000,91.6600,84.39055,-0.7222
644,"2026-09-16 09:28:03.402991+04","2026-09-16 09:28:31.697176+04",220,220,138,28.294,85.0000,91.7750,84.39216,-0.7203
645,"2026-09-16 09:30:23.961354+04","2026-09-16 09:30:52.253821+04",225,225,144,28.292,85.0000,91.5500,84.38968,-0.7232
646,"2026-09-16 09:32:43.95543+04","2026-09-16 09:33:12.295729+04",231,231,147,28.340,85.0000,91.0000,84.41566,-0.6922
647,"2026-09-16 09:35:03.407857+04","2026-09-16 09:35:33.407664+04",229,229,147,30.000,85.0000,91.5500,84.42961,-0.6756
648,"2026-09-16 09:37:24.046421+04","2026-09-16 09:37:56.102989+04",241,241,155,32.057,85.0000,91.7700,84.44015,-0.6630
649,"2026-09-16 09:39:43.916188+04","2026-09-16 09:40:13.957856+04",237,237,154,30.042,85.0000,91.7800,84.43054,-0.6745
650,"2026-09-16 09:42:03.412629+04","2026-09-16 09:42:30.42086+04",244,244,161,27.008,85.0000,91.3700,84.41224,-0.6963
651,"2026-09-16 09:44:23.942645+04","2026-09-16 09:44:53.224025+04",245,245,161,29.281,85.0000,91.4500,84.41743,-0.6901
652,"2026-09-16 09:46:43.951699+04","2026-09-16 09:47:11.987454+04",245,245,157,28.036,85.0000,91.5500,84.44105,-0.6619
653,"2026-09-16 09:49:03.418737+04","2026-09-16 09:49:33.904087+04",247,247,160,30.485,85.0000,91.5500,84.42113,-0.6857
654,"2026-09-16 09:51:23.959355+04","2026-09-16 09:51:52.080354+04",250,250,162,28.121,85.0000,91.7750,84.43018,-0.6749
655,"2026-09-16 09:53:43.940742+04","2026-09-16 09:54:10.980681+04",258,258,166,27.040,85.0000,91.5250,84.43218,-0.6725
656,"2026-09-16 09:56:03.427047+04","2026-09-16 09:56:33.619401+04",263,263,169,30.192,85.0000,91.5000,84.44254,-0.6602
657,"2026-09-16 09:58:23.957643+04","2026-09-16 09:58:53.895229+04",266,266,170,29.938,85.0000,91.3700,84.43798,-0.6656
658,"2026-09-16 10:00:43.971225+04","2026-09-16 10:01:12.21619+04",269,269,169,28.245,85.0000,91.4500,84.42932,-0.6759
659,"2026-09-16 10:03:03.429735+04","2026-09-16 10:03:33.447049+04",269,269,170,30.017,85.0000,91.5000,84.49477,-0.5979
660,"2026-09-16 10:05:24.011576+04","2026-09-16 10:05:52.240872+04",267,267,169,28.229,85.0000,91.5500,84.40152,-0.7091
661,"2026-09-16 10:07:44.028949+04","2026-09-16 10:08:14.741414+04",262,262,166,30.712,85.0000,91.6600,84.35242,-0.7677
662,"2026-09-16 10:10:03.433922+04","2026-09-16 10:10:32.512839+04",268,268,167,29.079,85.0000,91.9000,84.36874,-0.7482
663,"2026-09-16 10:12:23.944868+04","2026-09-16 10:12:52.994213+04",273,273,176,29.049,85.0000,91.7800,84.39725,-0.7142
664,"2026-09-16 10:14:45.012614+04","2026-09-16 10:15:13.224178+04",277,277,173,28.212,85.0000,91.8900,84.38504,-0.7288
665,"2026-09-16 10:17:03.438399+04","2026-09-16 10:17:34.489875+04",273,273,172,31.051,85.0000,91.7800,84.37586,-0.7397
666,"2026-09-16 10:19:23.938921+04","2026-09-16 10:19:53.253743+04",281,281,179,29.315,85.0000,91.3000,84.39315,-0.7191
667,"2026-09-16 10:21:43.94452+04","2026-09-16 10:22:13.189706+04",281,281,180,29.245,85.0000,91.3000,84.48206,-0.6131
668,"2026-09-16 10:24:03.444291+04","2026-09-16 10:24:33.349378+04",282,282,180,29.905,85.0000,91.2950,84.42272,-0.6838
669,"2026-09-16 10:26:23.959289+04","2026-09-16 10:26:52.149422+04",283,283,179,28.190,85.0000,91.5000,84.41897,-0.6883
670,"2026-09-16 10:28:43.94557+04","2026-09-16 10:29:11.3859+04",283,283,180,27.440,84.0000,91.7700,84.39863,0.4723
671,"2026-09-16 10:31:03.449677+04","2026-09-16 10:31:30.991753+04",287,287,182,27.542,85.0000,91.4500,84.35772,-0.7614
672,"2026-09-16 10:33:23.987823+04","2026-09-16 10:33:51.980181+04",281,281,180,27.992,85.0000,91.8900,84.52436,-0.5627
673,"2026-09-16 10:35:43.948586+04","2026-09-16 10:36:11.978229+04",292,292,189,28.030,85.0000,91.4750,84.51747,-0.5709
674,"2026-09-16 10:38:03.455436+04","2026-09-16 10:38:33.873333+04",297,297,190,30.418,85.0000,91.7700,84.47310,-0.6237
675,"2026-09-16 10:40:23.979772+04","2026-09-16 10:40:53.044439+04",292,292,187,29.065,85.0000,91.6600,84.48836,-0.6056
676,"2026-09-16 10:42:43.956291+04","2026-09-16 10:43:13.842177+04",286,286,187,29.886,85.0000,91.7750,84.47335,-0.6235
677,"2026-09-16 10:45:03.45956+04","2026-09-16 10:45:33.453558+04",286,286,185,29.994,85.0000,91.4750,84.43636,-0.6675
678,"2026-09-16 10:47:23.985803+04","2026-09-16 10:47:52.064005+04",286,286,185,28.078,85.0000,91.5250,84.37169,-0.7447
679,"2026-09-16 10:49:43.967094+04","2026-09-16 10:50:14.251286+04",292,292,189,30.284,85.0000,91.5250,84.33627,-0.7870
680,"2026-09-16 10:52:03.465682+04","2026-09-16 10:52:44.385254+04",299,299,189,40.920,85.0000,91.9000,84.33710,-0.7860
681,"2026-09-16 10:54:23.986153+04","2026-09-16 10:55:00.445983+04",298,298,185,36.460,85.0000,91.8950,84.34235,-0.7797
682,"2026-09-16 10:56:43.973705+04","2026-09-16 10:57:11.424723+04",298,298,187,27.451,85.0000,91.8950,84.32800,-0.7969
683,"2026-09-16 10:59:03.469003+04","2026-09-16 10:59:42.905773+04",302,302,189,39.437,85.0000,91.8350,84.34402,-0.7777
684,"2026-09-16 11:01:23.985207+04","2026-09-16 11:01:54.082194+04",296,296,186,30.097,85.0000,91.9000,84.31309,-0.8147
685,"2026-09-16 11:03:43.96263+04","2026-09-16 11:04:12.258105+04",288,288,181,28.295,85.0000,91.9200,84.18455,-0.9686
686,"2026-09-16 11:06:03.474106+04","2026-09-16 11:06:33.599223+04",291,291,183,30.125,85.0000,91.7800,84.22778,-0.9168
687,"2026-09-16 11:08:23.968557+04","2026-09-16 11:08:54.155593+04",291,291,180,30.187,85.0000,91.9400,84.16165,-0.9961
688,"2026-09-16 11:10:44.004618+04","2026-09-16 11:11:13.471505+04",294,294,182,29.467,85.0000,91.9450,84.16220,-0.9955
689,"2026-09-16 11:13:03.479143+04","2026-09-16 11:13:43.116978+04",307,307,192,39.638,85.0000,91.7800,84.14676,-1.0140
690,"2026-09-16 11:15:23.986546+04","2026-09-16 11:16:00.735371+04",306,306,194,36.749,85.0000,91.5250,84.03564,-1.1476
691,"2026-09-16 11:17:43.980039+04","2026-09-16 11:18:19.825705+04",303,303,192,35.846,85.0000,91.7800,84.07876,-1.0957
692,"2026-09-16 11:20:03.483475+04","2026-09-16 11:20:41.151671+04",299,299,185,37.668,85.0000,91.9500,84.10502,-1.0641
693,"2026-09-16 11:22:24.065874+04","2026-09-16 11:23:04.765627+04",304,304,188,40.700,85.0000,91.9200,84.18291,-0.9706
694,"2026-09-16 11:24:43.825359+04","2026-09-16 11:25:21.336157+04",312,312,197,37.511,85.0000,91.8350,84.19173,-0.9600
695,"2026-09-16 11:27:03.487753+04","2026-09-16 11:27:43.359117+04",305,305,196,39.871,85.0000,91.4500,84.18000,-0.9741
696,"2026-09-16 11:29:24.007253+04","2026-09-16 11:30:03.629933+04",319,319,204,39.623,85.0000,91.4900,84.19216,-0.9595
697,"2026-09-16 11:31:44.018139+04","2026-09-16 11:32:21.694828+04",322,322,204,37.677,85.0000,91.4700,84.21975,-0.9264
699,"2026-09-16 18:09:41.340786+04","2026-09-16 18:10:23.788919+04",346,346,229,42.448,85.0000,91.0000,84.50780,-0.5824
700,"2026-09-16 18:16:12.509017+04","2026-09-16 18:16:52.090386+04",357,357,232,39.581,85.0000,91.0000,84.49049,-0.6030
701,"2026-09-16 18:18:32.516566+04","2026-09-16 18:19:13.356706+04",356,356,232,40.840,85.0000,91.0000,84.50252,-0.5887
702,"2026-09-16 18:20:52.519322+04","2026-09-16 18:21:31.227292+04",359,359,238,38.708,85.0000,91.0000,84.50279,-0.5884
703,"2026-09-16 18:23:12.87187+04","2026-09-16 18:23:52.485435+04",356,356,236,39.614,85.0000,91.0000,84.50318,-0.5879
704,"2026-09-16 18:25:32.905997+04","2026-09-16 18:26:12.978299+04",360,360,235,40.072,85.0000,91.0000,84.49706,-0.5952
705,"2026-09-16 18:27:52.523787+04","2026-09-16 18:28:31.602121+04",353,353,229,39.078,85.0000,91.0000,84.50482,-0.5860
706,"2026-09-16 18:30:12.948646+04","2026-09-16 18:30:51.656613+04",357,357,233,38.708,85.0000,91.0000,84.48362,-0.6112
707,"2026-09-16 18:32:32.894885+04","2026-09-16 18:33:14.550264+04",365,365,240,41.655,85.0000,91.0000,84.48585,-0.6086
708,"2026-09-16 18:34:52.533336+04","2026-09-16 18:35:30.20152+04",370,370,244,37.668,85.0000,91.0000,84.48726,-0.6069
709,"2026-09-16 18:37:12.952382+04","2026-09-16 18:37:50.137175+04",364,364,239,37.185,85.0000,91.0000,84.49511,-0.5975
710,"2026-09-16 18:39:32.886267+04","2026-09-16 18:40:08.641907+04",359,359,231,35.756,85.0000,91.0000,84.50272,-0.5885
711,"2026-09-16 18:41:52.534883+04","2026-09-16 18:42:30.179706+04",354,354,232,37.645,85.0000,91.2350,84.49448,-0.5983
712,"2026-09-16 18:44:12.906789+04","2026-09-16 18:44:50.54396+04",352,352,228,37.637,85.0000,91.2850,84.49415,-0.5987
713,"2026-09-16 18:46:32.902977+04","2026-09-16 18:47:13.529489+04",340,340,223,40.627,85.0000,91.5700,84.49891,-0.5930
714,"2026-09-16 18:48:52.53855+04","2026-09-16 18:49:28.558556+04",336,336,220,36.020,85.0000,91.6600,84.49989,-0.5918
715,"2026-09-16 18:51:12.92289+04","2026-09-16 18:51:50.468551+04",342,342,224,37.546,85.0000,91.6500,84.50511,-0.5856
716,"2026-09-16 18:53:32.915729+04","2026-09-16 18:54:15.15979+04",326,326,211,42.244,85.0000,91.8200,84.49410,-0.5987
717,"2026-09-16 18:55:52.542742+04","2026-09-16 18:56:29.106033+04",324,324,210,36.563,85.0000,91.8800,84.49706,-0.5952
718,"2026-09-16 18:58:12.900911+04","2026-09-16 18:58:54.26529+04",328,328,216,41.364,85.0000,91.4400,84.50255,-0.5887
719,"2026-09-16 19:00:34.24993+04","2026-09-16 19:01:15.163911+04",329,329,211,40.914,85.0000,91.5000,84.49817,-0.5939
720,"2026-09-16 19:02:52.895519+04","2026-09-16 19:03:31.448261+04",328,328,214,38.553,85.0000,91.5700,84.50128,-0.5902
721,"2026-09-16 19:05:12.913965+04","2026-09-16 19:05:50.633966+04",323,323,211,37.720,85.0000,91.4300,84.49867,-0.5933
722,"2026-09-16 19:07:32.928838+04","2026-09-16 19:08:12.08125+04",321,321,213,39.152,85.0000,91.8600,84.49989,-0.5918
723,"2026-09-16 19:09:52.55099+04","2026-09-16 19:10:31.074849+04",323,323,215,38.524,85.0000,91.8600,84.49449,-0.5983
724,"2026-09-16 19:12:12.906982+04","2026-09-16 19:12:51.515816+04",321,321,212,38.609,85.0000,91.8600,84.50319,-0.5879
725,"2026-09-16 19:14:32.932942+04","2026-09-16 19:15:14.014267+04",325,325,212,41.081,85.0000,91.7800,84.49626,-0.5962
726,"2026-09-16 19:16:52.560047+04","2026-09-16 19:17:30.528408+04",335,335,222,37.968,85.0000,91.3000,84.49938,-0.5925
727,"2026-09-16 19:19:12.931255+04","2026-09-16 19:19:51.472013+04",338,338,227,38.541,85.0000,91.4400,84.49320,-0.5998
728,"2026-09-16 19:21:32.922464+04","2026-09-16 19:22:10.41968+04",348,348,231,37.497,85.0000,91.0000,84.49633,-0.5961
729,"2026-09-16 19:23:52.562312+04","2026-09-16 19:24:31.137562+04",353,353,238,38.575,85.0000,91.0000,84.49433,-0.5985
730,"2026-09-16 19:26:12.913156+04","2026-09-16 19:26:49.468953+04",359,359,244,36.556,85.0000,91.0000,84.49918,-0.5927
731,"2026-09-16 19:28:32.960967+04","2026-09-16 19:29:12.644605+04",354,354,238,39.684,85.0000,91.0000,84.49852,-0.5935
732,"2026-09-16 19:30:52.566658+04","2026-09-16 19:31:31.295731+04",357,357,243,38.729,85.0000,91.0000,84.49996,-0.5918
733,"2026-09-16 19:33:12.931104+04","2026-09-16 19:33:51.608818+04",362,362,242,38.678,85.0000,91.0000,84.49076,-0.6027
734,"2026-09-16 19:35:32.944094+04","2026-09-16 19:36:12.007101+04",361,361,239,39.063,85.0000,91.0000,84.50101,-0.5905
735,"2026-09-16 19:37:52.570425+04","2026-09-16 19:38:32.917566+04",361,361,240,40.347,85.0000,91.0000,84.49312,-0.5999
736,"2026-09-16 19:40:13.119746+04","2026-09-16 19:40:54.849354+04",352,352,235,41.730,85.0000,91.0000,84.49874,-0.5932
737,"2026-09-16 19:42:33.079222+04","2026-09-16 19:43:10.673858+04",350,350,235,37.595,85.0000,91.1900,84.49911,-0.5928
738,"2026-09-16 19:44:52.575724+04","2026-09-16 19:45:33.12294+04",352,352,235,40.547,85.0000,91.2350,84.49066,-0.6028
739,"2026-09-16 19:47:12.973047+04","2026-09-16 19:47:54.71647+04",353,353,240,41.743,85.0000,91.1900,84.49785,-0.5943
740,"2026-09-16 19:49:33.113123+04","2026-09-16 19:50:11.365845+04",351,351,236,38.253,85.0000,91.0000,84.48973,-0.6039
741,"2026-09-16 19:51:52.584232+04","2026-09-16 19:52:32.34267+04",354,354,235,39.758,85.0000,91.0000,84.50289,-0.5883
742,"2026-09-16 19:54:13.135618+04","2026-09-16 19:54:52.203398+04",358,358,241,39.068,85.0000,91.0000,84.50025,-0.5914
743,"2026-09-16 19:56:32.933008+04","2026-09-16 19:57:10.992652+04",357,357,240,38.060,85.0000,91.0000,84.49896,-0.5930
744,"2026-09-16 19:58:52.586651+04","2026-09-16 19:59:31.371674+04",361,361,240,38.785,85.0000,91.0000,84.48464,-0.6100
745,"2026-09-16 20:01:21.832841+04","2026-09-16 20:02:01.720732+04",346,346,235,39.888,84.9300,91.0000,84.48731,-0.5240
746,"2026-09-16 20:03:33.056028+04","2026-09-16 20:04:13.04042+04",343,343,235,39.984,84.9300,91.0000,84.49276,-0.5175
747,"2026-09-16 20:05:52.591013+04","2026-09-16 20:06:34.785301+04",346,346,237,42.194,85.0000,91.0000,84.49571,-0.5968
748,"2026-09-16 20:08:12.967957+04","2026-09-16 20:08:52.67622+04",346,346,237,39.708,85.0000,91.0000,84.50185,-0.5895
749,"2026-09-16 20:10:32.945343+04","2026-09-16 20:11:12.731793+04",350,350,233,39.786,85.0000,91.0000,84.49924,-0.5926
750,"2026-09-16 20:12:52.595307+04","2026-09-16 20:13:29.321115+04",347,347,236,36.726,84.9300,91.0000,84.48885,-0.5221
751,"2026-09-16 20:15:13.227292+04","2026-09-16 20:15:55.077844+04",340,340,230,41.851,84.9300,91.0000,84.50382,-0.5043
752,"2026-09-16 20:17:33.167112+04","2026-09-16 20:18:10.996614+04",343,343,230,37.830,84.9300,91.0000,84.50091,-0.5078
753,"2026-09-16 20:19:52.601664+04","2026-09-16 20:20:29.57173+04",349,349,237,36.970,84.9300,91.0000,84.50363,-0.5046
754,"2026-09-16 20:22:12.976586+04","2026-09-16 20:22:50.298722+04",349,349,237,37.322,85.0000,91.0000,84.50003,-0.5917
755,"2026-09-16 20:24:33.002188+04","2026-09-16 20:25:08.672962+04",348,348,239,35.671,85.0000,91.0000,84.48972,-0.6040
756,"2026-09-16 20:26:52.605404+04","2026-09-16 20:27:32.726471+04",342,342,232,40.121,84.9300,91.0950,84.49861,-0.5105
757,"2026-09-16 20:29:12.989224+04","2026-09-16 20:29:51.797097+04",347,347,239,38.808,85.0000,91.0000,84.50474,-0.5861
758,"2026-09-16 20:31:32.950918+04","2026-09-16 20:32:10.529181+04",352,352,241,37.578,85.0000,91.2450,84.50351,-0.5875
759,"2026-09-16 20:33:52.611483+04","2026-09-16 20:34:33.314617+04",345,345,233,40.703,84.0000,91.0000,84.49162,0.5819
760,"2026-09-16 20:36:12.966583+04","2026-09-16 20:36:51.625482+04",342,342,237,38.659,85.0000,91.0000,84.50130,-0.5902
761,"2026-09-16 20:38:33.135771+04","2026-09-16 20:39:10.891053+04",337,337,238,37.755,85.0000,90.9900,84.50154,-0.5899
762,"2026-09-16 20:40:52.615601+04","2026-09-16 20:41:28.267262+04",338,338,234,35.652,85.0000,90.9850,84.48179,-0.6134
763,"2026-09-16 20:43:13.125944+04","2026-09-16 20:43:51.020839+04",335,335,233,37.895,85.0000,91.0000,84.48987,-0.6038
764,"2026-09-16 20:45:32.998148+04","2026-09-16 20:46:09.809073+04",335,335,233,36.811,85.0000,90.9900,84.49984,-0.5919
765,"2026-09-16 20:47:52.621+04","2026-09-16 20:48:27.765076+04",331,331,230,35.144,85.0000,91.0000,84.49772,-0.5944
766,"2026-09-16 20:50:13.171097+04","2026-09-16 20:50:50.946101+04",330,330,232,37.775,85.0000,90.9950,84.49372,-0.5992
767,"2026-09-16 20:52:33.218425+04","2026-09-16 20:53:09.132018+04",332,332,231,35.914,85.0000,90.9400,84.49828,-0.5938
768,"2026-09-16 20:54:52.626433+04","2026-09-16 20:55:32.383789+04",332,332,235,39.757,85.0000,90.9850,84.49875,-0.5932
769,"2026-09-16 20:57:13.172448+04","2026-09-16 20:57:55.190035+04",336,336,237,42.018,85.0000,90.9950,84.49750,-0.5947
770,"2026-09-16 20:59:33.147281+04","2026-09-16 21:00:12.043327+04",332,332,231,38.896,85.0000,90.9950,84.49307,-0.6000
771,"2026-09-16 21:01:52.631841+04","2026-09-16 21:02:33.785707+04",325,325,226,41.154,85.0000,90.9800,84.50891,-0.5811
772,"2026-09-16 21:04:13.178832+04","2026-09-16 21:04:52.919878+04",335,335,234,39.741,85.0000,90.9000,84.50084,-0.5907
773,"2026-09-16 21:06:33.136658+04","2026-09-16 21:07:12.815666+04",330,330,231,39.679,85.0000,91.0000,84.50146,-0.5900
774,"2026-09-16 21:08:52.639858+04","2026-09-16 21:09:31.373129+04",325,325,226,38.733,84.9300,91.0000,84.50265,-0.5057
775,"2026-09-16 21:11:13.366509+04","2026-09-16 21:11:52.810094+04",320,320,221,39.444,85.0000,91.2700,84.49814,-0.5939
776,"2026-09-16 21:13:33.011909+04","2026-09-16 21:14:11.18635+04",320,320,220,38.174,85.0000,91.3850,84.50128,-0.5902
777,"2026-09-16 21:15:52.640721+04","2026-09-16 21:16:32.733966+04",325,325,224,40.093,85.0000,91.3400,84.49598,-0.5965
778,"2026-09-16 21:18:13.226993+04","2026-09-16 21:18:51.996737+04",320,320,225,38.770,85.0000,90.9850,84.50047,-0.5912
779,"2026-09-16 21:20:33.242167+04","2026-09-16 21:21:12.467962+04",320,320,222,39.226,85.0000,91.0000,84.48976,-0.6039
780,"2026-09-16 21:22:52.645435+04","2026-09-16 21:23:30.462887+04",320,320,220,37.817,85.0000,91.4700,84.50248,-0.5888
781,"2026-09-16 21:25:13.27899+04","2026-09-16 21:25:52.279747+04",331,331,228,39.001,84.0000,91.4000,84.50146,0.5934
782,"2026-09-16 21:27:33.336898+04","2026-09-16 21:28:09.782067+04",334,334,227,36.445,85.0000,91.0000,84.50026,-0.5914
783,"2026-09-16 21:29:52.654864+04","2026-09-16 21:30:30.814169+04",336,336,229,38.159,85.0000,91.0000,84.48605,-0.6083
784,"2026-09-16 21:32:13.228422+04","2026-09-16 21:32:51.438273+04",337,337,232,38.210,85.0000,91.0000,84.49338,-0.5996
785,"2026-09-16 21:34:33.322479+04","2026-09-16 21:35:11.152039+04",331,331,227,37.830,85.0000,91.1900,84.50282,-0.5884
786,"2026-09-16 21:36:52.676043+04","2026-09-16 21:37:34.050444+04",339,339,232,41.374,85.0000,91.0000,84.49616,-0.5963
787,"2026-09-16 21:39:13.370057+04","2026-09-16 21:39:56.138683+04",341,341,229,42.769,85.0000,91.0000,84.50158,-0.5898
788,"2026-09-16 21:41:33.240395+04","2026-09-16 21:42:10.273759+04",336,336,231,37.033,85.0000,91.2950,84.50207,-0.5893
789,"2026-09-16 21:43:52.681541+04","2026-09-16 21:44:29.97426+04",328,328,223,37.293,85.0000,91.0000,84.51006,-0.5797
790,"2026-09-16 21:46:13.187846+04","2026-09-16 21:46:51.968418+04",329,329,224,38.781,85.0000,91.4500,84.49734,-0.5949
791,"2026-09-16 21:48:33.37277+04","2026-09-16 21:49:13.649825+04",326,326,216,40.277,85.0000,91.8200,84.50024,-0.5914
792,"2026-09-16 21:50:52.694636+04","2026-09-16 21:51:31.894005+04",324,324,218,39.199,85.0000,91.4950,84.49691,-0.5954
793,"2026-09-16 21:53:13.341745+04","2026-09-16 21:53:53.967969+04",318,318,212,40.626,85.0000,91.5700,84.48826,-0.6057
794,"2026-09-16 21:55:33.373825+04","2026-09-16 21:56:08.920097+04",313,313,211,35.546,85.0000,91.8600,84.50146,-0.5900
795,"2026-09-16 21:57:52.703814+04","2026-09-16 21:58:29.100915+04",318,318,215,36.397,85.0000,91.6950,84.50335,-0.5877
796,"2026-09-16 22:00:13.583004+04","2026-09-16 22:00:53.952774+04",323,323,216,40.370,85.0000,91.4500,84.48390,-0.6109
797,"2026-09-16 22:02:33.400038+04","2026-09-16 22:03:09.486427+04",329,329,219,36.086,85.0000,91.4500,84.50001,-0.5917
798,"2026-09-16 22:04:52.710377+04","2026-09-16 22:05:31.801124+04",330,330,219,39.091,85.0000,91.4250,84.49606,-0.5964
799,"2026-09-16 22:07:13.367922+04","2026-09-16 22:07:51.629105+04",326,326,219,38.261,85.0000,91.2700,84.50020,-0.5915
800,"2026-09-16 22:09:33.426299+04","2026-09-16 22:10:13.734518+04",325,325,216,40.308,85.0000,91.3400,84.49626,-0.5962
801,"2026-09-16 22:11:52.724895+04","2026-09-16 22:12:31.072517+04",320,320,214,38.348,85.0000,91.4950,84.49160,-0.6017
802,"2026-09-16 22:14:13.423507+04","2026-09-16 22:14:51.703272+04",314,314,209,38.280,85.0000,91.8650,84.50625,-0.5843
803,"2026-09-16 22:16:33.230571+04","2026-09-16 22:17:13.341869+04",314,314,207,40.111,85.0000,91.8750,84.50022,-0.5915
804,"2026-09-16 22:18:52.732607+04","2026-09-16 22:19:33.176718+04",308,308,209,40.444,83.9000,91.8650,84.50576,0.7168
805,"2026-09-16 22:21:13.407163+04","2026-09-16 22:21:54.088978+04",310,310,212,40.682,85.0000,91.7650,84.49387,-0.5990
806,"2026-09-16 22:23:33.417126+04","2026-09-16 22:24:14.567949+04",320,320,218,41.151,85.0000,91.4700,84.48470,-0.6099
807,"2026-09-16 22:25:52.747421+04","2026-09-16 22:26:31.081539+04",315,315,214,38.334,85.0000,91.4900,84.48739,-0.6067
808,"2026-09-16 22:28:13.33743+04","2026-09-16 22:28:51.873631+04",310,310,210,38.536,85.0000,91.5700,84.50427,-0.5866
809,"2026-09-16 22:30:33.324577+04","2026-09-16 22:31:12.572155+04",308,308,209,39.248,84.9900,91.1000,84.49175,-0.5897
810,"2026-09-16 22:32:52.752748+04","2026-09-16 22:33:32.744138+04",306,306,209,39.991,84.9900,91.2700,84.50314,-0.5761
811,"2026-09-16 22:35:13.432503+04","2026-09-16 22:35:54.772056+04",302,302,206,41.340,85.0000,91.4700,84.50072,-0.5909
812,"2026-09-16 22:37:33.460462+04","2026-09-16 22:38:11.626704+04",310,310,212,38.166,85.0000,91.4250,84.50252,-0.5887
813,"2026-09-16 22:39:52.762885+04","2026-09-16 22:40:32.970309+04",312,312,215,40.207,85.0000,91.0000,84.49007,-0.6035
814,"2026-09-16 22:42:13.47784+04","2026-09-16 22:42:51.568859+04",305,305,211,38.091,85.0000,91.4000,84.50313,-0.5880
815,"2026-09-16 22:44:33.392111+04","2026-09-16 22:45:13.551697+04",301,301,206,40.160,84.0000,91.5000,84.49152,0.5817
816,"2026-09-16 22:46:52.774318+04","2026-09-16 22:47:32.022616+04",303,303,206,39.248,85.0000,91.4900,84.49861,-0.5934
817,"2026-09-16 22:49:13.298392+04","2026-09-16 22:49:53.143363+04",300,300,204,39.845,85.0000,91.4950,84.49084,-0.6026
818,"2026-09-16 22:51:33.31095+04","2026-09-16 22:52:11.35124+04",302,302,203,38.040,85.0000,91.5700,84.48547,-0.6090
819,"2026-09-16 22:53:52.770553+04","2026-09-16 22:54:21.159945+04",294,294,196,28.389,85.0000,91.8200,84.50124,-0.5902
820,"2026-09-16 22:56:13.297334+04","2026-09-16 22:56:41.646061+04",295,295,197,28.349,85.0000,91.8600,84.49377,-0.5991
821,"2026-09-16 22:58:33.284989+04","2026-09-16 22:59:04.507088+04",290,290,192,31.222,85.0000,91.8650,84.49374,-0.5992
822,"2026-09-16 23:00:52.777488+04","2026-09-16 23:01:23.879694+04",288,288,191,31.102,85.0000,91.6950,84.48536,-0.6091
823,"2026-09-16 23:03:13.284572+04","2026-09-16 23:03:43.388875+04",285,285,190,30.104,85.0000,91.5000,84.48826,-0.6057
824,"2026-09-16 23:05:33.329677+04","2026-09-16 23:06:03.61917+04",283,283,190,30.289,85.0000,91.5000,84.48526,-0.6093
825,"2026-09-16 23:07:52.781307+04","2026-09-16 23:08:22.107657+04",281,281,187,29.326,85.0000,91.7500,84.48138,-0.6139
826,"2026-09-16 23:10:13.283789+04","2026-09-16 23:10:40.352869+04",276,276,182,27.069,84.0000,91.8750,84.50114,0.5931
827,"2026-09-16 23:12:33.190907+04","2026-09-16 23:13:02.308142+04",292,292,193,29.117,85.0000,91.4500,84.49897,-0.5929
828,"2026-09-16 23:14:52.78563+04","2026-09-16 23:15:22.835525+04",296,296,190,30.050,85.0000,91.4950,84.50548,-0.5852
829,"2026-09-16 23:17:13.316223+04","2026-09-16 23:17:42.305202+04",296,296,192,28.989,85.0000,91.6950,84.50085,-0.5907
830,"2026-09-16 23:19:33.313085+04","2026-09-16 23:20:01.718327+04",281,281,181,28.405,85.0000,91.7500,84.48776,-0.6063
831,"2026-09-16 23:21:52.789753+04","2026-09-16 23:22:22.062989+04",281,281,185,29.273,85.0000,91.4000,84.50349,-0.5876
832,"2026-09-16 23:24:13.158543+04","2026-09-16 23:24:43.194291+04",275,275,177,30.036,85.0000,91.7500,84.49346,-0.5995
833,"2026-09-16 23:26:33.35781+04","2026-09-16 23:27:03.978352+04",270,270,176,30.621,85.0000,91.7650,84.50080,-0.5908
834,"2026-09-16 23:28:52.796393+04","2026-09-16 23:29:22.829349+04",271,271,177,30.033,85.0000,91.6400,84.50349,-0.5876
835,"2026-09-16 23:31:13.182063+04","2026-09-16 23:31:42.248014+04",271,271,179,29.066,85.0000,91.7500,84.48753,-0.6066
836,"2026-09-16 23:33:33.315325+04","2026-09-16 23:34:02.734964+04",258,258,171,29.420,85.0000,91.8750,84.50219,-0.5891
837,"2026-09-16 23:35:52.80113+04","2026-09-16 23:36:21.421203+04",263,263,169,28.620,85.0000,91.9000,84.49176,-0.6015
838,"2026-09-16 23:38:13.319315+04","2026-09-16 23:38:41.259379+04",261,261,167,27.940,85.0000,91.9000,84.50522,-0.5855
839,"2026-09-16 23:40:33.350547+04","2026-09-16 23:40:59.676398+04",268,268,175,26.326,85.0000,91.7650,84.48539,-0.6091
840,"2026-09-16 23:42:52.805678+04","2026-09-16 23:43:22.75752+04",266,266,168,29.952,85.0000,91.8750,84.49195,-0.6013
841,"2026-09-16 23:45:13.457217+04","2026-09-16 23:45:43.616504+04",259,259,165,30.159,85.0000,91.9000,84.49392,-0.5990
842,"2026-09-16 23:47:33.395317+04","2026-09-16 23:48:04.644632+04",261,261,171,31.249,85.0000,91.8700,84.49193,-0.6013
843,"2026-09-16 23:49:52.812558+04","2026-09-16 23:50:24.103907+04",257,257,172,31.291,85.0000,91.7800,84.49506,-0.5976
844,"2026-09-16 23:52:13.379175+04","2026-09-16 23:52:41.583977+04",256,256,170,28.205,85.0000,91.6950,84.50344,-0.5876
845,"2026-09-16 23:54:33.367131+04","2026-09-16 23:55:05.304371+04",248,248,164,31.937,85.0000,91.5700,84.50376,-0.5872
846,"2026-09-16 23:56:52.819147+04","2026-09-16 23:57:23.847828+04",252,252,167,31.029,85.0000,91.8900,84.49662,-0.5957
847,"2026-09-16 23:59:13.328175+04","2026-09-16 23:59:42.26056+04",254,254,167,28.932,85.0000,91.8650,84.49606,-0.5964
848,"2026-09-17 00:01:35.821183+04","2026-09-17 00:02:03.960454+04",241,241,161,28.139,85.0000,91.8800,84.48544,-0.6091
849,"2026-09-17 00:03:53.348296+04","2026-09-17 00:04:21.452789+04",232,232,156,28.104,85.0000,91.8900,84.48928,-0.6045
850,"2026-09-17 00:06:13.350738+04","2026-09-17 00:06:41.477206+04",229,229,153,28.126,85.0000,91.9000,84.49530,-0.5973
851,"2026-09-17 00:08:33.520855+04","2026-09-17 00:09:01.842043+04",227,227,155,28.321,85.0000,91.8700,84.49759,-0.5946
852,"2026-09-17 00:10:53.419477+04","2026-09-17 00:11:21.546075+04",220,220,148,28.127,85.0000,91.9900,84.49366,-0.5993
853,"2026-09-17 00:13:13.357354+04","2026-09-17 00:13:42.480779+04",222,222,151,29.123,85.0000,91.9000,84.49012,-0.6035
854,"2026-09-17 00:15:33.207629+04","2026-09-17 00:16:01.130785+04",219,219,146,27.923,85.0000,91.9900,84.49092,-0.6025
855,"2026-09-17 00:17:53.378059+04","2026-09-17 00:18:24.89753+04",223,223,151,31.519,85.0000,91.9000,84.50225,-0.5890
856,"2026-09-17 00:20:13.395568+04","2026-09-17 00:20:41.540332+04",216,216,144,28.145,85.0000,92.0000,84.49942,-0.5924
857,"2026-09-17 00:22:33.394171+04","2026-09-17 00:23:04.441624+04",212,212,143,31.047,85.0000,92.0000,84.50130,-0.5902
858,"2026-09-17 00:24:53.441847+04","2026-09-17 00:25:20.560946+04",215,215,143,27.119,85.0000,92.0000,84.50049,-0.5911
859,"2026-09-17 00:27:13.414371+04","2026-09-17 00:27:45.494795+04",219,219,145,32.080,85.0000,91.9000,84.49193,-0.6013
860,"2026-09-17 00:29:33.403918+04","2026-09-17 00:30:02.463085+04",218,218,146,29.059,85.0000,91.9400,84.50062,-0.5910
861,"2026-09-17 00:31:53.386049+04","2026-09-17 00:32:25.568237+04",212,212,142,32.182,85.0000,91.9850,84.50630,-0.5842
862,"2026-09-17 00:34:13.417627+04","2026-09-17 00:34:41.621626+04",213,213,142,28.204,85.0000,91.9800,84.50406,-0.5869
863,"2026-09-17 00:36:33.37367+04","2026-09-17 00:37:01.38786+04",219,219,147,28.014,85.0000,91.5000,84.47873,-0.6170
864,"2026-09-17 00:38:53.416419+04","2026-09-17 00:39:26.763273+04",211,211,141,33.347,85.0000,91.7500,84.50609,-0.5845
865,"2026-09-17 00:41:13.376555+04","2026-09-17 00:41:41.256828+04",213,213,140,27.880,85.0000,91.5000,84.48694,-0.6073
866,"2026-09-17 00:43:33.355513+04","2026-09-17 00:44:01.227002+04",211,211,139,27.871,85.0000,91.4500,84.50036,-0.5913
867,"2026-09-17 00:45:53.234001+04","2026-09-17 00:46:24.153615+04",216,216,145,30.920,85.0000,91.1700,84.48338,-0.6115
868,"2026-09-17 00:48:13.387764+04","2026-09-17 00:48:41.327072+04",215,215,142,27.939,85.0000,91.4500,84.49883,-0.5931
869,"2026-09-17 00:50:33.363696+04","2026-09-17 00:51:02.223683+04",205,205,135,28.860,85.0000,91.7500,84.49699,-0.5953
870,"2026-09-17 00:52:53.401921+04","2026-09-17 00:53:22.410525+04",209,209,138,29.009,85.0000,91.5000,84.49858,-0.5934
871,"2026-09-17 00:55:13.221128+04","2026-09-17 00:55:43.046689+04",205,205,136,29.826,85.0000,91.4900,84.48734,-0.6068
872,"2026-09-17 00:57:33.376171+04","2026-09-17 00:58:04.398577+04",208,208,137,31.022,85.0000,91.6000,84.50351,-0.5875
873,"2026-09-17 00:59:53.384255+04","2026-09-17 01:00:23.228586+04",201,201,132,29.844,85.0000,91.5000,84.50112,-0.5904
874,"2026-09-17 01:02:13.377991+04","2026-09-17 01:02:41.213699+04",200,200,131,27.836,85.0000,91.7650,84.48050,-0.6149
875,"2026-09-17 01:04:33.403252+04","2026-09-17 01:04:51.916207+04",198,198,130,18.513,85.0000,91.8300,84.50090,-0.5906
876,"2026-09-17 01:06:53.407076+04","2026-09-17 01:07:22.973353+04",201,201,132,29.566,85.0000,91.7800,84.48386,-0.6109
877,"2026-09-17 01:09:13.379886+04","2026-09-17 01:09:32.722602+04",198,198,130,19.343,85.0000,91.7250,84.49137,-0.6020
878,"2026-09-17 01:11:33.416494+04","2026-09-17 01:11:51.748247+04",198,198,129,18.332,85.0000,91.7250,84.49258,-0.6005
879,"2026-09-17 01:13:53.390106+04","2026-09-17 01:14:12.041984+04",194,194,125,18.652,85.0000,91.8300,84.49833,-0.5937
880,"2026-09-17 01:16:13.240693+04","2026-09-17 01:16:33.020546+04",196,196,127,19.780,85.0000,91.7000,84.49167,-0.6016
881,"2026-09-17 01:18:33.417627+04","2026-09-17 01:18:54.735272+04",193,193,123,21.318,85.0000,91.7800,84.49743,-0.5948
882,"2026-09-17 01:20:53.391399+04","2026-09-17 01:21:15.105239+04",193,193,125,21.714,85.0000,91.7000,84.49607,-0.5964
883,"2026-09-17 01:23:13.396322+04","2026-09-17 01:23:31.682285+04",192,192,123,18.286,85.0000,91.7250,84.49941,-0.5924
884,"2026-09-17 01:25:33.398771+04","2026-09-17 01:25:50.690668+04",189,189,121,17.292,85.0000,91.7800,84.49970,-0.5921
885,"2026-09-17 01:27:53.409492+04","2026-09-17 01:28:13.696455+04",193,193,126,20.287,85.0000,91.7000,84.49193,-0.6013
886,"2026-09-17 01:30:13.433776+04","2026-09-17 01:30:30.702035+04",193,193,127,17.268,85.0000,91.7000,84.49168,-0.6016
887,"2026-09-17 01:32:33.389401+04","2026-09-17 01:32:53.118189+04",191,191,125,19.729,85.0000,91.7000,84.50067,-0.5909
888,"2026-09-17 01:34:53.4434+04","2026-09-17 01:35:12.952526+04",190,190,123,19.509,85.0000,91.4450,84.50244,-0.5888
889,"2026-09-17 01:37:13.402835+04","2026-09-17 01:37:34.180543+04",187,187,121,20.778,85.0000,91.5000,84.49322,-0.5998
890,"2026-09-17 01:39:33.454938+04","2026-09-17 01:39:54.057386+04",183,183,118,20.602,85.0000,91.4900,84.47987,-0.6157
891,"2026-09-17 01:41:53.414264+04","2026-09-17 01:42:10.702542+04",189,189,121,17.288,85.0000,91.3900,84.48278,-0.6122
892,"2026-09-17 01:44:13.415656+04","2026-09-17 01:44:32.000598+04",186,186,125,18.585,85.0000,90.6150,84.49694,-0.5954
893,"2026-09-17 01:46:33.255706+04","2026-09-17 01:46:52.5551+04",183,183,121,19.299,85.0000,90.9900,84.49538,-0.5972
894,"2026-09-17 01:48:53.435996+04","2026-09-17 01:49:13.017406+04",180,180,118,19.581,84.9900,91.0000,84.48196,-0.6014
895,"2026-09-17 01:51:13.267326+04","2026-09-17 01:51:45.794951+04",177,177,119,32.528,85.0000,90.9900,84.49387,-0.5990
896,"2026-09-17 01:53:33.419527+04","2026-09-17 01:53:54.141927+04",172,172,115,20.722,85.0000,90.9950,84.49090,-0.6026
897,"2026-09-17 01:55:53.436083+04","2026-09-17 01:56:13.717852+04",173,173,114,20.282,85.0000,90.9900,84.48564,-0.6088
898,"2026-09-17 01:58:13.4267+04","2026-09-17 01:58:33.864373+04",169,169,113,20.438,85.0000,91.0000,84.49169,-0.6016
899,"2026-09-17 02:00:33.34446+04","2026-09-17 02:00:54.840359+04",166,166,107,21.496,85.0000,91.2450,84.49676,-0.5956
900,"2026-09-17 02:02:53.450505+04","2026-09-17 02:03:11.850418+04",163,163,106,18.400,85.0000,91.5000,84.50212,-0.5892
901,"2026-09-17 02:05:13.429844+04","2026-09-17 02:05:32.776308+04",164,164,108,19.346,85.0000,91.4950,84.48153,-0.6137
902,"2026-09-17 02:07:33.449051+04","2026-09-17 02:07:52.210736+04",162,162,107,18.762,85.0000,91.6000,84.50743,-0.5829
903,"2026-09-17 02:09:53.431857+04","2026-09-17 02:10:10.807606+04",156,156,103,17.376,85.0000,91.6000,84.50556,-0.5851
904,"2026-09-17 02:12:13.436626+04","2026-09-17 02:12:31.830535+04",157,157,105,18.394,85.0000,91.0000,84.50363,-0.5874
905,"2026-09-17 02:14:33.439447+04","2026-09-17 02:14:50.770528+04",159,159,105,17.331,85.0000,91.0000,84.48416,-0.6106
906,"2026-09-17 02:16:53.445387+04","2026-09-17 02:17:12.698362+04",157,157,103,19.253,85.0000,91.4900,84.49756,-0.5946
907,"2026-09-17 02:19:13.422025+04","2026-09-17 02:19:31.812018+04",166,166,111,18.390,85.0000,90.8500,84.48731,-0.6068
908,"2026-09-17 02:21:33.444039+04","2026-09-17 02:21:53.929194+04",167,167,110,20.485,85.0000,90.9000,84.47974,-0.6158
909,"2026-09-17 02:23:53.461842+04","2026-09-17 02:24:14.512842+04",167,167,111,21.051,85.0000,90.9000,84.50147,-0.5900
910,"2026-09-17 02:26:13.441311+04","2026-09-17 02:26:30.790546+04",168,168,111,17.349,85.0000,90.8500,84.50119,-0.5903
911,"2026-09-17 02:28:33.459184+04","2026-09-17 02:28:53.886624+04",163,163,109,20.427,85.0000,90.9000,84.48532,-0.6092
912,"2026-09-17 02:30:53.315397+04","2026-09-17 02:31:13.658465+04",163,163,109,20.343,85.0000,90.9000,84.49772,-0.5944
913,"2026-09-17 02:33:13.457323+04","2026-09-17 02:33:30.97553+04",165,165,111,17.518,85.0000,90.8000,84.49079,-0.6027
914,"2026-09-17 02:35:33.462155+04","2026-09-17 02:35:50.939304+04",160,160,107,17.477,85.0000,90.9950,84.48738,-0.6067
915,"2026-09-17 02:37:53.445237+04","2026-09-17 02:38:10.905224+04",158,158,108,17.460,85.0000,90.8500,84.46716,-0.6308
916,"2026-09-17 02:40:13.453805+04","2026-09-17 02:40:32.37374+04",160,160,108,18.920,84.8000,90.9450,84.47878,-0.3802
917,"2026-09-17 02:42:33.460462+04","2026-09-17 02:42:51.986227+04",158,158,106,18.526,85.0000,90.9450,84.46973,-0.6278
918,"2026-09-17 02:44:53.477752+04","2026-09-17 02:45:13.83895+04",158,158,107,20.361,85.0000,90.5000,84.48645,-0.6078
919,"2026-09-17 02:47:14.694079+04","2026-09-17 02:47:33.148192+04",160,160,107,18.454,85.0000,90.7650,84.47532,-0.6211
920,"2026-09-17 02:49:34.682214+04","2026-09-17 02:49:51.965267+04",160,160,105,17.283,85.0000,90.7650,84.47778,-0.6182
921,"2026-09-17 02:51:54.69591+04","2026-09-17 02:52:13.108523+04",164,164,110,18.413,85.0000,90.5000,84.47475,-0.6218
922,"2026-09-17 02:54:14.70124+04","2026-09-17 02:54:32.98261+04",162,162,109,18.281,85.0000,90.5000,84.49879,-0.5932
923,"2026-09-17 02:56:34.697086+04","2026-09-17 02:56:54.091915+04",161,161,110,19.395,85.0000,90.5000,84.47667,-0.6195
924,"2026-09-17 02:58:54.710684+04","2026-09-17 02:59:15.049537+04",157,157,107,20.339,85.0000,90.8000,84.50011,-0.5916
925,"2026-09-17 03:01:14.566575+04","2026-09-17 03:01:33.411796+04",158,158,107,18.845,85.0000,90.9500,84.50280,-0.5884
926,"2026-09-17 03:03:34.722093+04","2026-09-17 03:03:54.139037+04",152,152,104,19.417,85.0000,90.8500,84.49848,-0.5935
927,"2026-09-17 03:05:54.723072+04","2026-09-17 03:06:16.403052+04",155,155,105,21.680,85.0000,91.0000,84.49561,-0.5969
928,"2026-09-17 03:08:14.719627+04","2026-09-17 03:08:33.10722+04",153,153,103,18.388,85.0000,90.8000,84.50058,-0.5910
929,"2026-09-17 03:10:34.705811+04","2026-09-17 03:10:55.08475+04",157,157,106,20.379,85.0000,90.8000,84.49827,-0.5938
930,"2026-09-17 03:12:54.70995+04","2026-09-17 03:13:16.336549+04",152,152,102,21.627,85.0000,91.0000,84.50112,-0.5904
931,"2026-09-17 03:15:14.721011+04","2026-09-17 03:15:32.929965+04",155,155,104,18.209,85.0000,90.9000,84.49834,-0.5937
932,"2026-09-17 03:17:34.709034+04","2026-09-17 03:17:53.99679+04",155,155,104,19.288,85.0000,90.9000,84.50060,-0.5910
933,"2026-09-17 03:19:54.712253+04","2026-09-17 03:20:14.960583+04",153,153,103,20.248,85.0000,91.0000,84.49429,-0.5985
934,"2026-09-17 03:22:14.727368+04","2026-09-17 03:22:31.915182+04",154,154,103,17.188,85.0000,90.6500,84.48886,-0.6050
935,"2026-09-17 03:24:34.748956+04","2026-09-17 03:24:56.115839+04",150,150,99,21.367,85.0000,91.1500,84.50185,-0.5895
936,"2026-09-17 03:26:54.734591+04","2026-09-17 03:27:16.141777+04",150,150,102,21.407,85.0000,90.9500,84.50527,-0.5854
937,"2026-09-17 03:29:14.73689+04","2026-09-17 03:29:32.946868+04",146,146,96,18.210,85.0000,91.3950,84.49484,-0.5979
938,"2026-09-17 03:31:34.583695+04","2026-09-17 03:31:52.93174+04",144,144,95,18.348,85.0000,91.4950,84.49721,-0.5950
939,"2026-09-17 03:33:54.724212+04","2026-09-17 03:34:15.898939+04",149,149,99,21.175,85.0000,91.4900,84.50025,-0.5914
940,"2026-09-17 03:36:14.73302+04","2026-09-17 03:36:32.504964+04",145,145,98,17.772,84.9900,91.0000,84.49577,-0.5849
941,"2026-09-17 03:38:34.716388+04","2026-09-17 03:38:53.221671+04",148,148,99,18.505,85.0000,91.2450,84.49165,-0.6017
942,"2026-09-17 03:40:54.741652+04","2026-09-17 03:41:15.149809+04",142,142,94,20.408,85.0000,91.6000,84.49380,-0.5991
943,"2026-09-17 03:43:14.73124+04","2026-09-17 03:43:36.193795+04",140,140,93,21.463,85.0000,91.7000,84.49971,-0.5921
944,"2026-09-17 03:45:34.568901+04","2026-09-17 03:45:53.783256+04",140,140,93,19.214,85.0000,91.7000,84.49869,-0.5933
945,"2026-09-17 03:47:54.750807+04","2026-09-17 03:48:12.080245+04",138,138,93,17.329,85.0000,91.2500,84.50250,-0.5887
946,"2026-09-17 03:50:14.727439+04","2026-09-17 03:50:33.969926+04",140,140,92,19.242,85.0000,91.7000,84.50589,-0.5847
947,"2026-09-17 03:52:34.74638+04","2026-09-17 03:52:52.947038+04",141,141,93,18.201,84.8700,91.5000,84.50704,-0.4295
948,"2026-09-17 03:54:54.767913+04","2026-09-17 03:55:14.180159+04",143,143,95,19.412,84.3000,91.0000,84.50610,0.2439
949,"2026-09-17 03:57:14.735581+04","2026-09-17 03:57:32.943701+04",148,148,101,18.208,84.3000,90.9000,84.50003,0.2367
950,"2026-09-17 03:59:34.722595+04","2026-09-17 03:59:52.118687+04",145,145,97,17.396,84.8700,91.0000,84.50390,-0.4332
951,"2026-09-17 04:01:55.03648+04","2026-09-17 04:02:15.770732+04",147,147,98,20.734,85.0000,91.0000,84.49963,-0.5922
952,"2026-09-17 04:04:14.775905+04","2026-09-17 04:04:33.968495+04",144,144,94,19.193,85.0000,91.6000,84.47178,-0.6253
953,"2026-09-17 04:06:34.742155+04","2026-09-17 04:06:53.929363+04",151,151,101,19.187,84.5000,91.0000,84.47569,-0.0288
954,"2026-09-17 04:08:54.764019+04","2026-09-17 04:09:12.977994+04",150,150,101,18.214,85.0000,91.0000,84.48243,-0.6126
955,"2026-09-17 04:11:14.733923+04","2026-09-17 04:11:33.041886+04",153,153,103,18.308,84.5000,91.0000,84.48483,-0.0180
956,"2026-09-17 04:13:34.75172+04","2026-09-17 04:13:52.050162+04",147,147,96,17.298,85.0000,91.5000,84.48281,-0.6122
957,"2026-09-17 04:15:54.614926+04","2026-09-17 04:16:13.890729+04",148,148,97,19.276,85.0000,91.2500,84.50366,-0.5874
958,"2026-09-17 04:18:14.773333+04","2026-09-17 04:18:35.749765+04",148,148,101,20.976,85.0000,91.0000,84.50237,-0.5889
959,"2026-09-17 04:20:34.742692+04","2026-09-17 04:20:56.653535+04",151,151,102,21.911,85.0000,91.0000,84.49226,-0.6009
960,"2026-09-17 04:22:54.779089+04","2026-09-17 04:23:14.497218+04",149,149,100,19.718,84.5000,91.0000,84.50398,0.0047
961,"2026-09-17 04:25:14.798994+04","2026-09-17 04:25:33.274118+04",146,146,97,18.475,85.0000,91.6000,84.50260,-0.5886
962,"2026-09-17 04:27:34.780354+04","2026-09-17 04:27:53.037015+04",144,144,99,18.257,85.0000,91.0000,84.50216,-0.5891
963,"2026-09-17 04:29:54.765176+04","2026-09-17 04:30:13.065124+04",141,141,94,18.300,85.0000,91.7800,84.50773,-0.5825
964,"2026-09-17 04:32:14.749409+04","2026-09-17 04:32:35.035224+04",143,143,97,20.286,85.0000,91.7000,84.49918,-0.5927
965,"2026-09-17 04:34:34.768112+04","2026-09-17 04:34:53.146847+04",143,143,96,18.379,85.0000,91.7000,84.50242,-0.5888
966,"2026-09-17 04:36:54.794081+04","2026-09-17 04:37:12.359254+04",148,148,98,17.565,85.0000,91.8300,84.48595,-0.6084
967,"2026-09-17 04:39:14.766313+04","2026-09-17 04:39:35.259159+04",150,150,102,20.493,85.0000,91.6000,84.50027,-0.5914
968,"2026-09-17 04:41:34.797533+04","2026-09-17 04:41:56.199287+04",154,154,103,21.402,85.0000,91.6000,84.49239,-0.6008
969,"2026-09-17 04:43:54.809431+04","2026-09-17 04:44:13.852759+04",149,149,100,19.043,85.0000,91.7800,84.49966,-0.5921
970,"2026-09-17 04:46:14.741189+04","2026-09-17 04:46:36.133264+04",155,155,101,21.392,85.0000,91.9000,84.50104,-0.5905
971,"2026-09-17 04:48:34.794968+04","2026-09-17 04:48:53.018084+04",151,151,97,18.223,85.0000,92.0000,84.48679,-0.6074
972,"2026-09-17 04:50:54.770686+04","2026-09-17 04:51:11.974498+04",154,154,101,17.204,85.0000,91.8300,84.49517,-0.5975
973,"2026-09-17 04:53:14.798765+04","2026-09-17 04:53:35.005673+04",155,155,100,20.207,85.0000,91.9000,84.50238,-0.5889
974,"2026-09-17 04:55:34.778721+04","2026-09-17 04:55:54.970616+04",154,154,99,20.192,85.0000,91.9600,84.50199,-0.5893
975,"2026-09-17 04:57:54.800621+04","2026-09-17 04:58:14.226873+04",155,155,99,19.426,85.0000,91.9200,84.50236,-0.5889
976,"2026-09-17 05:00:14.932762+04","2026-09-17 05:00:34.166528+04",148,148,95,19.234,85.0000,91.9100,84.49995,-0.5918
977,"2026-09-17 05:02:34.766679+04","2026-09-17 05:02:54.330307+04",148,148,95,19.564,85.0000,91.9100,84.50313,-0.5880
978,"2026-09-17 05:04:54.785457+04","2026-09-17 05:05:14.345184+04",148,148,98,19.560,85.0000,91.7400,84.49901,-0.5929
979,"2026-09-17 05:07:14.776836+04","2026-09-17 05:07:35.113189+04",148,148,95,20.336,84.9900,91.8900,84.49480,-0.5861
980,"2026-09-17 05:09:34.777477+04","2026-09-17 05:09:54.13901+04",147,147,97,19.362,85.0000,91.7800,84.50589,-0.5847
981,"2026-09-17 05:11:54.798878+04","2026-09-17 05:12:15.176775+04",144,144,92,20.378,85.0000,91.9600,84.48877,-0.6051
982,"2026-09-17 05:14:14.802155+04","2026-09-17 05:14:33.148588+04",148,148,96,18.346,85.0000,91.8900,84.50086,-0.5907
983,"2026-09-17 05:16:34.651051+04","2026-09-17 05:16:54.855451+04",149,149,97,20.204,85.0000,91.7800,84.49687,-0.5954
984,"2026-09-17 05:18:54.819664+04","2026-09-17 05:19:13.145008+04",148,148,96,18.325,85.0000,91.8900,84.50228,-0.5890
985,"2026-09-17 05:21:14.794151+04","2026-09-17 05:21:34.006881+04",149,149,97,19.213,85.0000,91.8800,84.51064,-0.5791
986,"2026-09-17 05:23:34.809543+04","2026-09-17 05:23:54.305452+04",152,152,101,19.496,85.0000,91.4750,84.50241,-0.5888
987,"2026-09-17 05:25:54.818047+04","2026-09-17 05:26:13.16767+04",155,155,100,18.350,85.0000,91.5000,84.50216,-0.5891
988,"2026-09-17 05:28:14.781826+04","2026-09-17 05:28:32.18728+04",162,162,103,17.405,85.0000,91.7000,84.49234,-0.6008
989,"2026-09-17 05:30:34.647947+04","2026-09-17 05:30:53.923728+04",156,156,99,19.276,85.0000,91.8300,84.49930,-0.5925
990,"2026-09-17 05:32:54.799926+04","2026-09-17 05:33:14.167505+04",158,158,98,19.368,85.0000,91.7000,84.49391,-0.5990
991,"2026-09-17 05:35:14.809937+04","2026-09-17 05:35:34.070428+04",156,156,96,19.260,84.9900,91.7000,84.50430,-0.5748
992,"2026-09-17 05:37:34.828797+04","2026-09-17 05:37:55.418465+04",151,151,91,20.590,85.0000,91.8800,84.50204,-0.5893
993,"2026-09-17 05:39:54.828756+04","2026-09-17 05:40:16.332998+04",149,149,88,21.504,85.0000,91.8900,84.49251,-0.6006
994,"2026-09-17 05:42:14.802215+04","2026-09-17 05:42:35.095596+04",152,152,92,20.293,85.0000,91.7400,84.50130,-0.5902
995,"2026-09-17 05:44:34.792795+04","2026-09-17 05:44:54.106259+04",155,155,93,19.313,85.0000,91.7000,84.50157,-0.5898
996,"2026-09-17 05:46:54.814474+04","2026-09-17 05:47:13.494596+04",158,158,95,18.680,85.0000,91.3500,84.49615,-0.5963
997,"2026-09-17 05:49:14.840636+04","2026-09-17 05:49:35.214043+04",158,158,97,20.373,85.0000,91.1200,84.49843,-0.5936
998,"2026-09-17 05:51:34.823594+04","2026-09-17 05:51:54.021891+04",152,152,90,19.198,85.0000,91.6000,84.48845,-0.6055
999,"2026-09-17 05:53:54.850868+04","2026-09-17 05:54:16.135931+04",152,152,90,21.285,85.0000,91.6000,84.50170,-0.5897
1000,"2026-09-17 05:56:14.837722+04","2026-09-17 05:56:33.076966+04",151,151,89,18.239,85.0000,91.7000,84.48656,-0.6077
1001,"2026-09-17 05:58:34.825702+04","2026-09-17 05:58:53.048541+04",151,151,91,18.223,85.0000,91.7000,84.50466,-0.5862
1002,"2026-09-17 06:00:54.697026+04","2026-09-17 06:01:14.332371+04",147,147,87,19.635,85.0000,91.8800,84.51355,-0.5756
1003,"2026-09-17 06:03:14.815858+04","2026-09-17 06:03:33.075524+04",146,146,88,18.260,85.0000,91.8850,84.49795,-0.5942
1004,"2026-09-17 06:05:34.8425+04","2026-09-17 06:05:56.031303+04",146,146,88,21.189,85.0000,91.8850,84.50746,-0.5828
1005,"2026-09-17 06:07:54.830456+04","2026-09-17 06:08:14.171425+04",148,148,90,19.341,84.5000,91.7400,84.49971,-0.0003
1006,"2026-09-17 06:10:14.825301+04","2026-09-17 06:10:33.435355+04",147,147,89,18.610,85.0000,91.7800,84.50481,-0.5860
1007,"2026-09-17 06:12:34.842818+04","2026-09-17 06:12:56.206004+04",151,151,91,21.363,85.0000,91.7000,84.50015,-0.5915
1008,"2026-09-17 06:14:54.837081+04","2026-09-17 06:15:12.201563+04",153,153,94,17.364,85.0000,91.5000,84.49998,-0.5917
1009,"2026-09-17 06:17:14.854987+04","2026-09-17 06:17:34.804531+04",148,148,90,19.950,85.0000,91.7400,84.49560,-0.5970
1010,"2026-09-17 06:19:34.905953+04","2026-09-17 06:19:56.364975+04",150,150,92,21.459,85.0000,91.7000,84.50091,-0.5906
1011,"2026-09-17 06:21:54.838288+04","2026-09-17 06:22:14.22716+04",152,152,99,19.389,85.0000,91.1200,84.49621,-0.5962
1012,"2026-09-17 06:24:14.861211+04","2026-09-17 06:24:33.200918+04",152,152,95,18.340,85.0000,91.6000,84.50150,-0.5899
1013,"2026-09-17 06:26:34.840239+04","2026-09-17 06:26:55.050068+04",149,149,92,20.210,85.0000,91.7000,84.49954,-0.5923
1014,"2026-09-17 06:28:54.857194+04","2026-09-17 06:29:13.48476+04",150,150,93,18.628,85.0000,91.7000,84.49523,-0.5974
1015,"2026-09-17 06:31:14.832589+04","2026-09-17 06:31:35.408625+04",147,147,91,20.576,85.0000,91.7000,84.49686,-0.5955
1016,"2026-09-17 06:33:34.84121+04","2026-09-17 06:33:55.167339+04",144,144,87,20.326,85.0000,91.8850,84.48830,-0.6056
1017,"2026-09-17 06:35:54.859076+04","2026-09-17 06:36:14.368315+04",147,147,90,19.509,85.0000,91.8800,84.49845,-0.5936
1018,"2026-09-17 06:38:14.880029+04","2026-09-17 06:38:37.185851+04",144,144,88,22.306,85.0000,92.0000,84.48111,-0.6142
1019,"2026-09-17 06:40:34.846753+04","2026-09-17 06:40:54.238551+04",150,150,92,19.392,85.0000,91.8850,84.48128,-0.6140
1020,"2026-09-17 06:42:54.848824+04","2026-09-17 06:43:16.113146+04",152,152,92,21.264,84.9400,91.8950,84.48880,-0.5340
1021,"2026-09-17 06:45:14.866444+04","2026-09-17 06:45:35.217102+04",154,154,94,20.351,85.0000,91.8300,84.49156,-0.6018
1022,"2026-09-17 06:47:34.853105+04","2026-09-17 06:47:55.147784+04",148,148,89,20.295,85.0000,91.9100,84.49021,-0.6034
1023,"2026-09-17 06:49:54.881081+04","2026-09-17 06:50:13.48211+04",145,145,87,18.601,85.0000,92.0000,84.50402,-0.5869
1024,"2026-09-17 06:52:14.881982+04","2026-09-17 06:52:34.083369+04",146,146,92,19.201,85.0000,91.8850,84.49751,-0.5947
1025,"2026-09-17 06:54:34.860825+04","2026-09-17 06:54:54.13457+04",156,156,96,19.274,84.9400,91.9100,84.50208,-0.5182
1026,"2026-09-17 06:56:54.882866+04","2026-09-17 06:57:15.150217+04",157,157,98,20.267,85.0000,91.8900,84.50188,-0.5895
1027,"2026-09-17 06:59:14.864201+04","2026-09-17 06:59:36.143967+04",150,150,95,21.280,85.0000,91.8300,84.49994,-0.5918
1028,"2026-09-17 07:01:34.708041+04","2026-09-17 07:01:52.17519+04",152,152,94,17.467,85.0000,91.9100,84.50071,-0.5909
1029,"2026-09-17 07:03:54.872306+04","2026-09-17 07:04:14.276377+04",155,155,97,19.404,84.9500,91.8900,84.49213,-0.5419
1030,"2026-09-17 07:06:14.869992+04","2026-09-17 07:06:34.863761+04",152,152,94,19.994,84.9500,91.8950,84.49045,-0.5439
1031,"2026-09-17 07:08:34.878695+04","2026-09-17 07:08:54.118813+04",157,157,97,19.240,84.9500,91.9000,84.49924,-0.5334
1032,"2026-09-17 07:10:54.908264+04","2026-09-17 07:11:15.191518+04",161,161,98,20.283,84.9500,91.9000,84.48718,-0.5478
1033,"2026-09-17 07:13:14.89712+04","2026-09-17 07:13:34.2982+04",161,161,99,19.401,84.9500,91.8900,84.49419,-0.5395
1034,"2026-09-17 07:15:34.733262+04","2026-09-17 07:15:56.044387+04",164,164,100,21.311,84.9500,91.8950,84.50091,-0.5315
1035,"2026-09-17 07:17:54.876124+04","2026-09-17 07:18:14.202421+04",163,163,100,19.326,84.9500,91.9000,84.49615,-0.5371
1036,"2026-09-17 07:20:14.872897+04","2026-09-17 07:20:34.317684+04",164,164,100,19.445,84.9500,91.9100,84.49925,-0.5334
1037,"2026-09-17 07:22:34.901993+04","2026-09-17 07:22:53.216709+04",161,161,99,18.315,84.3800,91.9000,84.48746,0.1272
1038,"2026-09-17 07:24:54.877936+04","2026-09-17 07:25:14.295651+04",161,161,99,19.418,84.9500,91.9000,84.49826,-0.5346
1039,"2026-09-17 07:27:14.892598+04","2026-09-17 07:27:34.809697+04",158,158,98,19.917,84.3800,91.8300,84.48958,0.1297
1040,"2026-09-17 07:29:34.721551+04","2026-09-17 07:29:54.992133+04",154,154,97,20.271,84.3800,91.8850,84.50182,0.1442
1041,"2026-09-17 07:31:54.771122+04","2026-09-17 07:32:13.039147+04",149,149,94,18.268,84.7000,91.8800,84.50091,-0.2356
1042,"2026-09-17 07:34:14.909472+04","2026-09-17 07:34:33.797322+04",149,149,95,18.888,84.7000,91.7000,84.49901,-0.2379
1043,"2026-09-17 07:36:34.908503+04","2026-09-17 07:36:52.101581+04",153,153,99,17.193,84.7000,91.7000,84.50047,-0.2361
1044,"2026-09-17 07:38:54.929137+04","2026-09-17 07:39:14.130007+04",161,161,101,19.201,84.7000,91.7000,84.49612,-0.2413
1045,"2026-09-17 07:41:14.900571+04","2026-09-17 07:41:35.220915+04",157,157,98,20.320,84.7000,91.7800,84.50085,-0.2357
1046,"2026-09-17 07:43:34.902019+04","2026-09-17 07:43:53.691982+04",163,163,102,18.790,84.7000,91.7000,84.50120,-0.2353
1047,"2026-09-17 07:45:54.793249+04","2026-09-17 07:46:16.198865+04",157,157,98,21.406,84.0000,91.8900,84.49098,0.5811
1048,"2026-09-17 07:48:14.919672+04","2026-09-17 07:48:32.128172+04",155,155,97,17.209,85.0000,91.9000,84.50037,-0.5913
1049,"2026-09-17 07:50:34.930979+04","2026-09-17 07:50:53.218165+04",157,157,98,18.287,85.0000,91.8900,84.49677,-0.5956
1050,"2026-09-17 07:52:54.904601+04","2026-09-17 07:53:13.466855+04",155,155,96,18.562,85.0000,91.9000,84.49830,-0.5937
1051,"2026-09-17 07:55:14.922474+04","2026-09-17 07:55:35.11063+04",161,161,104,20.188,84.0000,91.7000,84.40105,0.4752
1052,"2026-09-17 07:57:34.921122+04","2026-09-17 07:57:53.573104+04",168,168,106,18.652,85.0000,91.8850,84.31925,-0.8073
1053,"2026-09-17 07:59:54.911692+04","2026-09-17 08:00:15.777217+04",169,169,106,20.866,85.0000,91.7800,84.38612,-0.7275
1054,"2026-09-17 08:02:15.085618+04","2026-09-17 08:02:35.729703+04",172,172,110,20.644,85.0000,91.8300,84.38766,-0.7256
1055,"2026-09-17 08:04:34.919651+04","2026-09-17 08:04:53.319762+04",163,163,105,18.400,85.0000,91.8900,84.39125,-0.7213
1056,"2026-09-17 08:06:54.912651+04","2026-09-17 08:07:13.210869+04",164,164,106,18.298,84.5000,91.9100,84.41602,-0.0995
1057,"2026-09-17 08:09:14.937666+04","2026-09-17 08:09:34.322423+04",163,163,105,19.385,84.5000,91.9200,84.34486,-0.1839
1058,"2026-09-17 08:11:34.932227+04","2026-09-17 08:11:53.247616+04",168,168,107,18.315,85.0000,91.8850,84.34318,-0.7787
1059,"2026-09-17 08:13:54.908573+04","2026-09-17 08:14:14.734112+04",170,170,106,19.826,85.0000,91.8850,84.40498,-0.7050
1060,"2026-09-17 08:16:14.855381+04","2026-09-17 08:16:34.61979+04",171,171,107,19.764,85.0000,91.8900,84.40697,-0.7026
1061,"2026-09-17 08:18:34.940447+04","2026-09-17 08:18:55.754955+04",176,176,109,20.815,85.0000,91.8950,84.27789,-0.8568
1062,"2026-09-17 08:20:54.932878+04","2026-09-17 08:21:12.294896+04",177,177,113,17.362,84.9900,91.6600,84.36669,-0.7388
1063,"2026-09-17 08:23:14.950111+04","2026-09-17 08:23:39.591204+04",181,181,113,24.641,85.0000,91.7000,84.37439,-0.7415
1064,"2026-09-17 08:25:34.942074+04","2026-09-17 08:25:52.580383+04",186,186,115,17.638,85.0000,91.8850,84.41829,-0.6891
1065,"2026-09-17 08:27:54.928575+04","2026-09-17 08:28:14.59497+04",191,191,118,19.666,84.5000,91.8800,84.35471,-0.1722
1066,"2026-09-17 08:30:14.943065+04","2026-09-17 08:30:35.931149+04",193,193,117,20.988,85.0000,92.0000,84.32073,-0.8056
1067,"2026-09-17 08:32:34.936019+04","2026-09-17 08:32:55.216429+04",196,196,117,20.280,85.0000,91.8850,84.28457,-0.8488
1068,"2026-09-17 08:34:54.934948+04","2026-09-17 08:35:23.804511+04",197,197,117,28.870,85.0000,91.9200,84.40463,-0.7054
1069,"2026-09-17 08:37:14.938193+04","2026-09-17 08:37:33.243325+04",193,193,119,18.305,85.0000,91.8900,84.36253,-0.7556
1070,"2026-09-17 08:39:34.959838+04","2026-09-17 08:39:52.733003+04",190,190,118,17.773,85.0000,91.9050,84.41665,-0.6910
1071,"2026-09-17 08:41:54.962518+04","2026-09-17 08:42:13.220791+04",192,192,117,18.258,85.0000,91.9050,84.32942,-0.7952
1072,"2026-09-17 08:44:14.937676+04","2026-09-17 08:44:35.220771+04",194,194,119,20.283,85.0000,91.8850,84.39754,-0.7138
1073,"2026-09-17 08:46:34.960923+04","2026-09-17 08:46:53.269715+04",187,187,114,18.309,85.0000,91.9200,84.42122,-0.6856
1074,"2026-09-17 08:48:54.935173+04","2026-09-17 08:49:14.344012+04",190,190,117,19.409,85.0000,92.0000,84.40449,-0.7055
1075,"2026-09-17 08:51:14.96452+04","2026-09-17 08:51:33.38996+04",189,189,115,18.425,85.0000,92.0000,84.40073,-0.7100
1076,"2026-09-17 08:53:34.932391+04","2026-09-17 08:53:54.176927+04",197,197,121,19.245,84.5000,92.0000,84.53913,0.0463
1077,"2026-09-17 08:55:54.967804+04","2026-09-17 08:56:15.860548+04",195,195,120,20.893,85.0000,92.0000,84.50136,-0.5901
1078,"2026-09-17 08:58:14.960177+04","2026-09-17 08:58:32.297216+04",198,198,123,17.337,85.0000,92.0000,84.49419,-0.5986
1079,"2026-09-17 09:00:34.857449+04","2026-09-17 09:00:55.118903+04",196,196,124,20.261,85.0000,91.8850,84.50172,-0.5897
1080,"2026-09-17 09:02:54.985747+04","2026-09-17 09:03:24.850803+04",200,200,125,29.865,85.0000,91.9050,84.48794,-0.6061
1081,"2026-09-17 09:05:14.977684+04","2026-09-17 09:05:43.95169+04",203,203,128,28.974,84.5000,92.0000,84.46168,-0.0454
1082,"2026-09-17 09:07:34.956876+04","2026-09-17 09:08:01.227867+04",210,210,132,26.271,85.0000,91.9600,84.49857,-0.5934
1083,"2026-09-17 09:09:54.998841+04","2026-09-17 09:10:21.977587+04",214,214,134,26.979,85.0000,92.0000,84.50442,-0.5865
1084,"2026-09-17 09:12:14.968585+04","2026-09-17 09:12:43.052246+04",217,217,138,28.084,85.0000,91.8800,84.48873,-0.6051
1085,"2026-09-17 09:14:34.961297+04","2026-09-17 09:15:02.80252+04",223,223,140,27.841,85.0000,92.0000,84.49876,-0.5932
1086,"2026-09-17 09:16:54.987351+04","2026-09-17 09:17:25.823286+04",219,219,137,30.836,85.0000,92.0000,84.49657,-0.5958
1087,"2026-09-17 09:19:14.98763+04","2026-09-17 09:19:44.997684+04",221,221,140,30.010,85.0000,92.0000,84.49696,-0.5953
1088,"2026-09-17 09:21:34.954294+04","2026-09-17 09:22:04.534408+04",225,225,144,29.580,85.0000,91.7000,84.48996,-0.6037
1089,"2026-09-17 09:23:54.996951+04","2026-09-17 09:24:23.846403+04",227,227,144,28.849,85.0000,91.7000,84.48407,-0.6107
1090,"2026-09-17 09:26:14.97437+04","2026-09-17 09:26:43.195134+04",231,231,146,28.221,85.0000,91.6600,84.47881,-0.6169
1091,"2026-09-17 09:28:34.965612+04","2026-09-17 09:29:05.912607+04",237,237,150,30.947,85.0000,91.6000,84.50678,-0.5836
1092,"2026-09-17 09:30:54.843283+04","2026-09-17 09:31:24.807271+04",240,240,153,29.964,85.0000,91.5000,84.56846,-0.5103
1093,"2026-09-17 09:33:14.97375+04","2026-09-17 09:33:43.381261+04",244,244,155,28.408,85.0000,91.5000,84.54198,-0.5418
1094,"2026-09-17 09:35:34.978741+04","2026-09-17 09:36:05.403865+04",240,240,153,30.425,85.0000,91.6800,84.55981,-0.5206
1095,"2026-09-17 09:37:55.008965+04","2026-09-17 09:38:23.206565+04",249,249,157,28.198,85.0000,91.5000,84.54860,-0.5339
1096,"2026-09-17 09:40:14.981555+04","2026-09-17 09:40:45.067571+04",256,256,161,30.086,85.0000,91.6800,84.57799,-0.4990
1097,"2026-09-17 09:42:34.989905+04","2026-09-17 09:43:05.989705+04",252,252,159,31.000,85.0000,91.7400,84.55261,-0.5291
1098,"2026-09-17 09:44:55.010856+04","2026-09-17 09:45:22.204629+04",257,257,164,27.194,85.0000,91.7000,84.60495,-0.4669
1099,"2026-09-17 09:47:14.990539+04","2026-09-17 09:47:43.365798+04",258,258,163,28.375,85.0000,91.7000,84.59647,-0.4770
1100,"2026-09-17 09:49:34.978331+04","2026-09-17 09:50:02.819072+04",258,258,164,27.841,85.0000,91.9000,84.58827,-0.4867
1101,"2026-09-17 09:51:55.027014+04","2026-09-17 09:52:21.888881+04",258,258,159,26.862,85.0000,91.9000,84.58553,-0.4900
1102,"2026-09-17 09:54:14.992866+04","2026-09-17 09:54:42.114536+04",248,248,153,27.122,85.0000,92.0000,84.60494,-0.4669
1103,"2026-09-17 09:56:35.01355+04","2026-09-17 09:57:02.845858+04",249,249,155,27.832,85.0000,92.0000,84.62506,-0.4431
1104,"2026-09-17 09:58:55.013368+04","2026-09-17 09:59:25.204033+04",248,248,157,30.191,85.0000,92.0000,84.56683,-0.5122
1105,"2026-09-17 10:01:14.93361+04","2026-09-17 10:01:44.814745+04",253,253,163,29.881,85.0000,91.8800,84.57559,-0.5018
1106,"2026-09-17 10:03:35.002166+04","2026-09-17 10:04:02.918141+04",253,253,161,27.916,85.0000,92.0000,84.57280,-0.5051
1107,"2026-09-17 10:05:55.010368+04","2026-09-17 10:06:22.00632+04",263,263,167,26.996,85.0000,91.9400,84.58512,-0.4905
1108,"2026-09-17 10:08:15.015585+04","2026-09-17 10:08:42.081131+04",264,264,169,27.066,85.0000,91.9700,84.55090,-0.5312
1109,"2026-09-17 10:10:35.001725+04","2026-09-17 10:11:03.956075+04",261,261,167,28.954,85.0000,92.0000,84.46571,-0.6326
1110,"2026-09-17 10:12:55.030564+04","2026-09-17 10:13:24.99801+04",258,258,165,29.967,85.0000,92.0000,84.41685,-0.6908
1111,"2026-09-17 10:15:15.032249+04","2026-09-17 10:15:40.939905+04",262,262,167,25.908,85.0000,92.0000,84.39823,-0.7130
1112,"2026-09-17 10:17:34.996728+04","2026-09-17 10:18:03.873781+04",265,265,167,28.877,85.0000,92.0000,84.48506,-0.6095
1113,"2026-09-17 10:19:55.015575+04","2026-09-17 10:20:23.27066+04",274,274,176,28.255,85.0000,91.9300,84.47428,-0.6223
1114,"2026-09-17 10:22:15.046659+04","2026-09-17 10:22:45.870052+04",280,280,179,30.823,85.0000,91.9300,84.48919,-0.6046
1115,"2026-09-17 10:24:35.016181+04","2026-09-17 10:25:04.885639+04",281,281,178,29.869,85.0000,92.0000,84.54733,-0.5354
1116,"2026-09-17 10:26:55.025702+04","2026-09-17 10:27:24.066126+04",270,270,168,29.040,85.0000,92.0000,84.48180,-0.6134
1117,"2026-09-17 10:29:15.016336+04","2026-09-17 10:29:43.979704+04",271,271,172,28.963,85.0000,91.9400,84.45529,-0.6450
1118,"2026-09-17 10:31:34.932047+04","2026-09-17 10:32:05.00392+04",274,274,173,30.072,85.0000,91.9700,84.46743,-0.6305
1119,"2026-09-17 10:33:55.034579+04","2026-09-17 10:34:25.344246+04",273,273,172,30.310,85.0000,92.0000,84.42902,-0.6763
1120,"2026-09-17 10:36:15.025074+04","2026-09-17 10:36:43.062972+04",275,275,172,28.038,85.0000,92.0000,84.45873,-0.6409
1121,"2026-09-17 10:38:35.036723+04","2026-09-17 10:39:03.372812+04",272,272,168,28.336,85.0000,92.0000,84.45665,-0.6433
1122,"2026-09-17 10:40:55.075904+04","2026-09-17 10:41:23.316432+04",284,284,177,28.241,85.0000,92.0000,84.48287,-0.6121
1123,"2026-09-17 10:43:15.095268+04","2026-09-17 10:43:44.23913+04",279,279,171,29.144,85.0000,92.0000,84.47724,-0.6188
1124,"2026-09-17 10:45:34.872403+04","2026-09-17 10:46:01.02421+04",281,281,174,26.152,85.0000,92.0000,84.46687,-0.6312
1125,"2026-09-17 10:47:55.040992+04","2026-09-17 10:48:21.072945+04",288,288,176,26.032,85.0000,92.0000,84.47602,-0.6203
1126,"2026-09-17 10:50:15.042653+04","2026-09-17 10:50:45.537715+04",293,293,182,30.495,84.0000,91.8800,84.44961,0.5324
1127,"2026-09-17 10:52:35.04307+04","2026-09-17 10:53:01.998927+04",295,295,184,26.956,85.0000,91.8800,84.45446,-0.6460
1128,"2026-09-17 10:54:55.039029+04","2026-09-17 10:55:24.355043+04",299,299,192,29.316,85.0000,91.7500,84.48634,-0.6080
1129,"2026-09-17 10:57:15.068482+04","2026-09-17 10:57:54.624624+04",297,297,190,39.556,85.0000,91.5000,84.43780,-0.6658
1130,"2026-09-17 10:59:35.040367+04","2026-09-17 11:00:13.694261+04",305,305,193,38.654,85.0000,91.5000,84.49448,-0.5983
1131,"2026-09-17 11:01:55.035603+04","2026-09-17 11:02:30.63861+04",307,307,195,35.603,85.0000,91.5000,84.50374,-0.5873
1132,"2026-09-17 11:04:15.054306+04","2026-09-17 11:04:54.471964+04",306,306,198,39.418,85.0000,91.5000,84.45865,-0.6410
1133,"2026-09-17 11:06:35.062819+04","2026-09-17 11:07:13.695696+04",306,306,198,38.633,84.0000,91.5000,84.35357,0.4192
1134,"2026-09-17 11:08:55.085808+04","2026-09-17 11:09:33.972479+04",309,309,204,38.887,85.0000,91.5000,84.33552,-0.7879
1135,"2026-09-17 11:11:15.064847+04","2026-09-17 11:11:53.673539+04",316,316,203,38.609,85.0000,91.7650,84.38634,-0.7272
1136,"2026-09-17 11:13:34.907001+04","2026-09-17 11:14:14.392917+04",317,317,201,39.486,85.0000,91.7800,84.39801,-0.7133
1137,"2026-09-17 11:15:54.900373+04","2026-09-17 11:16:31.459644+04",317,317,201,36.559,85.0000,91.7000,84.35458,-0.7651
1138,"2026-09-17 11:18:15.049904+04","2026-09-17 11:18:55.655629+04",320,320,204,40.606,85.0000,91.5000,84.35142,-0.7689
1139,"2026-09-17 11:20:35.049191+04","2026-09-17 11:21:11.805969+04",313,313,201,36.757,85.0000,91.6600,84.20423,-0.9450
1140,"2026-09-17 11:22:55.096738+04","2026-09-17 11:23:33.013235+04",312,312,198,37.916,85.0000,91.7150,84.24649,-0.8944
1141,"2026-09-17 11:25:15.055323+04","2026-09-17 11:25:54.57642+04",317,317,204,39.521,85.0000,91.6600,84.21369,-0.9337
1142,"2026-09-17 15:46:02.51582+04","2026-09-17 15:46:40.45246+04",383,383,253,37.937,85.0000,91.0000,84.64603,-0.4182
1143,"2026-09-17 15:48:09.637392+04","2026-09-17 15:48:48.041325+04",381,381,253,38.404,85.0000,91.0000,84.62320,-0.4453
1144,"2026-09-17 15:49:09.637399+04","2026-09-17 15:49:48.976721+04",378,378,247,39.339,85.0000,91.2700,84.62320,-0.4453
1145,"2026-09-17 15:50:09.637678+04","2026-09-17 15:50:46.473502+04",377,377,257,36.836,85.0000,91.1900,84.62320,-0.4453
1146,"2026-09-17 15:51:09.638528+04","2026-09-17 15:51:44.239361+04",377,377,252,34.601,85.0000,91.3900,84.67335,-0.3858
1147,"2026-09-17 15:52:09.638728+04","2026-09-17 15:52:47.975455+04",373,373,251,38.337,85.0000,91.3900,84.67335,-0.3858
1148,"2026-09-17 15:53:09.638951+04","2026-09-17 15:53:47.82937+04",366,366,244,38.190,85.0000,91.2700,84.67335,-0.3858
1149,"2026-09-17 15:54:09.639127+04","2026-09-17 15:54:44.230645+04",369,369,245,34.592,85.0000,91.4300,84.68108,-0.3766
1150,"2026-09-17 15:55:09.6391+04","2026-09-17 15:55:46.195646+04",369,369,250,36.557,85.0000,91.3000,84.68108,-0.3766
1151,"2026-09-17 16:16:12.26535+04","2026-09-17 16:16:50.992194+04",378,378,253,38.727,85.0000,91.3250,84.59264,-0.4816
1152,"2026-09-17 16:17:12.266212+04","2026-09-17 16:17:51.927698+04",382,382,254,39.661,85.0000,91.3250,84.59264,-0.4816
1153,"2026-09-17 16:24:54.877917+04","2026-09-17 16:25:32.971822+04",372,372,247,38.094,85.0000,91.3750,84.50305,-0.5881
1154,"2026-09-17 16:25:54.878311+04","2026-09-17 16:26:32.653755+04",368,368,237,37.775,85.0000,91.4450,84.50305,-0.5881
1155,"2026-09-17 16:26:54.878845+04","2026-09-17 16:27:31.267177+04",362,362,236,36.388,85.0000,91.5000,84.53066,-0.5552
1156,"2026-09-17 16:27:54.879463+04","2026-09-17 16:28:35.13644+04",368,368,242,40.257,85.0000,91.4850,84.53066,-0.5552
1157,"2026-09-17 16:28:54.87985+04","2026-09-17 16:29:32.478361+04",374,374,246,37.599,85.0000,91.4800,84.52683,-0.5598
1158,"2026-09-17 16:29:54.881424+04","2026-09-17 16:30:30.306762+04",363,363,239,35.425,85.0000,91.4800,84.52683,-0.5598
1159,"2026-09-17 16:30:54.883307+04","2026-09-17 16:31:33.519588+04",363,363,242,38.636,85.0000,91.4000,84.50816,-0.5820
1160,"2026-09-17 16:31:54.885009+04","2026-09-17 16:32:28.137194+04",370,370,248,33.252,85.0000,91.4350,84.50816,-0.5820
1161,"2026-09-17 16:32:54.886622+04","2026-09-17 16:33:33.249662+04",372,372,248,38.363,85.0000,91.3750,84.53876,-0.5456
1162,"2026-09-17 16:33:54.888296+04","2026-09-17 16:34:30.315234+04",364,364,240,35.427,85.0000,91.4650,84.53876,-0.5456
1163,"2026-09-17 16:34:54.889857+04","2026-09-17 16:35:33.244254+04",368,368,240,38.354,85.0000,91.4650,84.53944,-0.5448
1164,"2026-09-17 16:35:54.893864+04","2026-09-17 16:36:31.130129+04",365,365,241,36.236,85.0000,91.4900,84.53944,-0.5448
1165,"2026-09-17 16:36:54.897776+04","2026-09-17 16:37:31.116946+04",360,360,236,36.219,85.0000,91.4950,84.54273,-0.5409
1166,"2026-09-17 16:37:54.896968+04","2026-09-17 16:38:30.111482+04",356,356,235,35.215,85.0000,91.5500,84.54273,-0.5409
1167,"2026-09-17 16:38:54.89869+04","2026-09-17 16:39:33.344878+04",360,360,237,38.446,85.0000,91.4850,84.54071,-0.5433
1168,"2026-09-17 16:39:54.900127+04","2026-09-17 16:40:33.049127+04",366,366,242,38.149,85.0000,91.5500,84.54071,-0.5433
1169,"2026-09-17 16:40:54.900136+04","2026-09-17 16:41:36.992164+04",370,370,247,42.092,85.0000,91.4650,84.54015,-0.5439
1170,"2026-09-17 16:41:54.900547+04","2026-09-17 16:42:30.094355+04",373,373,244,35.194,85.0000,91.4800,84.54015,-0.5439
1171,"2026-09-17 16:42:54.901281+04","2026-09-17 16:43:30.794037+04",373,373,244,35.893,85.0000,91.4400,84.54664,-0.5362
1172,"2026-09-17 16:43:54.901903+04","2026-09-17 16:44:31.091134+04",372,372,242,36.189,85.0000,91.4450,84.54664,-0.5362
1173,"2026-09-17 16:44:54.902107+04","2026-09-17 16:45:32.07518+04",370,370,240,37.173,85.0000,91.4650,84.54112,-0.5428
1174,"2026-09-17 16:45:54.902871+04","2026-09-17 16:46:31.723698+04",370,370,241,36.821,85.0000,91.4800,84.54112,-0.5428
1175,"2026-09-17 16:46:54.90356+04","2026-09-17 16:47:35.638697+04",363,363,239,40.735,85.0000,91.4500,84.54407,-0.5393
1176,"2026-09-17 16:47:54.903976+04","2026-09-17 16:48:35.535715+04",354,354,235,40.632,85.0000,91.4650,84.54407,-0.5393
1177,"2026-09-17 16:48:54.90446+04","2026-09-17 16:49:32.160549+04",358,358,237,37.256,85.0000,91.4800,84.53863,-0.5458
1178,"2026-09-17 16:49:54.905252+04","2026-09-17 16:50:33.280312+04",358,358,239,38.375,85.0000,91.4650,84.53863,-0.5458
1179,"2026-09-17 16:50:54.905659+04","2026-09-17 16:51:31.233787+04",357,357,237,36.328,85.0000,91.4900,84.53863,-0.5458
1180,"2026-09-17 16:51:54.906339+04","2026-09-17 16:52:29.068759+04",352,352,234,34.162,85.0000,91.4450,84.54328,-0.5402
1181,"2026-09-17 16:52:54.907278+04","2026-09-17 16:53:32.847786+04",351,351,234,37.941,85.0000,91.4500,84.54328,-0.5402
1182,"2026-09-17 16:53:54.907678+04","2026-09-17 16:54:34.187034+04",351,351,235,39.279,82.8000,91.4400,84.54158,2.0600
1183,"2026-09-17 16:54:54.908652+04","2026-09-17 16:55:32.739365+04",361,361,241,37.831,82.8000,91.4400,84.54158,2.0600
1184,"2026-09-17 16:55:54.909584+04","2026-09-17 16:56:31.707504+04",357,357,240,36.798,85.0000,91.4000,84.52892,-0.5573
1185,"2026-09-17 16:56:54.910031+04","2026-09-17 16:57:29.116386+04",357,357,239,34.206,85.0000,91.4000,84.52892,-0.5573
1186,"2026-09-17 16:57:54.910441+04","2026-09-17 16:58:34.244658+04",353,353,238,39.334,85.0000,91.3500,84.53162,-0.5541
1187,"2026-09-17 16:58:54.910958+04","2026-09-17 16:59:31.572667+04",356,356,236,36.662,85.0000,91.4150,84.53162,-0.5541
1188,"2026-09-17 16:59:54.911205+04","2026-09-17 17:00:33.599713+04",359,359,239,38.689,85.0000,91.4000,84.53595,-0.5489
1189,"2026-09-17 17:00:54.912377+04","2026-09-17 17:01:33.83927+04",354,354,237,38.927,85.0000,91.4350,84.53595,-0.5489
1190,"2026-09-17 17:01:54.912909+04","2026-09-17 17:02:28.19796+04",360,360,242,33.285,85.0000,91.4050,84.53396,-0.5513
1191,"2026-09-17 17:02:54.913624+04","2026-09-17 17:03:32.410077+04",355,355,240,37.496,85.0000,91.4100,84.53396,-0.5513
1192,"2026-09-17 17:03:54.91401+04","2026-09-17 17:04:31.243821+04",352,352,238,36.330,85.0000,91.4350,84.54061,-0.5434
1193,"2026-09-17 17:04:54.91428+04","2026-09-17 17:05:31.371141+04",349,349,236,36.457,85.0000,91.4300,84.54061,-0.5434
1194,"2026-09-17 17:05:54.915092+04","2026-09-17 17:06:33.725619+04",354,354,240,38.811,85.0000,91.4050,84.53968,-0.5445
1195,"2026-09-17 17:06:54.915582+04","2026-09-17 17:07:32.415326+04",352,352,237,37.500,85.0000,91.4000,84.53968,-0.5445
1196,"2026-09-17 17:07:54.916264+04","2026-09-17 17:08:30.271856+04",357,357,238,35.356,85.0000,91.4000,84.53253,-0.5530
1197,"2026-09-17 17:08:54.91658+04","2026-09-17 17:09:32.076867+04",360,360,241,37.160,85.0000,91.3250,84.53253,-0.5530
1198,"2026-09-17 17:09:54.917391+04","2026-09-17 17:10:33.740433+04",357,357,237,38.823,85.0000,91.4000,84.52896,-0.5573
1199,"2026-09-17 17:10:54.918093+04","2026-09-17 17:11:32.407216+04",360,360,242,37.489,85.0000,91.3750,84.52896,-0.5573
1200,"2026-09-17 17:11:54.918169+04","2026-09-17 17:12:31.045271+04",350,350,234,36.127,85.0000,91.4150,84.52369,-0.5635
1201,"2026-09-17 17:12:54.919103+04","2026-09-17 17:13:32.353744+04",349,349,235,37.435,85.0000,91.4800,84.52369,-0.5635
1202,"2026-09-17 17:13:54.919725+04","2026-09-17 17:14:33.125704+04",349,349,235,38.206,84.0000,91.8000,84.52571,0.6220
1203,"2026-09-17 17:14:54.920179+04","2026-09-17 17:15:33.636627+04",350,350,237,38.716,85.0000,91.5500,84.52571,-0.5611
1204,"2026-09-17 17:15:54.920633+04","2026-09-17 17:16:30.732243+04",349,349,236,35.812,85.0000,91.6000,84.52711,-0.5595
1205,"2026-09-17 17:16:54.921271+04","2026-09-17 17:17:34.291434+04",351,351,239,39.370,85.0000,91.5000,84.52711,-0.5595
1206,"2026-09-17 17:17:54.921784+04","2026-09-17 17:18:33.20219+04",356,356,242,38.280,85.0000,91.4650,84.52757,-0.5589
1207,"2026-09-17 17:18:54.922553+04","2026-09-17 17:19:31.90194+04",359,359,241,36.979,85.0000,91.4300,84.52757,-0.5589
1208,"2026-09-17 17:19:54.923038+04","2026-09-17 17:20:33.836179+04",362,362,246,38.913,85.0000,91.4000,84.52187,-0.5657
1209,"2026-09-17 17:20:54.923486+04","2026-09-17 17:21:32.674125+04",362,362,241,37.751,85.0000,91.4650,84.52187,-0.5657
1210,"2026-09-17 17:21:54.923967+04","2026-09-17 17:22:32.365107+04",362,362,243,37.441,85.0000,91.4650,84.52602,-0.5608
1211,"2026-09-17 17:22:54.924466+04","2026-09-17 17:23:29.062362+04",362,362,243,34.138,85.0000,91.4400,84.52602,-0.5608
1212,"2026-09-17 17:23:54.92515+04","2026-09-17 17:24:33.213792+04",364,364,246,38.289,85.0000,91.4000,84.52131,-0.5664
1213,"2026-09-17 17:24:54.925382+04","2026-09-17 17:25:31.218739+04",363,363,245,36.293,85.0000,91.3800,84.52131,-0.5664
1214,"2026-09-17 17:25:54.92603+04","2026-09-17 17:26:32.203844+04",355,355,240,37.278,85.0000,91.4500,84.52304,-0.5643
1215,"2026-09-17 17:26:54.926536+04","2026-09-17 17:27:30.137712+04",357,357,240,35.211,85.0000,91.4800,84.52304,-0.5643
1216,"2026-09-17 17:27:54.927216+04","2026-09-17 17:28:32.100787+04",352,352,236,37.174,85.0000,91.4650,84.52304,-0.5643
1217,"2026-09-17 17:28:54.927755+04","2026-09-17 17:29:31.110566+04",352,352,236,36.183,85.0000,91.4850,84.52699,-0.5596
1218,"2026-09-17 17:29:54.92876+04","2026-09-17 17:30:33.50872+04",349,349,234,38.580,85.0000,91.6000,84.52699,-0.5596
1219,"2026-09-17 17:30:54.929266+04","2026-09-17 17:31:31.491319+04",354,354,235,36.562,85.0000,91.5000,84.52229,-0.5652
1220,"2026-09-17 17:31:54.929706+04","2026-09-17 17:32:31.34307+04",355,355,236,36.413,85.0000,91.4500,84.52229,-0.5652
1221,"2026-09-17 17:32:54.930391+04","2026-09-17 17:33:31.407225+04",353,353,234,36.477,85.0000,91.6700,84.52359,-0.5636
1222,"2026-09-17 17:33:54.930831+04","2026-09-17 17:34:31.404081+04",356,356,236,36.473,85.0000,91.4950,84.52359,-0.5636
1223,"2026-09-17 17:34:54.931277+04","2026-09-17 17:35:32.243406+04",356,356,234,37.312,85.0000,91.6000,84.52274,-0.5647
1224,"2026-09-17 17:35:54.932091+04","2026-09-17 17:36:34.404991+04",354,354,232,39.473,85.0000,91.7650,84.52274,-0.5647
1225,"2026-09-17 17:36:54.933391+04","2026-09-17 17:37:30.399717+04",356,356,234,35.466,84.4900,91.6000,84.52604,0.0426
1226,"2026-09-17 17:37:54.933799+04","2026-09-17 17:38:32.441329+04",356,356,235,37.508,84.4900,91.6000,84.52604,0.0426
1227,"2026-09-17 17:38:54.934274+04","2026-09-17 17:39:31.117523+04",355,355,237,36.183,84.4900,91.4800,84.51846,0.0337
1228,"2026-09-17 17:39:54.935786+04","2026-09-17 17:40:32.265106+04",355,355,234,37.329,84.4900,91.4900,84.51846,0.0337
1229,"2026-09-17 17:40:54.936531+04","2026-09-17 17:41:32.123996+04",356,356,236,37.187,84.4900,91.5000,84.52510,0.0415
1230,"2026-09-17 17:41:54.937129+04","2026-09-17 17:42:50.080295+04",356,356,236,55.143,84.4900,91.7400,84.52510,0.0415
1231,"2026-09-17 17:42:54.937464+04","2026-09-17 17:43:34.45669+04",355,355,234,39.519,84.4900,91.5000,84.52628,0.0429
1232,"2026-09-17 17:43:54.938108+04","2026-09-17 17:44:33.472601+04",356,356,238,38.534,84.4900,91.4650,84.52628,0.0429
1233,"2026-09-17 17:44:54.93874+04","2026-09-17 17:45:32.81056+04",359,359,237,37.872,84.4900,91.4900,84.52358,0.0397
1234,"2026-09-17 17:45:54.939262+04","2026-09-17 17:46:30.148253+04",362,362,240,35.209,84.4900,91.4850,84.52358,0.0397
1235,"2026-09-17 17:46:54.939746+04","2026-09-17 17:47:30.1295+04",368,368,245,35.190,84.4900,91.3400,84.52692,0.0437
1236,"2026-09-17 17:47:54.940352+04","2026-09-17 17:48:32.176274+04",361,361,244,37.236,84.4900,91.3400,84.52692,0.0437
1237,"2026-09-17 17:48:54.940902+04","2026-09-17 17:49:31.456829+04",356,356,236,36.516,84.4900,91.4850,84.52758,0.0445
1238,"2026-09-17 17:49:54.941356+04","2026-09-17 17:50:34.479546+04",358,358,237,39.538,84.4900,91.4150,84.52758,0.0445
1239,"2026-09-17 17:50:54.942423+04","2026-09-17 17:51:32.165607+04",353,353,234,37.223,84.4900,91.4500,84.52056,0.0362
1240,"2026-09-17 17:51:54.942804+04","2026-09-17 17:52:32.679604+04",353,353,233,37.737,84.4900,91.4300,84.52056,0.0362
1241,"2026-09-17 17:52:54.943232+04","2026-09-17 17:53:32.243606+04",354,354,236,37.300,84.4900,91.4150,84.52759,0.0445
1242,"2026-09-17 17:53:54.943877+04","2026-09-17 17:54:32.704065+04",357,357,238,37.760,84.4900,91.4000,84.52759,0.0445
1243,"2026-09-17 17:54:54.943967+04","2026-09-17 17:55:32.643122+04",359,359,239,37.699,84.4900,91.3500,84.52553,0.0420
1244,"2026-09-17 17:55:54.94492+04","2026-09-17 17:56:31.191839+04",359,359,238,36.247,84.4900,91.3500,84.52553,0.0420
1245,"2026-09-17 17:56:54.94519+04","2026-09-17 17:57:34.156919+04",361,361,239,39.212,84.4900,91.3400,84.52327,0.0394
1246,"2026-09-17 17:57:54.945633+04","2026-09-17 17:58:28.925321+04",360,360,237,33.980,84.4900,91.3450,84.52327,0.0394
1247,"2026-09-17 17:58:54.94671+04","2026-09-17 17:59:29.647823+04",361,361,242,34.701,84.4900,91.0100,84.52609,0.0427
1248,"2026-09-17 17:59:54.947209+04","2026-09-17 18:00:35.853033+04",361,361,240,40.906,84.4900,91.3800,84.52609,0.0427
1249,"2026-09-17 18:00:54.947922+04","2026-09-17 18:01:32.170248+04",355,355,237,37.222,84.4900,91.3400,84.52609,0.0427
1250,"2026-09-17 18:01:54.948251+04","2026-09-17 18:02:32.566201+04",353,353,234,37.618,84.4900,91.3500,84.52657,0.0433
1251,"2026-09-17 18:02:54.948608+04","2026-09-17 18:03:34.551962+04",353,353,236,39.603,84.4900,91.4800,84.52657,0.0433
1252,"2026-09-17 18:03:54.9493+04","2026-09-17 18:04:35.673312+04",359,359,240,40.724,84.4900,91.4000,84.52536,0.0418
1253,"2026-09-17 18:04:54.950101+04","2026-09-17 18:05:34.33306+04",364,364,242,39.383,84.4900,91.3900,84.52536,0.0418
1254,"2026-09-17 18:05:54.950999+04","2026-09-17 18:06:32.627326+04",360,360,238,37.676,84.4900,91.4150,84.52685,0.0436
1255,"2026-09-17 18:06:54.951591+04","2026-09-17 18:07:31.461826+04",360,360,241,36.510,84.4900,91.4850,84.52685,0.0436
1256,"2026-09-17 18:07:54.952153+04","2026-09-17 18:08:33.653089+04",360,360,240,38.701,84.4900,91.6000,84.52636,0.0430
1257,"2026-09-17 18:08:54.953532+04","2026-09-17 18:09:32.368678+04",362,362,242,37.415,84.4900,91.5000,84.52636,0.0430
1258,"2026-09-17 18:09:54.954016+04","2026-09-17 18:10:34.703799+04",363,363,243,39.750,84.4900,91.4800,84.52797,0.0449
1259,"2026-09-17 18:10:54.954348+04","2026-09-17 18:11:35.387299+04",365,365,243,40.433,84.4900,91.4500,84.52797,0.0449
1260,"2026-09-17 18:11:54.954944+04","2026-09-17 18:12:33.241717+04",367,367,246,38.287,84.4900,91.4800,84.52983,0.0471
1261,"2026-09-17 18:12:54.955623+04","2026-09-17 18:13:33.753824+04",365,365,244,38.798,84.4900,91.4800,84.52983,0.0471
1262,"2026-09-17 18:13:54.956218+04","2026-09-17 18:14:34.128309+04",367,367,250,39.172,84.4900,91.4500,84.52944,0.0467
1263,"2026-09-17 18:14:54.956685+04","2026-09-17 18:15:32.096284+04",369,369,249,37.140,84.4900,91.4800,84.52944,0.0467
1264,"2026-09-17 18:15:54.956953+04","2026-09-17 18:16:32.465347+04",374,374,254,37.508,84.4900,91.3450,84.52872,0.0458
1265,"2026-09-17 18:16:54.957706+04","2026-09-17 18:17:32.844173+04",378,378,254,37.886,84.4900,91.3450,84.52872,0.0458
1266,"2026-09-17 18:17:54.958062+04","2026-09-17 18:18:28.53848+04",373,373,251,33.580,84.4900,91.3400,84.53040,0.0478
1267,"2026-09-17 18:18:54.958836+04","2026-09-17 18:19:32.561727+04",363,363,240,37.603,84.4900,91.5000,84.53040,0.0478
1268,"2026-09-17 18:19:54.959638+04","2026-09-17 18:20:32.499285+04",368,368,244,37.540,84.4900,91.4150,84.52678,0.0435
1269,"2026-09-17 18:20:54.960025+04","2026-09-17 18:21:31.194479+04",364,364,241,36.234,84.4900,91.4400,84.52678,0.0435
1270,"2026-09-17 18:21:54.960469+04","2026-09-17 18:22:29.495381+04",358,358,236,34.535,84.4900,91.4850,84.52948,0.0467
1271,"2026-09-17 18:22:54.960819+04","2026-09-17 18:23:32.178037+04",354,354,237,37.217,84.4900,91.4950,84.52948,0.0467
1272,"2026-09-17 18:23:54.961815+04","2026-09-17 18:24:35.067503+04",355,355,235,40.106,84.0000,91.5000,84.52165,0.6172
1273,"2026-09-17 18:24:54.961991+04","2026-09-17 18:25:34.149388+04",351,351,233,39.187,84.4900,91.4900,84.52165,0.0374
1274,"2026-09-17 18:25:54.962967+04","2026-09-17 18:26:32.296705+04",356,356,234,37.334,84.4900,91.4650,84.52232,0.0382
1275,"2026-09-17 18:26:54.963394+04","2026-09-17 18:27:33.600283+04",353,353,235,38.637,84.4900,91.4500,84.52232,0.0382
1276,"2026-09-17 18:27:54.963454+04","2026-09-17 18:28:32.766299+04",355,355,235,37.803,84.4900,91.7000,84.52970,0.0470
1277,"2026-09-17 18:28:54.964602+04","2026-09-17 18:29:33.035897+04",353,353,234,38.071,84.4900,91.5000,84.52970,0.0470
1278,"2026-09-17 18:29:54.964687+04","2026-09-17 18:30:29.61169+04",355,355,234,34.647,84.4900,91.7000,84.52624,0.0429
1279,"2026-09-17 18:30:54.965069+04","2026-09-17 18:31:33.280678+04",359,359,237,38.316,84.4900,91.4900,84.52624,0.0429
1280,"2026-09-17 18:31:54.966045+04","2026-09-17 18:32:33.2621+04",362,362,242,38.296,84.4900,91.4950,84.52624,0.0429
1281,"2026-09-17 18:32:54.966414+04","2026-09-17 18:33:30.415848+04",358,358,240,35.449,84.4900,91.7000,84.53039,0.0478
1282,"2026-09-17 18:33:54.967896+04","2026-09-17 18:34:31.444732+04",361,361,243,36.477,84.4900,91.4300,84.53039,0.0478
1283,"2026-09-17 18:34:54.968529+04","2026-09-17 18:35:32.66267+04",373,373,255,37.694,84.4900,91.3400,84.52759,0.0445
1284,"2026-09-17 18:35:54.968871+04","2026-09-17 18:36:35.372041+04",373,373,254,40.403,84.4900,91.3400,84.52759,0.0445
1285,"2026-09-17 18:36:54.969673+04","2026-09-17 18:37:32.471372+04",372,372,252,37.502,84.4900,91.3650,84.52857,0.0456
1286,"2026-09-17 18:37:54.969993+04","2026-09-17 18:38:31.610691+04",361,361,244,36.641,84.4900,91.3300,84.52857,0.0456
1287,"2026-09-17 18:38:54.970318+04","2026-09-17 18:39:31.62086+04",366,366,245,36.651,84.4900,91.3650,84.52917,0.0463
1288,"2026-09-17 18:39:54.970979+04","2026-09-17 18:40:31.183988+04",368,368,250,36.213,84.4900,91.3900,84.52917,0.0463
1289,"2026-09-17 18:40:54.972573+04","2026-09-17 18:41:30.228802+04",371,371,252,35.256,83.4000,91.3500,84.52957,1.3363
1290,"2026-09-17 18:41:54.973101+04","2026-09-17 18:42:33.347094+04",370,370,251,38.374,84.4900,91.3150,84.52957,0.0468
1291,"2026-09-17 18:42:54.973556+04","2026-09-17 18:43:32.251018+04",368,368,247,37.277,84.4900,91.3350,84.52556,0.0421
1292,"2026-09-17 18:43:54.973728+04","2026-09-17 18:44:31.22427+04",377,377,255,36.251,84.4900,91.0100,84.52556,0.0421
1293,"2026-09-17 18:44:54.975346+04","2026-09-17 18:45:30.442281+04",376,376,255,35.467,84.4900,91.0000,84.52854,0.0456
1294,"2026-09-17 18:45:54.97637+04","2026-09-17 18:46:32.528973+04",373,373,254,37.553,84.4900,91.0000,84.52854,0.0456
1295,"2026-09-17 18:46:54.976892+04","2026-09-17 18:47:32.233327+04",370,370,253,37.256,84.4900,91.2800,84.52590,0.0425
1296,"2026-09-17 18:47:54.977438+04","2026-09-17 18:48:33.771529+04",372,372,252,38.794,84.4900,91.2950,84.52590,0.0425
1297,"2026-09-17 18:48:54.978197+04","2026-09-17 18:49:29.617461+04",373,373,254,34.639,84.4900,91.0100,84.52810,0.0451
1298,"2026-09-17 18:49:54.978968+04","2026-09-17 18:50:31.239142+04",365,365,243,36.260,84.4900,91.3400,84.52810,0.0451
1299,"2026-09-17 18:50:54.979062+04","2026-09-17 18:51:35.602913+04",369,369,247,40.624,84.4900,91.3300,84.52971,0.0470
1300,"2026-09-17 18:51:54.979783+04","2026-09-17 18:52:33.506562+04",369,369,247,38.527,84.4900,91.3300,84.52971,0.0470
1301,"2026-09-17 18:52:54.98018+04","2026-09-17 18:53:32.636704+04",367,367,248,37.657,84.4900,91.3400,84.52853,0.0456
1302,"2026-09-17 18:53:54.980904+04","2026-09-17 18:54:34.742191+04",363,363,244,39.761,84.4900,91.2700,84.52853,0.0456
1303,"2026-09-17 18:54:54.98163+04","2026-09-17 18:55:32.781835+04",363,363,244,37.800,84.4900,91.3400,84.52831,0.0453
1304,"2026-09-17 18:55:54.981579+04","2026-09-17 18:56:32.633874+04",366,366,246,37.652,84.4900,91.3400,84.52831,0.0453
1305,"2026-09-17 18:56:54.982246+04","2026-09-17 18:57:29.558078+04",363,363,241,34.576,84.4900,91.3400,84.52816,0.0451
1306,"2026-09-17 18:57:54.982744+04","2026-09-17 18:58:31.161971+04",363,363,244,36.179,84.4900,91.3500,84.52816,0.0451
1307,"2026-09-17 18:58:54.983501+04","2026-09-17 18:59:28.357222+04",362,362,244,33.374,84.4900,91.3900,84.52654,0.0432
1308,"2026-09-17 18:59:54.983884+04","2026-09-17 19:00:32.21719+04",363,363,247,37.233,76.1000,91.3000,84.52654,9.9691
1309,"2026-09-17 19:00:54.984603+04","2026-09-17 19:01:31.396483+04",363,363,242,36.412,84.4900,91.3500,84.52911,0.0463
1310,"2026-09-17 19:01:54.98543+04","2026-09-17 19:02:30.334244+04",365,365,245,35.349,84.0000,91.3400,84.52911,0.6260
1311,"2026-09-17 19:02:54.985652+04","2026-09-17 19:03:33.528461+04",368,368,248,38.543,84.4900,91.2600,84.52911,0.0463
1312,"2026-09-17 19:03:54.986494+04","2026-09-17 19:04:34.666541+04",372,372,253,39.680,84.4900,91.1300,84.52856,0.0456
1313,"2026-09-17 19:04:54.987168+04","2026-09-17 19:05:29.9897+04",366,366,249,35.003,84.4900,91.3150,84.52856,0.0456
1314,"2026-09-17 19:05:54.988624+04","2026-09-17 19:06:31.549824+04",366,366,247,36.561,84.4900,91.3600,84.51661,0.0315
1315,"2026-09-17 19:06:54.988923+04","2026-09-17 19:07:31.522539+04",365,365,248,36.534,84.4900,91.3800,84.51661,0.0315
1316,"2026-09-17 19:07:54.989525+04","2026-09-17 19:08:33.184865+04",361,361,244,38.195,84.4900,91.4000,84.52602,0.0426
1317,"2026-09-17 19:08:54.990515+04","2026-09-17 19:09:30.365094+04",361,361,242,35.375,84.4900,91.4300,84.52602,0.0426
1318,"2026-09-17 19:09:54.990892+04","2026-09-17 19:10:30.200336+04",359,359,242,35.209,84.4900,91.3400,84.52343,0.0396
1319,"2026-09-17 19:10:54.991456+04","2026-09-17 19:11:32.496048+04",355,355,240,37.505,84.4900,91.4900,84.52343,0.0396
1320,"2026-09-17 19:11:54.992352+04","2026-09-17 19:12:31.306359+04",362,362,241,36.314,84.4900,91.6000,84.52693,0.0437
1321,"2026-09-17 19:12:54.992835+04","2026-09-17 19:13:32.58885+04",359,359,243,37.596,84.4900,91.7000,84.52693,0.0437
1322,"2026-09-17 19:13:54.993385+04","2026-09-17 19:14:32.791034+04",360,360,243,37.798,84.4900,91.4950,84.52677,0.0435
1323,"2026-09-17 19:14:54.99466+04","2026-09-17 19:15:33.288387+04",362,362,241,38.294,84.4900,91.4450,84.52677,0.0435
1324,"2026-09-17 19:15:54.995316+04","2026-09-17 19:16:32.577233+04",360,360,240,37.582,84.4900,91.4700,84.52902,0.0462
1325,"2026-09-17 19:16:54.996826+04","2026-09-17 19:17:29.564922+04",357,357,240,34.568,84.4900,91.4900,84.52902,0.0462
1326,"2026-09-17 19:17:54.997304+04","2026-09-17 19:18:32.669534+04",357,357,240,37.672,84.4900,91.4500,84.52887,0.0460
1327,"2026-09-17 19:18:54.997796+04","2026-09-17 19:19:31.288129+04",357,357,240,36.290,84.4900,91.4400,84.52887,0.0460
1328,"2026-09-17 19:19:54.999375+04","2026-09-17 19:20:32.578126+04",356,356,234,37.579,84.4900,91.4950,84.52955,0.0468
1329,"2026-09-17 19:20:54.999647+04","2026-09-17 19:21:34.258334+04",351,351,234,39.259,84.4900,91.4900,84.52955,0.0468
1330,"2026-09-17 19:21:55.001505+04","2026-09-17 19:22:32.696701+04",357,357,240,37.695,84.4900,91.5000,84.52555,0.0421
1331,"2026-09-17 19:22:55.002982+04","2026-09-17 19:23:32.234983+04",354,354,237,37.232,84.4900,91.6000,84.52555,0.0421
1332,"2026-09-17 19:23:55.003629+04","2026-09-17 19:24:30.597672+04",355,355,240,35.594,84.4900,91.3800,84.52862,0.0457
1333,"2026-09-17 19:24:55.005971+04","2026-09-17 19:25:34.572222+04",357,357,237,39.566,84.4900,91.4900,84.52862,0.0457
1334,"2026-09-17 19:25:55.005621+04","2026-09-17 19:26:31.254233+04",365,365,246,36.249,84.4900,91.3700,84.52826,0.0453
1335,"2026-09-17 19:26:55.006065+04","2026-09-17 19:27:30.224306+04",367,367,246,35.218,84.4900,91.3700,84.52826,0.0453
1336,"2026-09-17 19:27:55.006746+04","2026-09-17 19:28:31.474148+04",372,372,250,36.467,84.4900,91.1350,84.52908,0.0462
1337,"2026-09-17 19:28:55.007182+04","2026-09-17 19:29:32.278068+04",371,371,251,37.271,84.4900,91.2500,84.52908,0.0462
1338,"2026-09-17 19:29:55.010001+04","2026-09-17 19:30:32.392042+04",372,372,252,37.382,84.4900,91.4150,84.52658,0.0433
1339,"2026-09-17 19:30:55.009033+04","2026-09-17 19:31:34.248468+04",371,371,253,39.239,84.4900,91.4000,84.52658,0.0433
1340,"2026-09-17 19:31:55.010418+04","2026-09-17 19:32:35.131088+04",379,379,259,40.121,84.4900,91.0100,84.52674,0.0435
1341,"2026-09-17 19:32:55.010606+04","2026-09-17 19:33:34.105299+04",373,373,254,39.095,84.4900,91.3700,84.52674,0.0435
1342,"2026-09-17 19:33:55.011517+04","2026-09-17 19:34:35.38115+04",369,369,253,40.370,84.4900,91.4000,84.52724,0.0441
1343,"2026-09-17 19:34:55.013239+04","2026-09-17 19:35:31.852459+04",370,370,251,36.839,84.4900,91.2850,84.52724,0.0441
1344,"2026-09-17 19:35:55.013502+04","2026-09-17 19:36:31.660849+04",372,372,254,36.647,84.4900,91.0200,84.52744,0.0443
1345,"2026-09-17 19:36:55.014423+04","2026-09-17 19:37:31.154119+04",373,373,256,36.140,84.4900,91.2500,84.52744,0.0443
1346,"2026-09-17 19:37:55.015945+04","2026-09-17 19:38:35.040755+04",372,372,258,40.025,84.4900,90.9950,84.52863,0.0457
1347,"2026-09-17 19:38:55.016142+04","2026-09-17 19:39:33.517788+04",365,365,251,38.502,84.4900,91.2700,84.52863,0.0457
1348,"2026-09-17 19:39:55.017479+04","2026-09-17 19:40:33.33331+04",362,362,247,38.316,84.4900,91.3350,84.52563,0.0422
1349,"2026-09-17 19:40:55.021004+04","2026-09-17 19:41:34.369449+04",361,361,246,39.348,84.4900,91.4000,84.52563,0.0422
1350,"2026-09-17 19:41:55.019473+04","2026-09-17 19:42:33.940052+04",361,361,243,38.921,84.4900,91.2500,84.52742,0.0443
1351,"2026-09-17 19:42:55.020111+04","2026-09-17 19:43:31.218175+04",355,355,241,36.198,84.4900,91.0000,84.52742,0.0443
1352,"2026-09-17 19:43:55.020793+04","2026-09-17 19:44:32.384599+04",357,357,242,37.364,84.4900,91.0000,84.52742,0.0443
1353,"2026-09-17 19:44:55.021718+04","2026-09-17 19:45:33.223929+04",357,357,240,38.202,84.4900,91.4000,84.52756,0.0444
1354,"2026-09-17 19:45:55.023003+04","2026-09-17 19:46:30.183236+04",353,353,238,35.160,84.4900,91.3800,84.52756,0.0444
1355,"2026-09-17 19:46:55.022821+04","2026-09-17 19:47:32.40779+04",363,363,245,37.385,84.4900,91.0100,84.52847,0.0455
1356,"2026-09-17 19:47:55.024067+04","2026-09-17 19:48:32.252939+04",360,360,245,37.229,84.4900,91.0000,84.52847,0.0455
1357,"2026-09-17 19:48:55.02441+04","2026-09-17 19:49:30.492027+04",360,360,242,35.468,84.4900,91.3750,84.52614,0.0428
1358,"2026-09-17 19:49:55.025114+04","2026-09-17 19:50:35.520458+04",361,361,245,40.495,84.4900,91.2500,84.52614,0.0428
1359,"2026-09-17 19:50:55.025772+04","2026-09-17 19:51:34.66287+04",363,363,242,39.637,84.4900,91.3700,84.52840,0.0454
1360,"2026-09-17 19:51:55.0264+04","2026-09-17 19:52:36.517305+04",358,358,238,41.491,84.4900,91.4150,84.52840,0.0454
1361,"2026-09-17 19:52:55.02785+04","2026-09-17 19:53:31.51677+04",358,358,237,36.489,84.4900,91.4350,84.52965,0.0469
1362,"2026-09-17 19:53:55.029211+04","2026-09-17 19:54:32.670674+04",355,355,235,37.641,84.4900,91.4500,84.52965,0.0469
1363,"2026-09-17 19:54:55.030505+04","2026-09-17 19:55:34.467646+04",355,355,237,39.437,84.4900,91.4500,84.52054,0.0361
1364,"2026-09-17 19:55:55.031527+04","2026-09-17 19:56:30.370628+04",358,358,240,35.339,84.4900,91.4150,84.52054,0.0361
1365,"2026-09-17 19:56:55.031836+04","2026-09-17 19:57:33.315368+04",355,355,237,38.284,84.4900,91.4500,84.52624,0.0429
1366,"2026-09-17 19:57:55.032309+04","2026-09-17 19:58:31.384288+04",361,361,242,36.352,84.4900,91.3800,84.52624,0.0429
1367,"2026-09-17 19:58:55.032837+04","2026-09-17 19:59:33.574319+04",358,358,244,38.541,84.4900,91.0050,84.52299,0.0390
1368,"2026-09-17 19:59:55.032946+04","2026-09-17 20:00:32.219642+04",357,357,241,37.187,84.4900,91.3800,84.52299,0.0390
1369,"2026-09-17 20:00:55.033985+04","2026-09-17 20:01:33.604079+04",357,357,246,38.570,84.4900,91.3700,84.52340,0.0395
1370,"2026-09-17 20:01:55.035012+04","2026-09-17 20:02:35.646525+04",358,358,247,40.612,84.4900,91.1300,84.52340,0.0395
1371,"2026-09-17 20:02:55.036359+04","2026-09-17 20:03:31.329622+04",360,360,243,36.293,84.4900,91.0000,84.52358,0.0397
1372,"2026-09-17 20:03:55.03764+04","2026-09-17 20:04:30.697158+04",356,356,241,35.660,84.4900,91.0000,84.52358,0.0397
1373,"2026-09-17 20:04:55.039513+04","2026-09-17 20:05:31.498477+04",355,355,241,36.459,84.4900,91.0000,84.52853,0.0456
1374,"2026-09-17 20:05:55.040705+04","2026-09-17 20:06:33.20931+04",358,358,241,38.169,84.4900,91.0000,84.52853,0.0456
1375,"2026-09-17 20:06:55.041487+04","2026-09-17 20:07:33.20289+04",362,362,248,38.161,84.4900,91.0000,84.52514,0.0416
1376,"2026-09-17 20:07:55.042742+04","2026-09-17 20:08:32.346806+04",358,358,244,37.304,84.4900,91.0000,84.52514,0.0416
1377,"2026-09-17 20:08:55.04421+04","2026-09-17 20:09:32.365833+04",359,359,247,37.322,84.4900,91.0000,84.52765,0.0445
1378,"2026-09-17 20:09:55.045026+04","2026-09-17 20:10:34.941042+04",362,362,248,39.896,84.4900,91.0000,84.52765,0.0445
1379,"2026-09-17 20:10:55.046199+04","2026-09-17 20:11:31.093201+04",359,359,249,36.047,84.4900,91.0000,84.52663,0.0433
1380,"2026-09-17 20:11:55.047228+04","2026-09-17 20:12:33.292286+04",356,356,244,38.245,84.4900,91.0000,84.52663,0.0433
1381,"2026-09-17 20:12:55.047752+04","2026-09-17 20:13:34.413365+04",356,356,242,39.366,84.4900,91.0000,84.52872,0.0458
1382,"2026-09-17 20:13:55.048526+04","2026-09-17 20:14:32.454978+04",354,354,243,37.406,84.4900,91.0000,84.52872,0.0458
1383,"2026-09-17 20:14:55.050918+04","2026-09-17 20:15:32.5277+04",348,348,239,37.477,84.4900,91.1300,84.52872,0.0458
1384,"2026-09-17 20:15:55.049785+04","2026-09-17 20:16:34.22276+04",351,351,241,39.173,84.4900,91.0100,84.52229,0.0382
1385,"2026-09-17 20:16:55.051212+04","2026-09-17 20:17:30.503352+04",350,350,238,35.452,84.4900,91.1300,84.52229,0.0382
1386,"2026-09-17 20:17:55.052539+04","2026-09-17 20:18:32.332855+04",353,353,235,37.280,84.4900,91.0100,84.52448,0.0408
1387,"2026-09-17 20:18:55.052711+04","2026-09-17 20:19:34.22397+04",347,347,230,39.171,84.4900,91.3700,84.52448,0.0408
1388,"2026-09-17 20:19:55.053968+04","2026-09-17 20:20:35.202254+04",351,351,236,40.148,84.4900,91.0000,84.52497,0.0414
1389,"2026-09-17 20:20:55.055179+04","2026-09-17 20:21:32.452151+04",344,344,232,37.397,84.4900,91.0050,84.52497,0.0414
1390,"2026-09-17 20:21:55.056466+04","2026-09-17 20:22:35.204083+04",339,339,227,40.148,84.4900,91.4000,84.52132,0.0371
1391,"2026-09-17 20:22:55.057159+04","2026-09-17 20:23:33.795024+04",348,348,230,38.738,84.0000,91.3200,84.52132,0.6168
1392,"2026-09-17 20:23:55.058069+04","2026-09-17 20:24:30.578131+04",346,346,232,35.520,84.4900,91.3200,84.52147,0.0372
1393,"2026-09-17 20:24:55.0586+04","2026-09-17 20:25:30.195039+04",346,346,229,35.136,84.4900,91.4400,84.52147,0.0372
1394,"2026-09-17 20:25:55.059317+04","2026-09-17 20:26:32.246569+04",355,355,235,37.187,84.4900,91.2700,84.52685,0.0436
1395,"2026-09-17 20:26:55.061332+04","2026-09-17 20:27:30.556219+04",352,352,235,35.495,84.4900,91.1400,84.52685,0.0436
1396,"2026-09-17 20:27:55.062347+04","2026-09-17 20:28:32.22303+04",345,345,231,37.161,84.4900,91.2700,84.52032,0.0359
1397,"2026-09-17 20:28:55.063337+04","2026-09-17 20:29:33.635461+04",349,349,232,38.572,84.4900,91.3800,84.52032,0.0359
1398,"2026-09-17 20:29:55.064178+04","2026-09-17 20:30:32.194578+04",358,358,243,37.130,84.4900,91.0000,84.52459,0.0409
1399,"2026-09-17 20:30:55.065519+04","2026-09-17 20:31:32.312758+04",348,348,236,37.247,84.4900,91.0050,84.52459,0.0409
1400,"2026-09-17 20:31:55.066885+04","2026-09-17 20:32:32.556594+04",347,347,239,37.490,84.4900,91.3800,84.52714,0.0439
1401,"2026-09-17 20:32:55.066908+04","2026-09-17 20:33:31.548781+04",347,347,235,36.482,84.4900,91.5000,84.52714,0.0439
1402,"2026-09-17 20:33:55.067913+04","2026-09-17 20:34:35.239673+04",347,347,236,40.172,84.4900,91.4000,84.52287,0.0389
1403,"2026-09-17 20:34:55.068852+04","2026-09-17 20:35:33.828906+04",355,355,244,38.760,84.4900,91.0100,84.52287,0.0389
1404,"2026-09-17 20:35:55.069499+04","2026-09-17 20:36:33.378925+04",353,353,243,38.309,84.4900,91.3800,84.52436,0.0407
1405,"2026-09-17 20:36:55.069911+04","2026-09-17 20:37:30.679306+04",348,348,237,35.609,84.4900,91.4700,84.52436,0.0407
1406,"2026-09-17 20:37:55.070554+04","2026-09-17 20:38:29.231587+04",353,353,240,34.161,84.4900,91.0100,84.52596,0.0425
1407,"2026-09-17 20:38:55.071163+04","2026-09-17 20:39:33.659154+04",350,350,238,38.588,84.4900,91.2650,84.52596,0.0425
1408,"2026-09-17 20:39:55.072712+04","2026-09-17 20:40:32.244274+04",351,351,237,37.172,84.4900,91.3800,84.52591,0.0425
1409,"2026-09-17 20:40:55.074823+04","2026-09-17 20:41:30.216549+04",344,344,234,35.142,84.4900,91.4700,84.52591,0.0425
1410,"2026-09-17 20:41:55.074619+04","2026-09-17 20:42:32.501209+04",343,343,232,37.427,84.4900,91.7100,84.52691,0.0437
1411,"2026-09-17 20:42:55.074702+04","2026-09-17 20:43:30.719333+04",344,344,235,35.645,84.4900,91.7000,84.52691,0.0437
1412,"2026-09-17 20:43:55.075911+04","2026-09-17 20:44:34.187591+04",341,341,233,39.112,84.4900,91.5000,84.52658,0.0433
1413,"2026-09-17 20:44:55.077397+04","2026-09-17 20:45:33.26915+04",339,339,229,38.192,84.4900,91.5000,84.52658,0.0433
1414,"2026-09-17 20:45:55.079078+04","2026-09-17 20:46:31.27686+04",335,335,228,36.198,84.4900,91.5000,84.52658,0.0433
1415,"2026-09-17 20:46:55.079936+04","2026-09-17 20:47:31.417759+04",343,343,231,36.338,84.4900,91.3800,84.52333,0.0394
1416,"2026-09-17 20:47:55.080353+04","2026-09-17 20:48:33.427125+04",342,342,229,38.347,84.4900,91.4950,84.52333,0.0394
1417,"2026-09-17 20:48:55.080951+04","2026-09-17 20:49:32.676271+04",343,343,231,37.595,84.4900,91.4000,84.52636,0.0430
1418,"2026-09-17 20:49:55.082528+04","2026-09-17 20:50:28.893121+04",340,340,228,33.811,84.4900,91.4700,84.52636,0.0430
1419,"2026-09-17 20:50:55.083221+04","2026-09-17 20:51:30.647414+04",343,343,229,35.564,84.4900,91.5000,84.52320,0.0393
1420,"2026-09-17 20:51:55.085516+04","2026-09-17 20:52:34.279181+04",346,346,235,39.194,84.4900,91.4250,84.52320,0.0393
1421,"2026-09-17 20:52:55.0881+04","2026-09-17 20:53:31.448267+04",341,341,231,36.360,84.4900,91.5000,84.52788,0.0448
1422,"2026-09-17 20:53:55.088671+04","2026-09-17 20:54:32.598336+04",345,345,232,37.510,84.4900,91.4900,84.52788,0.0448
1423,"2026-09-17 20:54:55.088268+04","2026-09-17 20:55:33.272298+04",342,342,226,38.184,84.4900,91.5000,84.52978,0.0471
1424,"2026-09-17 20:55:55.08899+04","2026-09-17 20:56:32.707654+04",341,341,226,37.619,84.4900,91.5000,84.52978,0.0471
1425,"2026-09-17 20:56:55.089081+04","2026-09-17 20:57:31.8869+04",345,345,231,36.798,84.4900,91.5000,84.53091,0.0484
1426,"2026-09-17 20:57:55.089695+04","2026-09-17 20:58:32.283121+04",344,344,229,37.193,84.4900,91.6000,84.53091,0.0484
1427,"2026-09-17 20:58:55.090484+04","2026-09-17 20:59:33.862027+04",341,341,226,38.772,84.4900,91.7000,84.52424,0.0405
1428,"2026-09-17 20:59:55.090797+04","2026-09-17 21:00:29.967667+04",342,342,230,34.877,84.4900,91.4700,84.52424,0.0405
1429,"2026-09-17 21:00:55.091286+04","2026-09-17 21:01:31.58544+04",338,338,226,36.494,84.4900,91.4950,84.52726,0.0441
1430,"2026-09-17 21:01:55.09148+04","2026-09-17 21:02:32.425898+04",333,333,221,37.334,84.4900,91.4900,84.52726,0.0441
1431,"2026-09-17 21:02:55.093028+04","2026-09-17 21:03:32.30156+04",339,339,226,37.209,84.4900,91.4000,84.52772,0.0446
1432,"2026-09-17 21:03:55.093619+04","2026-09-17 21:04:32.3801+04",338,338,226,37.286,84.4900,91.4250,84.52772,0.0446
1433,"2026-09-17 21:04:55.093627+04","2026-09-17 21:05:33.653305+04",333,333,225,38.560,84.4900,91.3700,84.52889,0.0460
1434,"2026-09-17 21:05:55.094817+04","2026-09-17 21:06:32.253344+04",332,332,222,37.159,84.4900,91.4950,84.52889,0.0460
1435,"2026-09-17 21:06:55.09577+04","2026-09-17 21:07:32.087025+04",325,325,217,36.991,84.4900,91.4900,84.52623,0.0429
1436,"2026-09-17 21:07:55.09613+04","2026-09-17 21:08:34.308972+04",329,329,220,39.213,84.4900,91.5000,84.52623,0.0429
1437,"2026-09-17 21:08:55.096807+04","2026-09-17 21:09:32.574544+04",332,332,223,37.478,84.4900,91.4950,84.52865,0.0457
1438,"2026-09-17 21:09:55.097858+04","2026-09-17 21:10:33.578148+04",331,331,223,38.480,84.4900,91.4900,84.52865,0.0457
1439,"2026-09-17 21:10:55.09849+04","2026-09-17 21:11:34.264973+04",333,333,225,39.166,84.4900,91.4500,84.52977,0.0470
1440,"2026-09-17 21:11:55.100023+04","2026-09-17 21:12:31.556005+04",332,332,227,36.456,84.4900,91.3900,84.52977,0.0470
1441,"2026-09-17 21:12:55.100683+04","2026-09-17 21:13:34.389913+04",331,331,223,39.289,84.4900,91.4500,84.52841,0.0454
1442,"2026-09-17 21:13:55.101049+04","2026-09-17 21:14:31.444539+04",332,332,224,36.343,84.4900,91.4700,84.52841,0.0454
1443,"2026-09-17 21:14:55.101469+04","2026-09-17 21:15:32.771392+04",335,335,226,37.670,84.4900,91.4000,84.52841,0.0454
1444,"2026-09-17 21:15:55.102379+04","2026-09-17 21:16:33.277836+04",340,340,231,38.175,84.4900,91.0050,84.52831,0.0453
1445,"2026-09-17 21:16:55.102685+04","2026-09-17 21:17:33.307359+04",338,338,229,38.205,84.4900,91.3900,84.52831,0.0453
1446,"2026-09-17 21:17:55.103011+04","2026-09-17 21:18:32.860823+04",336,336,229,37.758,84.4900,91.3900,84.52850,0.0455
1447,"2026-09-17 21:18:55.103723+04","2026-09-17 21:19:32.244985+04",334,334,227,37.141,84.4900,91.3900,84.52850,0.0455
1448,"2026-09-17 21:19:55.104056+04","2026-09-17 21:20:32.421802+04",336,336,228,37.318,84.4900,91.3200,84.52358,0.0397
1449,"2026-09-17 21:20:55.104857+04","2026-09-17 21:21:32.282602+04",340,340,231,37.178,84.4900,91.3200,84.52358,0.0397
1450,"2026-09-17 21:21:55.105311+04","2026-09-17 21:22:33.414772+04",345,345,234,38.309,84.4900,91.0000,84.52679,0.0435
1451,"2026-09-17 21:22:55.106253+04","2026-09-17 21:23:33.432071+04",345,345,238,38.326,84.4900,91.0000,84.52679,0.0435
1452,"2026-09-17 21:23:55.106723+04","2026-09-17 21:24:30.42136+04",342,342,236,35.315,84.4900,91.0000,84.52429,0.0406
1453,"2026-09-17 21:24:55.106911+04","2026-09-17 21:25:30.243404+04",343,343,235,35.136,84.4900,91.0000,84.52429,0.0406
1454,"2026-09-17 21:25:55.107394+04","2026-09-17 21:26:33.146855+04",341,341,237,38.039,84.4900,91.0000,84.51996,0.0354
1455,"2026-09-17 21:26:55.107916+04","2026-09-17 21:27:30.418646+04",341,341,234,35.311,84.4900,91.0000,84.51996,0.0354
1456,"2026-09-17 21:27:55.109669+04","2026-09-17 21:28:30.284372+04",334,334,227,35.175,84.4900,91.3750,84.52413,0.0404
1457,"2026-09-17 21:28:55.110564+04","2026-09-17 21:29:31.269685+04",334,334,225,36.159,84.4900,91.5000,84.52413,0.0404
1458,"2026-09-17 21:29:55.111365+04","2026-09-17 21:30:29.540904+04",335,335,226,34.430,84.4900,91.5000,84.52213,0.0380
1459,"2026-09-17 21:30:55.111691+04","2026-09-17 21:31:32.574763+04",334,334,227,37.463,84.4900,91.5000,84.52213,0.0380
1460,"2026-09-17 21:31:55.112205+04","2026-09-17 21:32:31.602895+04",332,332,226,36.491,84.4900,91.4700,84.52496,0.0414
1461,"2026-09-17 21:32:55.112865+04","2026-09-17 21:33:30.639649+04",341,341,231,35.527,84.4900,91.4000,84.52496,0.0414
1462,"2026-09-17 21:33:55.113454+04","2026-09-17 21:34:33.264502+04",336,336,227,38.151,84.4900,91.4250,84.52926,0.0464
1463,"2026-09-17 21:34:55.113844+04","2026-09-17 21:35:33.287214+04",326,326,216,38.173,84.4900,91.9200,84.52926,0.0464
1464,"2026-09-17 21:35:55.114273+04","2026-09-17 21:36:33.857103+04",328,328,220,38.743,84.4900,91.3900,84.52517,0.0416
1465,"2026-09-17 21:36:55.114856+04","2026-09-17 21:37:34.539951+04",333,333,226,39.425,83.0000,91.4000,84.52517,1.8044
1466,"2026-09-17 21:37:55.115332+04","2026-09-17 21:38:32.906237+04",338,338,227,37.791,84.4900,91.3200,84.52029,0.0358
1467,"2026-09-17 21:38:55.116131+04","2026-09-17 21:39:30.383797+04",340,340,230,35.268,84.4900,91.0000,84.52029,0.0358
1468,"2026-09-17 21:39:55.116587+04","2026-09-17 21:40:32.549526+04",337,337,229,37.433,84.4900,91.2700,84.52029,0.0358
1469,"2026-09-17 21:40:55.117056+04","2026-09-17 21:41:32.324392+04",338,338,228,37.207,84.4900,91.3750,84.52723,0.0440
1470,"2026-09-17 21:41:55.117542+04","2026-09-17 21:42:35.315062+04",343,343,235,40.198,84.4900,91.0100,84.52723,0.0440
1471,"2026-09-17 21:42:55.11855+04","2026-09-17 21:43:31.703739+04",345,345,235,36.585,84.4900,91.0000,84.52342,0.0395
1472,"2026-09-17 21:43:55.118917+04","2026-09-17 21:44:30.925111+04",340,340,230,35.806,84.4900,91.0000,84.52342,0.0395
1473,"2026-09-17 21:44:55.119367+04","2026-09-17 21:45:33.44326+04",334,334,223,38.324,84.4900,91.3750,84.51873,0.0340
1474,"2026-09-17 21:45:55.120812+04","2026-09-17 21:46:33.019228+04",331,331,223,37.898,84.4900,91.0100,84.51873,0.0340
1475,"2026-09-17 21:46:55.121275+04","2026-09-17 21:47:34.56767+04",334,334,221,39.446,84.4900,91.3900,84.52711,0.0439
1476,"2026-09-17 21:47:55.122411+04","2026-09-17 21:48:31.700131+04",332,332,222,36.578,84.4900,91.3750,84.52711,0.0439
1477,"2026-09-17 21:48:55.123233+04","2026-09-17 21:49:31.476325+04",331,331,223,36.353,84.4900,91.2700,84.52536,0.0418
1478,"2026-09-17 21:49:55.123777+04","2026-09-17 21:50:34.564047+04",327,327,217,39.440,84.4900,91.4500,84.52536,0.0418
1479,"2026-09-17 21:50:55.124281+04","2026-09-17 21:51:34.721806+04",331,331,221,39.598,83.0000,91.4000,84.52751,1.8071
1480,"2026-09-17 21:51:55.125175+04","2026-09-17 21:52:33.092593+04",330,330,220,37.967,84.4900,91.3900,84.52751,0.0444
1481,"2026-09-17 21:52:55.125574+04","2026-09-17 21:53:32.337539+04",329,329,220,37.212,84.4900,91.4900,84.52979,0.0471
1482,"2026-09-17 21:53:55.126369+04","2026-09-17 21:54:32.579389+04",334,334,222,37.453,84.4900,91.4450,84.52979,0.0471
1483,"2026-09-17 21:54:55.127052+04","2026-09-17 21:55:31.741402+04",337,337,227,36.614,84.4900,91.3800,84.52722,0.0440
1484,"2026-09-17 21:55:55.126942+04","2026-09-17 21:56:31.624919+04",348,348,239,36.498,84.4900,91.0000,84.52722,0.0440
1485,"2026-09-17 21:56:55.127915+04","2026-09-17 21:57:32.87953+04",336,336,228,37.752,84.4900,91.4200,84.52597,0.0426
1486,"2026-09-17 21:57:55.128281+04","2026-09-17 21:58:32.303845+04",343,343,230,37.176,84.4900,91.0000,84.52597,0.0426
1487,"2026-09-17 21:58:55.128839+04","2026-09-17 21:59:35.468741+04",345,345,229,40.340,84.4900,91.0000,84.52879,0.0459
1488,"2026-09-17 21:59:55.129508+04","2026-09-17 22:00:33.667946+04",336,336,227,38.538,84.4900,91.1400,84.52879,0.0459
1489,"2026-09-17 22:00:55.130176+04","2026-09-17 22:01:33.559718+04",330,330,223,38.430,84.4900,91.4200,84.52941,0.0466
1490,"2026-09-17 22:01:55.130698+04","2026-09-17 22:02:30.723098+04",336,336,227,35.592,84.4900,91.0000,84.52941,0.0466
1491,"2026-09-17 22:02:55.131399+04","2026-09-17 22:03:33.908922+04",337,337,226,38.778,84.4900,91.0000,84.52615,0.0428
1492,"2026-09-17 22:03:55.131608+04","2026-09-17 22:04:31.448385+04",334,334,226,36.317,84.4900,91.0000,84.52615,0.0428
1493,"2026-09-17 22:04:55.13241+04","2026-09-17 22:05:34.665454+04",333,333,223,39.533,84.4900,91.0000,84.52492,0.0413
1494,"2026-09-17 22:05:55.132871+04","2026-09-17 22:06:30.326441+04",335,335,223,35.194,84.4900,91.3700,84.52492,0.0413
1495,"2026-09-17 22:06:55.133598+04","2026-09-17 22:07:33.375247+04",342,342,226,38.242,84.4900,91.1400,84.52794,0.0449
1496,"2026-09-17 22:07:55.134264+04","2026-09-17 22:08:29.547469+04",337,337,228,34.413,84.4900,91.2700,84.52794,0.0449
1497,"2026-09-17 22:08:55.134432+04","2026-09-17 22:09:32.807705+04",342,342,231,37.673,84.4900,91.3750,84.52794,0.0449
1498,"2026-09-17 22:09:55.135297+04","2026-09-17 22:10:36.189849+04",342,342,232,41.055,84.4900,91.0050,84.52856,0.0456
1499,"2026-09-17 22:10:55.135791+04","2026-09-17 22:11:34.620018+04",342,342,230,39.484,84.4900,91.3200,84.52856,0.0456
1500,"2026-09-17 22:11:55.136512+04","2026-09-17 22:12:34.44184+04",350,350,238,39.305,84.4900,91.0000,84.52859,0.0457
1501,"2026-09-17 22:12:55.137274+04","2026-09-17 22:13:31.928357+04",339,339,232,36.791,84.4900,91.0000,84.52859,0.0457
1502,"2026-09-17 22:13:55.137509+04","2026-09-17 22:14:32.860468+04",338,338,229,37.723,84.4900,91.3200,84.52987,0.0472
1503,"2026-09-17 22:14:55.139707+04","2026-09-17 22:15:33.328141+04",341,341,232,38.188,84.0000,91.0000,84.52987,0.6268
1504,"2026-09-17 22:15:55.139393+04","2026-09-17 22:16:31.39834+04",339,339,228,36.259,84.4900,91.3800,84.52812,0.0451
1505,"2026-09-17 22:16:55.140135+04","2026-09-17 22:17:33.560404+04",339,339,229,38.420,84.4900,91.3700,84.52812,0.0451
1506,"2026-09-17 22:17:55.140308+04","2026-09-17 22:18:34.339486+04",335,335,224,39.199,84.4900,91.4000,84.52927,0.0465
1507,"2026-09-17 22:18:55.141078+04","2026-09-17 22:19:32.394336+04",337,337,226,37.253,84.4900,91.3800,84.52927,0.0465
1508,"2026-09-17 22:19:55.141473+04","2026-09-17 22:20:31.71506+04",334,334,223,36.574,84.4900,91.3900,84.52917,0.0463
1509,"2026-09-17 22:20:55.141979+04","2026-09-17 22:21:30.457048+04",337,337,224,35.315,84.4900,91.4000,84.52917,0.0463
1510,"2026-09-17 22:21:55.14273+04","2026-09-17 22:22:29.583817+04",338,338,226,34.441,84.0000,91.4450,84.52742,0.6240
1511,"2026-09-17 22:22:55.14296+04","2026-09-17 22:23:32.828838+04",337,337,225,37.686,84.4900,91.4500,84.52742,0.0443
1512,"2026-09-17 22:23:55.143927+04","2026-09-17 22:24:33.651174+04",337,337,226,38.507,84.4900,91.4900,84.52572,0.0423
1513,"2026-09-17 22:24:55.144464+04","2026-09-17 22:25:33.483074+04",335,335,226,38.339,84.4900,91.4400,84.52572,0.0423
1514,"2026-09-17 22:25:55.145056+04","2026-09-17 22:26:32.637177+04",331,331,223,37.492,84.4900,91.4500,84.52894,0.0461
1515,"2026-09-17 22:26:55.146026+04","2026-09-17 22:27:35.002532+04",329,329,219,39.857,84.4900,91.5000,84.52894,0.0461
1516,"2026-09-17 22:27:55.146528+04","2026-09-17 22:28:32.671168+04",337,337,231,37.525,84.4900,91.0000,84.52864,0.0457
1517,"2026-09-17 22:28:55.147002+04","2026-09-17 22:29:32.443925+04",329,329,220,37.297,84.4900,91.4400,84.52864,0.0457
1518,"2026-09-17 22:29:55.147575+04","2026-09-17 22:30:33.436429+04",327,327,217,38.289,84.4900,91.5000,84.52810,0.0451
1519,"2026-09-17 22:30:55.148262+04","2026-09-17 22:31:36.027775+04",330,330,218,40.880,84.4900,91.4700,84.52810,0.0451
1520,"2026-09-17 22:31:55.148601+04","2026-09-17 22:32:34.974143+04",327,327,216,39.826,84.4900,91.4500,84.52810,0.0451
1521,"2026-09-17 22:32:55.149036+04","2026-09-17 22:33:34.355989+04",319,319,210,39.207,84.4900,91.9000,84.52601,0.0426
1522,"2026-09-17 22:33:55.1497+04","2026-09-17 22:34:32.343257+04",320,320,213,37.194,84.4900,91.8900,84.52601,0.0426
1523,"2026-09-17 22:34:55.149828+04","2026-09-17 22:35:32.321505+04",322,322,214,37.172,84.4900,91.5700,84.52863,0.0457
1524,"2026-09-17 22:35:55.150753+04","2026-09-17 22:36:29.675353+04",325,325,216,34.525,84.4900,91.4500,84.52863,0.0457
1525,"2026-09-17 22:36:55.151541+04","2026-09-17 22:37:34.419495+04",325,325,214,39.268,84.4900,91.5000,84.52149,0.0373
1526,"2026-09-17 22:37:55.151852+04","2026-09-17 22:38:35.640229+04",324,324,213,40.488,84.4900,91.4950,84.52149,0.0373
1527,"2026-09-17 22:38:55.152307+04","2026-09-17 22:39:34.385358+04",321,321,213,39.233,84.4900,91.4900,84.52814,0.0451
1528,"2026-09-17 22:39:55.152869+04","2026-09-17 22:40:29.644097+04",323,323,214,34.491,84.4900,91.5000,84.52814,0.0451
1529,"2026-09-17 22:40:55.153202+04","2026-09-17 22:41:32.953341+04",320,320,210,37.800,84.4900,91.4950,84.52885,0.0460
1530,"2026-09-17 22:41:55.154506+04","2026-09-17 22:42:33.321283+04",309,309,203,38.167,84.4900,91.6400,84.52885,0.0460
1531,"2026-09-17 22:42:55.155253+04","2026-09-17 22:43:32.082935+04",316,316,206,36.928,84.4900,91.5700,84.52956,0.0468
1532,"2026-09-17 22:43:55.155547+04","2026-09-17 22:44:34.215183+04",313,313,206,39.060,84.4900,91.5000,84.52956,0.0468
1533,"2026-09-17 22:44:55.156399+04","2026-09-17 22:45:36.325539+04",311,311,205,41.169,84.4900,91.9000,84.52468,0.0410
1534,"2026-09-17 22:45:55.156647+04","2026-09-17 22:46:31.033147+04",315,315,207,35.877,84.4900,91.6400,84.52468,0.0410
1535,"2026-09-17 22:46:55.157533+04","2026-09-17 22:47:29.338302+04",314,314,210,34.181,84.4900,91.4850,84.52836,0.0454
1536,"2026-09-17 22:47:55.158018+04","2026-09-17 22:48:31.225077+04",316,316,208,36.067,84.4900,91.8900,84.52836,0.0454
1537,"2026-09-17 22:48:55.158424+04","2026-09-17 22:49:33.440874+04",320,320,211,38.282,84.4900,91.4950,84.52754,0.0444
1538,"2026-09-17 22:49:55.159146+04","2026-09-17 22:50:33.348607+04",323,323,214,38.189,84.4900,91.5000,84.52754,0.0444
1539,"2026-09-17 22:50:55.159814+04","2026-09-17 22:51:32.341244+04",323,323,214,37.181,84.4900,91.4900,84.52838,0.0454
1540,"2026-09-17 22:51:55.160163+04","2026-09-17 22:52:35.390158+04",325,325,213,40.230,84.4900,91.5000,84.52838,0.0454
1541,"2026-09-17 22:52:55.160855+04","2026-09-17 22:53:33.788366+04",319,319,213,38.628,84.4900,91.5000,84.52999,0.0473
1542,"2026-09-17 22:53:55.161336+04","2026-09-17 22:54:32.505158+04",325,325,217,37.344,84.4900,91.4400,84.52999,0.0473
1543,"2026-09-17 22:54:55.161731+04","2026-09-17 22:55:31.606222+04",319,319,210,36.444,84.4900,91.4000,84.53090,0.0484
1544,"2026-09-17 22:55:55.162306+04","2026-09-17 22:56:32.632071+04",322,322,209,37.470,84.4900,91.3900,84.53090,0.0484
1545,"2026-09-17 22:56:55.162742+04","2026-09-17 22:57:33.364653+04",318,318,208,38.202,84.4900,91.0000,84.52835,0.0454
1546,"2026-09-17 22:57:55.163038+04","2026-09-17 22:58:32.576925+04",316,316,202,37.414,84.4900,91.4450,84.52835,0.0454
1547,"2026-09-17 22:58:55.163791+04","2026-09-17 22:59:33.211273+04",317,317,201,38.047,84.4900,91.4300,84.52835,0.0454
1548,"2026-09-17 22:59:55.164178+04","2026-09-17 23:00:31.906816+04",314,314,200,36.743,84.4900,91.4450,84.52864,0.0457
1549,"2026-09-17 23:00:55.164651+04","2026-09-17 23:01:32.836493+04",315,315,201,37.672,84.4900,91.4500,84.52864,0.0457
1550,"2026-09-17 23:01:55.165255+04","2026-09-17 23:02:35.325908+04",316,316,199,40.161,84.4900,91.3950,84.52538,0.0419
1551,"2026-09-17 23:02:55.165808+04","2026-09-17 23:03:33.703645+04",318,318,207,38.538,84.4900,91.1400,84.52538,0.0419
1552,"2026-09-17 23:03:55.166084+04","2026-09-17 23:04:33.341019+04",317,317,204,38.175,84.4900,91.0100,84.52926,0.0464
1553,"2026-09-17 23:04:55.166814+04","2026-09-17 23:05:30.371854+04",318,318,206,35.205,84.4900,91.1400,84.52926,0.0464
1554,"2026-09-17 23:05:55.167489+04","2026-09-17 23:06:33.372316+04",319,319,211,38.205,84.4900,91.0000,84.52217,0.0381
1555,"2026-09-17 23:06:55.168028+04","2026-09-17 23:07:31.396157+04",321,321,209,36.228,84.4900,91.0000,84.52217,0.0381
1556,"2026-09-17 23:07:55.168561+04","2026-09-17 23:08:32.894485+04",316,316,205,37.726,84.4900,91.0050,84.52823,0.0452
1557,"2026-09-17 23:08:55.169192+04","2026-09-17 23:09:33.612056+04",316,316,205,38.443,84.4900,91.0050,84.52823,0.0452
1558,"2026-09-17 23:09:55.169493+04","2026-09-17 23:10:29.632947+04",315,315,203,34.463,84.4900,91.3800,84.52923,0.0464
1559,"2026-09-17 23:10:55.1702+04","2026-09-17 23:11:32.13171+04",308,308,200,36.962,84.4900,91.4350,84.52923,0.0464
1560,"2026-09-17 23:11:55.170683+04","2026-09-17 23:12:33.738093+04",315,315,203,38.567,84.4900,91.3800,84.52919,0.0464
1561,"2026-09-17 23:12:55.171322+04","2026-09-17 23:13:33.901116+04",312,312,202,38.730,84.4900,91.4350,84.52919,0.0464
1562,"2026-09-17 23:13:55.171582+04","2026-09-17 23:14:31.503035+04",312,312,201,36.331,84.4900,91.4050,84.52812,0.0451
1563,"2026-09-17 23:14:55.172321+04","2026-09-17 23:15:29.468526+04",306,306,198,34.296,84.4900,91.3250,84.52812,0.0451
1564,"2026-09-17 23:15:55.172624+04","2026-09-17 23:16:31.608712+04",309,309,200,36.436,84.4900,91.4500,84.52238,0.0383
1565,"2026-09-17 23:16:55.173187+04","2026-09-17 23:17:31.612933+04",309,309,201,36.440,84.4900,91.4500,84.52238,0.0383
1566,"2026-09-17 23:17:55.173645+04","2026-09-17 23:18:31.369336+04",317,317,206,36.196,84.4900,91.2700,84.52437,0.0407
1567,"2026-09-17 23:18:55.174366+04","2026-09-17 23:19:29.477285+04",319,319,211,34.303,84.4900,91.0000,84.52437,0.0407
1568,"2026-09-17 23:19:55.175108+04","2026-09-17 23:20:35.940486+04",314,314,205,40.765,84.4900,91.4050,84.52904,0.0462
1569,"2026-09-17 23:20:55.176752+04","2026-09-17 23:21:29.799856+04",313,313,203,34.623,84.4900,91.4400,84.52904,0.0462
1570,"2026-09-17 23:21:55.176666+04","2026-09-17 23:22:32.451167+04",306,306,201,37.275,84.4900,91.4050,84.53007,0.0474
1571,"2026-09-17 23:22:55.177589+04","2026-09-17 23:23:33.397067+04",309,309,206,38.219,84.4900,91.2700,84.53007,0.0474
1572,"2026-09-17 23:23:55.178047+04","2026-09-17 23:24:34.59511+04",308,308,205,39.417,84.4900,91.0000,84.53007,0.0474
1573,"2026-09-17 23:24:55.178779+04","2026-09-17 23:25:32.321883+04",310,310,207,37.143,84.4900,91.0050,84.52490,0.0413
1574,"2026-09-17 23:25:55.180223+04","2026-09-17 23:26:30.406551+04",309,309,207,35.226,84.4900,91.0100,84.52490,0.0413
1575,"2026-09-17 23:26:55.18067+04","2026-09-17 23:27:33.61682+04",314,314,209,38.436,84.4900,91.0000,84.52845,0.0455
1576,"2026-09-17 23:27:55.181121+04","2026-09-17 23:28:32.472799+04",318,318,212,37.292,84.4900,91.0000,84.52845,0.0455
1577,"2026-09-17 23:28:55.181656+04","2026-09-17 23:29:32.706585+04",315,315,211,37.525,84.4900,91.0000,84.52575,0.0423
1578,"2026-09-17 23:29:55.182416+04","2026-09-17 23:30:34.399564+04",305,305,205,39.217,84.4900,91.4400,84.52575,0.0423
1579,"2026-09-17 23:30:55.182536+04","2026-09-17 23:31:33.388362+04",306,306,202,38.206,84.4900,91.4350,84.52801,0.0450
1580,"2026-09-17 23:31:55.183206+04","2026-09-17 23:32:30.377341+04",309,309,206,35.194,84.4900,91.3800,84.52801,0.0450
1581,"2026-09-17 23:32:55.183993+04","2026-09-17 23:33:29.392833+04",310,310,205,34.209,84.4900,91.3250,84.52303,0.0391
1582,"2026-09-17 23:33:55.184749+04","2026-09-17 23:34:31.665559+04",309,309,203,36.481,84.4900,91.3800,84.52303,0.0391
1583,"2026-09-17 23:34:55.185083+04","2026-09-17 23:35:32.345436+04",309,309,202,37.160,84.4900,91.4300,84.52711,0.0439
1584,"2026-09-17 23:35:55.185618+04","2026-09-17 23:36:33.322852+04",311,311,202,38.137,84.4900,91.3800,84.52711,0.0439
1585,"2026-09-17 23:36:55.185889+04","2026-09-17 23:37:32.905555+04",310,310,203,37.720,84.4900,91.3250,84.52881,0.0459
1586,"2026-09-17 23:37:55.186774+04","2026-09-17 23:38:31.534882+04",310,310,202,36.348,84.4900,91.4050,84.52881,0.0459
1587,"2026-09-17 23:38:55.187135+04","2026-09-17 23:39:34.379598+04",303,303,199,39.192,84.4900,91.4500,84.52560,0.0421
1588,"2026-09-17 23:39:55.188082+04","2026-09-17 23:40:33.641062+04",300,300,198,38.453,84.4900,91.4950,84.52560,0.0421
1589,"2026-09-17 23:40:55.188226+04","2026-09-17 23:41:22.404399+04",295,295,190,27.216,84.4900,91.5000,84.52893,0.0461
1590,"2026-09-17 23:41:55.188534+04","2026-09-17 23:42:29.577851+04",302,302,196,34.389,84.4900,91.4450,84.52893,0.0461
1591,"2026-09-17 23:42:55.188983+04","2026-09-17 23:43:32.621858+04",304,304,201,37.433,84.4900,91.1400,84.52132,0.0371
1592,"2026-09-17 23:43:55.190026+04","2026-09-17 23:44:30.315652+04",302,302,199,35.126,84.4900,91.4950,84.52132,0.0371
1593,"2026-09-17 23:44:55.190566+04","2026-09-17 23:45:33.424749+04",302,302,199,38.234,84.4900,91.4350,84.52320,0.0393
1594,"2026-09-17 23:45:55.190995+04","2026-09-17 23:46:35.074146+04",304,304,199,39.883,84.4900,91.4450,84.52320,0.0393
1595,"2026-09-17 23:46:55.191357+04","2026-09-17 23:47:22.063177+04",297,297,198,26.872,84.4900,91.5000,84.52572,0.0423
1596,"2026-09-17 23:47:55.191966+04","2026-09-17 23:48:23.06141+04",293,293,191,27.869,84.4900,91.8800,84.52572,0.0423
1597,"2026-09-17 23:48:55.192919+04","2026-09-17 23:49:23.118516+04",293,293,191,27.926,84.4900,91.6400,84.51655,0.0314
1598,"2026-09-17 23:49:55.193799+04","2026-09-17 23:50:24.058858+04",290,290,190,28.865,84.4900,91.8800,84.51655,0.0314
1599,"2026-09-17 23:50:55.194079+04","2026-09-17 23:51:24.180386+04",291,291,192,28.986,84.4900,91.8800,84.52267,0.0387
1600,"2026-09-17 23:51:55.194843+04","2026-09-17 23:52:23.397447+04",294,294,191,28.203,84.4900,91.5000,84.52267,0.0387
1601,"2026-09-17 23:52:55.195772+04","2026-09-17 23:53:26.413062+04",292,292,193,31.217,84.4900,91.4950,84.52267,0.0387
1602,"2026-09-17 23:53:55.196003+04","2026-09-17 23:54:22.403421+04",291,291,190,27.207,84.4900,91.8800,84.52882,0.0459
1603,"2026-09-17 23:54:55.196867+04","2026-09-17 23:55:23.076092+04",296,296,193,27.879,84.4900,91.5000,84.52882,0.0459
1604,"2026-09-17 23:55:55.197519+04","2026-09-17 23:56:23.375244+04",295,295,193,28.178,84.4900,91.5000,84.53219,0.0499
1605,"2026-09-17 23:56:55.197945+04","2026-09-17 23:57:21.386201+04",298,298,196,26.188,84.4900,91.4700,84.53219,0.0499
1606,"2026-09-17 23:57:55.199425+04","2026-09-17 23:58:34.312856+04",301,301,200,39.113,84.4900,91.0000,84.52737,0.0442
1607,"2026-09-17 23:58:55.199972+04","2026-09-17 23:59:33.918802+04",297,297,195,38.719,84.4900,91.2700,84.52737,0.0442
1608,"2026-09-17 23:59:55.201115+04","2026-09-18 00:00:22.35019+04",296,296,193,27.149,84.4900,91.4450,84.52820,0.0452
1609,"2026-09-18 00:00:55.201544+04","2026-09-18 00:01:23.084673+04",291,291,192,27.883,84.4900,91.4900,84.52820,0.0452
1610,"2026-09-18 00:01:55.201861+04","2026-09-18 00:02:21.105271+04",292,292,191,25.903,84.4900,91.4700,84.52837,0.0454
1611,"2026-09-18 00:02:55.202762+04","2026-09-18 00:03:25.073452+04",287,287,188,29.871,83.0000,91.5000,84.52837,1.8081
1612,"2026-09-18 00:03:55.2034+04","2026-09-18 00:04:21.592529+04",287,287,186,26.389,84.4900,91.4900,84.52206,0.0379
1613,"2026-09-18 00:04:55.203809+04","2026-09-18 00:05:25.255453+04",285,285,184,30.052,84.4900,91.6400,84.52206,0.0379
1614,"2026-09-18 00:05:55.204382+04","2026-09-18 00:06:24.144387+04",287,287,186,28.940,84.4900,91.5000,84.53149,0.0491
1615,"2026-09-18 00:06:55.204883+04","2026-09-18 00:07:24.098156+04",285,285,186,28.893,84.4900,91.5000,84.53149,0.0491
1616,"2026-09-18 00:07:55.205227+04","2026-09-18 00:08:22.094609+04",281,281,184,26.889,84.4900,91.5000,84.53062,0.0481
1617,"2026-09-18 00:08:55.206247+04","2026-09-18 00:09:23.088961+04",278,278,186,27.883,84.4900,91.8800,84.53062,0.0481
1618,"2026-09-18 00:09:55.206725+04","2026-09-18 00:10:21.11198+04",277,277,183,25.905,84.4900,91.8800,84.52904,0.0462
1619,"2026-09-18 00:10:55.207286+04","2026-09-18 00:11:22.21896+04",281,281,188,27.012,84.4900,91.6400,84.52904,0.0462
1620,"2026-09-18 00:11:55.207557+04","2026-09-18 00:12:24.388918+04",278,278,187,29.181,84.4900,91.8800,84.52722,0.0440
1621,"2026-09-18 00:12:55.208255+04","2026-09-18 00:13:23.08411+04",274,274,186,27.876,83.9900,91.5700,84.52722,0.6356
1622,"2026-09-18 00:13:55.208667+04","2026-09-18 00:14:25.372034+04",272,272,181,30.163,84.4900,91.9500,84.52653,0.0432
1623,"2026-09-18 00:14:55.20892+04","2026-09-18 00:15:22.18485+04",272,272,179,26.976,84.4900,91.9000,84.52653,0.0432
1624,"2026-09-18 00:15:55.20995+04","2026-09-18 00:16:23.211013+04",271,271,180,28.001,84.4900,91.9000,84.52665,0.0434
1625,"2026-09-18 00:16:55.210548+04","2026-09-18 00:17:24.299568+04",270,270,180,29.089,84.4900,92.0000,84.52665,0.0434
1626,"2026-09-18 00:17:55.210751+04","2026-09-18 00:18:24.146824+04",267,267,176,28.936,84.4900,92.0000,84.53045,0.0479
1627,"2026-09-18 00:18:55.211529+04","2026-09-18 00:19:23.068992+04",269,269,176,27.857,84.4900,91.9000,84.53045,0.0479
1628,"2026-09-18 00:19:55.212539+04","2026-09-18 00:20:23.599992+04",267,267,174,28.387,84.4900,92.0000,84.52883,0.0459
1629,"2026-09-18 00:20:55.212649+04","2026-09-18 00:21:23.472309+04",274,274,181,28.260,84.4900,91.7600,84.52883,0.0459
1630,"2026-09-18 00:21:55.213349+04","2026-09-18 00:22:26.575428+04",270,270,177,31.362,84.4900,91.8800,84.53005,0.0474
1631,"2026-09-18 00:22:55.214011+04","2026-09-18 00:23:24.373465+04",269,269,178,29.159,84.4900,91.8800,84.53005,0.0474
1632,"2026-09-18 00:23:55.214415+04","2026-09-18 00:24:22.42+04",266,266,177,27.206,84.4900,91.5000,84.53083,0.0483
1633,"2026-09-18 00:24:55.215256+04","2026-09-18 00:25:23.617956+04",266,266,177,28.403,84.4900,91.5000,84.53083,0.0483
1634,"2026-09-18 00:25:55.215382+04","2026-09-18 00:26:23.101995+04",264,264,174,27.887,84.4900,91.6900,84.53083,0.0483
1635,"2026-09-18 00:26:55.216136+04","2026-09-18 00:27:24.362558+04",265,265,175,29.146,84.4900,91.5000,84.53001,0.0473
1636,"2026-09-18 00:27:55.216942+04","2026-09-18 00:28:22.661005+04",266,266,174,27.444,84.4900,91.5000,84.53001,0.0473
1637,"2026-09-18 00:28:55.2176+04","2026-09-18 00:29:22.102992+04",265,265,175,26.885,84.4900,91.5000,84.53026,0.0476
1638,"2026-09-18 00:29:55.217874+04","2026-09-18 00:30:24.091966+04",267,267,176,28.874,84.4900,91.4900,84.53026,0.0476
1639,"2026-09-18 00:30:55.218418+04","2026-09-18 00:31:24.623394+04",267,267,176,29.405,84.4900,91.4400,84.52995,0.0473
1640,"2026-09-18 00:31:55.219217+04","2026-09-18 00:32:23.099953+04",265,265,174,27.881,84.4900,91.5000,84.52995,0.0473
1641,"2026-09-18 00:32:55.219723+04","2026-09-18 00:33:24.684687+04",263,263,174,29.465,84.4900,91.4900,84.53049,0.0479
1642,"2026-09-18 00:33:55.220041+04","2026-09-18 00:34:21.116559+04",265,265,172,25.897,84.4900,91.5000,84.53049,0.0479
1643,"2026-09-18 00:34:55.220512+04","2026-09-18 00:35:24.081959+04",269,269,177,28.861,84.4900,91.4400,84.52842,0.0455
1644,"2026-09-18 00:35:55.22109+04","2026-09-18 00:36:23.284931+04",262,262,172,28.064,84.4900,91.5000,84.52842,0.0455
1645,"2026-09-18 00:36:55.221628+04","2026-09-18 00:37:23.434204+04",263,263,173,28.213,84.4900,91.4500,84.53169,0.0493
1646,"2026-09-18 00:37:55.222308+04","2026-09-18 00:38:23.407666+04",259,259,171,28.185,84.4900,91.4500,84.53169,0.0493
1647,"2026-09-18 00:38:55.222859+04","2026-09-18 00:39:22.469051+04",254,254,170,27.246,84.4900,91.3600,84.53222,0.0499
1648,"2026-09-18 00:39:55.223393+04","2026-09-18 00:40:22.520685+04",256,256,169,27.297,84.4900,91.0050,84.53222,0.0499
1649,"2026-09-18 00:40:55.224823+04","2026-09-18 00:41:23.264895+04",250,250,166,28.040,84.4900,91.1400,84.53076,0.0482
1650,"2026-09-18 00:41:55.225378+04","2026-09-18 00:42:23.029964+04",250,250,167,27.805,84.4900,91.4950,84.53076,0.0482
1651,"2026-09-18 00:42:55.225873+04","2026-09-18 00:43:24.373542+04",248,248,165,29.148,84.4900,91.4700,84.52972,0.0470
1652,"2026-09-18 00:43:55.226089+04","2026-09-18 00:44:24.362213+04",248,248,164,29.136,84.4900,91.4950,84.52972,0.0470
1653,"2026-09-18 00:44:55.226728+04","2026-09-18 00:45:23.084761+04",249,249,165,27.858,84.4900,91.4500,84.52653,0.0432
1654,"2026-09-18 00:45:55.227257+04","2026-09-18 00:46:22.253687+04",251,251,166,27.026,84.4900,91.2700,84.52653,0.0432
1655,"2026-09-18 00:46:55.227604+04","2026-09-18 00:47:22.41634+04",249,249,166,27.189,84.4900,91.4500,84.52842,0.0455
1656,"2026-09-18 00:47:55.228043+04","2026-09-18 00:48:24.405887+04",246,246,163,29.178,84.4900,91.4950,84.52842,0.0455
1657,"2026-09-18 00:48:55.228679+04","2026-09-18 00:49:24.059913+04",239,239,160,28.831,84.4900,91.4900,84.52784,0.0448
1658,"2026-09-18 00:49:55.229026+04","2026-09-18 00:50:23.081476+04",237,237,160,27.852,84.4900,91.0100,84.52784,0.0448
1659,"2026-09-18 00:50:55.229641+04","2026-09-18 00:51:21.190436+04",236,236,159,25.961,84.4900,91.1400,84.52624,0.0429
1660,"2026-09-18 00:51:55.230297+04","2026-09-18 00:52:24.059948+04",235,235,159,28.830,84.4900,91.4900,84.52624,0.0429
1661,"2026-09-18 00:52:55.230729+04","2026-09-18 00:53:24.066769+04",233,233,157,28.836,84.4900,91.5000,84.53013,0.0475
1662,"2026-09-18 00:53:55.231402+04","2026-09-18 00:54:24.208146+04",232,232,155,28.977,84.4900,91.5000,84.53013,0.0475
1663,"2026-09-18 00:54:55.23252+04","2026-09-18 00:55:23.959477+04",234,234,156,28.727,84.4900,91.1400,84.53028,0.0477
1664,"2026-09-18 00:55:55.233449+04","2026-09-18 00:56:22.372227+04",233,233,154,27.139,84.4900,91.4900,84.53028,0.0477
1665,"2026-09-18 00:56:55.233778+04","2026-09-18 00:57:23.07688+04",231,231,155,27.843,84.4900,91.2700,84.52978,0.0471
1666,"2026-09-18 00:57:55.234158+04","2026-09-18 00:58:22.289461+04",232,232,154,27.055,84.4900,91.3800,84.52978,0.0471
1667,"2026-09-18 00:58:55.234605+04","2026-09-18 00:59:24.236808+04",233,233,155,29.002,84.4900,91.0100,84.52978,0.0471
1668,"2026-09-18 00:59:55.235265+04","2026-09-18 01:00:24.793695+04",234,234,157,29.558,84.4900,91.0000,84.52976,0.0470
1669,"2026-09-18 01:00:55.235621+04","2026-09-18 01:01:24.283104+04",233,233,159,29.047,84.4900,91.2700,84.52976,0.0470
1670,"2026-09-18 01:01:55.236153+04","2026-09-18 01:02:23.090399+04",230,230,154,27.854,84.4900,91.1400,84.52575,0.0423
1671,"2026-09-18 01:02:55.236616+04","2026-09-18 01:03:21.061485+04",231,231,155,25.825,84.4900,91.0000,84.52575,0.0423
1672,"2026-09-18 01:03:55.23755+04","2026-09-18 01:04:23.323019+04",232,232,154,28.085,84.4900,91.0050,84.52485,0.0412
1673,"2026-09-18 01:04:55.2388+04","2026-09-18 01:05:23.391481+04",230,230,154,28.153,84.4900,91.1400,84.52485,0.0412
1674,"2026-09-18 01:05:55.239251+04","2026-09-18 01:06:21.368689+04",224,224,148,26.129,84.4900,91.4950,84.53166,0.0493
1675,"2026-09-18 01:06:55.239877+04","2026-09-18 01:07:24.08552+04",226,226,150,28.846,84.4900,91.4950,84.53166,0.0493
1676,"2026-09-18 01:07:55.240315+04","2026-09-18 01:08:26.239853+04",221,221,147,31.000,84.4900,91.2700,84.52928,0.0465
1677,"2026-09-18 01:08:55.240839+04","2026-09-18 01:09:24.093192+04",221,221,145,28.852,84.4900,91.2700,84.52928,0.0465
1678,"2026-09-18 01:09:55.241392+04","2026-09-18 01:10:21.354603+04",219,219,146,26.113,84.4900,91.2700,84.52907,0.0462
1679,"2026-09-18 01:10:55.241938+04","2026-09-18 01:11:22.082778+04",217,217,142,26.841,84.4900,91.5000,84.52907,0.0462
1680,"2026-09-18 01:11:55.242555+04","2026-09-18 01:12:21.051994+04",217,217,143,25.809,84.4900,91.4900,84.52653,0.0432
1681,"2026-09-18 01:12:55.242972+04","2026-09-18 01:13:20.068942+04",215,215,139,24.826,84.4900,91.5000,84.52653,0.0432
1682,"2026-09-18 01:13:55.243578+04","2026-09-18 01:14:24.059359+04",217,217,141,28.816,84.4900,91.4900,84.52736,0.0442
1683,"2026-09-18 01:14:55.244079+04","2026-09-18 01:15:22.814173+04",216,216,138,27.570,84.4900,91.3800,84.52736,0.0442
1684,"2026-09-18 01:15:55.245094+04","2026-09-18 01:16:22.344178+04",216,216,141,27.099,84.4900,91.3800,84.52580,0.0424
1685,"2026-09-18 01:16:55.245636+04","2026-09-18 01:17:23.057943+04",216,216,140,27.812,84.4900,91.1400,84.52580,0.0424
1686,"2026-09-18 01:17:55.24624+04","2026-09-18 01:18:22.401451+04",215,215,140,27.155,84.4900,91.2700,84.52531,0.0418
1687,"2026-09-18 01:18:55.24643+04","2026-09-18 01:19:24.42862+04",216,216,140,29.182,84.4900,91.3800,84.52531,0.0418
1688,"2026-09-18 01:19:55.247053+04","2026-09-18 01:20:24.365195+04",213,213,136,29.118,84.4900,91.4900,84.52748,0.0443
1689,"2026-09-18 01:20:55.247596+04","2026-09-18 01:21:22.186641+04",211,211,135,26.939,84.4900,91.5000,84.52748,0.0443
1690,"2026-09-18 01:21:55.248429+04","2026-09-18 01:22:23.380618+04",215,215,138,28.132,84.4900,91.0100,84.52924,0.0464
1691,"2026-09-18 01:22:55.249187+04","2026-09-18 01:23:23.450636+04",217,217,139,28.201,84.4900,91.0100,84.52924,0.0464
1692,"2026-09-18 01:23:55.249357+04","2026-09-18 01:24:24.913263+04",216,216,140,29.664,84.4900,91.1400,84.52866,0.0457
1693,"2026-09-18 01:24:55.250069+04","2026-09-18 01:25:23.026504+04",217,217,143,27.776,84.4900,91.0100,84.52866,0.0457
1694,"2026-09-18 01:25:55.250449+04","2026-09-18 01:26:26.418252+04",222,222,145,31.168,84.4900,91.0000,84.52833,0.0453
1695,"2026-09-18 01:26:55.251132+04","2026-09-18 01:27:24.19902+04",220,220,143,28.948,84.4900,91.0000,84.52833,0.0453
1696,"2026-09-18 01:27:55.252001+04","2026-09-18 01:28:22.795796+04",223,223,149,27.544,84.4900,91.0000,84.52854,0.0456
1697,"2026-09-18 01:28:55.252693+04","2026-09-18 01:29:21.360642+04",217,217,144,26.108,84.4900,91.0000,84.52854,0.0456
1698,"2026-09-18 01:29:55.252982+04","2026-09-18 01:30:23.409345+04",213,213,139,28.156,84.4900,91.0000,84.52854,0.0456
1699,"2026-09-18 01:30:55.253811+04","2026-09-18 01:31:21.367642+04",210,210,138,26.114,84.4900,91.0000,84.52727,0.0441
1700,"2026-09-18 01:31:55.254467+04","2026-09-18 01:32:23.181597+04",209,209,137,27.927,84.4900,91.0000,84.52727,0.0441
1701,"2026-09-18 01:32:55.254825+04","2026-09-18 01:33:21.240891+04",208,208,137,25.986,84.4900,91.0000,84.52781,0.0447
1702,"2026-09-18 01:33:55.255227+04","2026-09-18 01:34:23.501903+04",208,208,136,28.247,84.4900,90.9950,84.52781,0.0447
1703,"2026-09-18 01:34:55.25591+04","2026-09-18 01:35:25.09611+04",212,212,140,29.840,84.4900,90.9750,84.52938,0.0466
1704,"2026-09-18 01:35:55.256371+04","2026-09-18 01:36:21.10521+04",213,213,142,25.849,84.4900,90.9600,84.52938,0.0466
1705,"2026-09-18 01:36:55.256996+04","2026-09-18 01:37:26.295715+04",208,208,138,31.039,84.4900,90.9700,84.52591,0.0425
1706,"2026-09-18 01:37:55.257629+04","2026-09-18 01:38:23.089134+04",208,208,139,27.832,84.4900,90.9850,84.52591,0.0425
1707,"2026-09-18 01:38:55.257754+04","2026-09-18 01:39:22.706685+04",207,207,138,27.449,84.4900,90.9000,84.52569,0.0422
1708,"2026-09-18 01:39:55.258496+04","2026-09-18 01:40:20.399411+04",207,207,136,25.141,84.4900,91.0000,84.52569,0.0422
1709,"2026-09-18 01:40:55.259578+04","2026-09-18 01:41:24.346436+04",207,207,138,29.087,84.4900,91.0000,84.52797,0.0449
1710,"2026-09-18 01:41:55.260384+04","2026-09-18 01:42:23.068187+04",206,206,136,27.808,84.4900,91.0000,84.52797,0.0449
1711,"2026-09-18 01:42:55.260784+04","2026-09-18 01:43:25.207278+04",204,204,137,29.946,84.4900,91.0000,84.52763,0.0445
1712,"2026-09-18 01:43:55.261639+04","2026-09-18 01:44:25.926213+04",208,208,138,30.665,84.4900,90.9850,84.52763,0.0445
1713,"2026-09-18 01:44:55.262073+04","2026-09-18 01:45:24.072895+04",205,205,135,28.811,84.4900,90.9000,84.52586,0.0424
1714,"2026-09-18 01:45:55.262915+04","2026-09-18 01:46:21.080001+04",209,209,139,25.817,84.4900,90.9000,84.52586,0.0424
1715,"2026-09-18 01:46:55.263334+04","2026-09-18 01:47:23.082073+04",208,208,138,27.819,84.4900,90.8500,84.52775,0.0447
1716,"2026-09-18 01:47:55.264339+04","2026-09-18 01:48:24.362414+04",208,208,137,29.098,84.4900,90.9000,84.52775,0.0447
1717,"2026-09-18 01:48:55.265414+04","2026-09-18 01:49:23.623488+04",209,209,139,28.358,84.4900,90.9000,84.52694,0.0437
1718,"2026-09-18 01:49:55.265851+04","2026-09-18 01:50:25.167579+04",207,207,138,29.902,84.4900,90.7500,84.52694,0.0437
1719,"2026-09-18 01:50:55.266486+04","2026-09-18 01:51:21.49076+04",202,202,135,26.224,84.4900,90.5050,84.52628,0.0429
1720,"2026-09-18 01:51:55.267593+04","2026-09-18 01:52:14.893186+04",199,199,135,19.626,84.4900,90.5000,84.52628,0.0429
1721,"2026-09-18 01:52:55.268256+04","2026-09-18 01:53:13.863463+04",196,196,133,18.595,84.4900,90.5300,84.52744,0.0443
1722,"2026-09-18 01:53:55.268835+04","2026-09-18 01:54:13.833684+04",197,197,134,18.565,84.4900,90.5500,84.52744,0.0443
1723,"2026-09-18 01:54:55.268906+04","2026-09-18 01:55:22.80769+04",201,201,138,27.539,84.4900,90.5500,84.52823,0.0452
1724,"2026-09-18 01:55:55.269958+04","2026-09-18 01:56:25.985237+04",200,200,138,30.715,84.4900,90.6250,84.52823,0.0452
1725,"2026-09-18 01:56:55.270102+04","2026-09-18 01:57:13.861471+04",199,199,138,18.591,84.4900,90.7500,84.52863,0.0457
1726,"2026-09-18 01:57:55.270983+04","2026-09-18 01:58:14.856286+04",196,196,136,19.585,84.4900,90.6500,84.52863,0.0457
1727,"2026-09-18 01:58:55.271286+04","2026-09-18 01:59:13.128358+04",192,192,133,17.857,84.4900,90.8500,84.52902,0.0462
1728,"2026-09-18 01:59:55.27194+04","2026-09-18 02:00:15.154401+04",191,191,133,19.882,84.4900,90.9000,84.52902,0.0462
1729,"2026-09-18 02:00:55.272514+04","2026-09-18 02:01:13.083069+04",196,196,136,17.811,84.4900,90.6500,84.52847,0.0455
1730,"2026-09-18 02:01:55.272968+04","2026-09-18 02:02:13.118316+04",195,195,136,17.845,84.4900,90.7500,84.52847,0.0455
1731,"2026-09-18 02:02:55.273539+04","2026-09-18 02:03:14.973008+04",194,194,135,19.699,84.4900,90.6500,84.52683,0.0436
1732,"2026-09-18 02:03:55.273994+04","2026-09-18 02:04:14.117249+04",192,192,134,18.843,84.4900,90.5300,84.52683,0.0436
1733,"2026-09-18 02:04:55.274718+04","2026-09-18 02:05:13.87529+04",193,193,134,18.601,84.4900,90.4900,84.51953,0.0349
1734,"2026-09-18 02:05:55.275168+04","2026-09-18 02:06:13.856243+04",189,189,130,18.581,84.4900,90.5100,84.51953,0.0349
1735,"2026-09-18 02:06:55.275801+04","2026-09-18 02:07:13.215474+04",191,191,131,17.940,84.4900,90.4900,84.51953,0.0349
1736,"2026-09-18 02:07:55.276465+04","2026-09-18 02:08:12.854156+04",190,190,130,17.578,84.4900,90.4900,84.53089,0.0484
1737,"2026-09-18 02:08:55.276938+04","2026-09-18 02:09:14.136236+04",189,189,129,18.859,84.4900,90.4900,84.53089,0.0484
1738,"2026-09-18 02:09:55.277485+04","2026-09-18 02:10:12.981489+04",184,184,125,17.704,84.4900,90.4900,84.52813,0.0451
1739,"2026-09-18 02:10:55.278567+04","2026-09-18 02:11:14.593366+04",183,183,123,19.315,84.4900,90.5100,84.52813,0.0451
1740,"2026-09-18 02:11:55.278674+04","2026-09-18 02:12:15.986103+04",184,184,124,20.707,84.4900,90.5000,84.52987,0.0472
1741,"2026-09-18 02:12:55.279109+04","2026-09-18 02:13:15.178949+04",188,188,128,19.900,84.4900,90.4100,84.52987,0.0472
1742,"2026-09-18 02:13:55.279658+04","2026-09-18 02:14:15.185449+04",181,181,123,19.906,84.4900,90.3300,84.52966,0.0469
1743,"2026-09-18 02:14:55.281477+04","2026-09-18 02:15:11.837993+04",182,182,127,16.557,84.4900,90.5300,84.52966,0.0469
1744,"2026-09-18 02:15:55.281751+04","2026-09-18 02:16:13.962593+04",176,176,121,18.681,84.4900,90.7750,84.52862,0.0457
1745,"2026-09-18 02:16:55.282457+04","2026-09-18 02:17:15.99307+04",174,174,119,20.711,84.4900,90.8500,84.52862,0.0457
1746,"2026-09-18 02:17:55.282623+04","2026-09-18 02:18:15.130491+04",173,173,118,19.848,84.4900,90.8000,84.52968,0.0469
1747,"2026-09-18 02:18:55.283448+04","2026-09-18 02:19:15.82154+04",171,171,117,20.538,84.4900,90.7500,84.52968,0.0469
1748,"2026-09-18 02:19:55.283984+04","2026-09-18 02:20:14.121638+04",174,174,117,18.838,84.4900,90.6500,84.52865,0.0457
1749,"2026-09-18 02:20:55.284218+04","2026-09-18 02:21:14.153137+04",176,176,120,18.869,84.4900,90.5300,84.52865,0.0457
1750,"2026-09-18 02:21:55.285694+04","2026-09-18 02:22:15.156933+04",178,178,120,19.871,84.4900,90.5000,84.52875,0.0458
1751,"2026-09-18 02:22:55.286192+04","2026-09-18 02:23:13.00023+04",175,175,118,17.714,84.4900,90.5500,84.52875,0.0458
1752,"2026-09-18 02:23:55.286891+04","2026-09-18 02:24:13.59926+04",175,175,119,18.312,84.4900,90.5500,84.52958,0.0468
1753,"2026-09-18 02:24:55.287275+04","2026-09-18 02:25:13.343243+04",175,175,119,18.056,84.4900,90.5500,84.52958,0.0468
1754,"2026-09-18 02:25:55.287762+04","2026-09-18 02:26:12.848854+04",174,174,118,17.561,84.4900,90.6500,84.52837,0.0454
1755,"2026-09-18 02:26:55.288271+04","2026-09-18 02:27:14.844942+04",171,171,117,19.557,84.4900,90.8000,84.52837,0.0454
1756,"2026-09-18 02:27:55.288794+04","2026-09-18 02:28:14.27709+04",170,170,118,18.988,84.4900,90.5300,84.52883,0.0459
1757,"2026-09-18 02:28:55.289392+04","2026-09-18 02:29:13.864773+04",170,170,117,18.575,84.4900,90.7750,84.52883,0.0459
1758,"2026-09-18 02:29:55.290031+04","2026-09-18 02:30:12.842117+04",169,169,116,17.552,84.4900,90.7500,84.52995,0.0473
1759,"2026-09-18 02:30:55.290586+04","2026-09-18 02:31:15.126465+04",166,166,113,19.836,84.4900,90.7750,84.52995,0.0473
1760,"2026-09-18 02:31:55.291054+04","2026-09-18 02:32:16.146262+04",166,166,113,20.855,84.4900,90.7750,84.52774,0.0446
1761,"2026-09-18 02:32:55.291355+04","2026-09-18 02:33:13.867199+04",160,160,110,18.576,84.4900,90.8500,84.52774,0.0446
1762,"2026-09-18 02:33:55.291731+04","2026-09-18 02:34:15.852331+04",160,160,110,20.561,84.4900,90.9500,84.52946,0.0467
1763,"2026-09-18 02:34:55.293183+04","2026-09-18 02:35:13.864911+04",163,163,113,18.572,84.4900,90.8000,84.52946,0.0467
1764,"2026-09-18 02:35:55.293513+04","2026-09-18 02:36:16.037288+04",167,167,117,20.744,84.4900,90.4900,84.52710,0.0439
1765,"2026-09-18 02:36:55.294313+04","2026-09-18 02:37:15.348282+04",163,163,113,20.054,84.4900,90.7500,84.52710,0.0439
1766,"2026-09-18 02:37:55.294763+04","2026-09-18 02:38:13.844178+04",164,164,115,18.549,84.4900,90.4100,84.52718,0.0440
1767,"2026-09-18 02:38:55.295021+04","2026-09-18 02:39:12.922415+04",161,161,112,17.627,84.4900,90.7500,84.52718,0.0440
1768,"2026-09-18 02:39:55.295767+04","2026-09-18 02:40:13.985882+04",163,163,111,18.690,84.4900,90.7500,84.52714,0.0439
1769,"2026-09-18 02:40:55.296187+04","2026-09-18 02:41:15.882813+04",164,164,111,20.587,84.4900,90.6500,84.52714,0.0439
1770,"2026-09-18 02:41:55.296895+04","2026-09-18 02:42:15.465688+04",164,164,113,20.169,84.4900,90.2650,84.52714,0.0439
1771,"2026-09-18 02:42:55.29738+04","2026-09-18 02:43:12.854165+04",167,167,114,17.557,84.4900,90.3300,84.52957,0.0468
1772,"2026-09-18 02:43:55.297862+04","2026-09-18 02:44:13.287431+04",167,167,114,17.990,84.4900,90.4900,84.52957,0.0468
1773,"2026-09-18 02:44:55.298874+04","2026-09-18 02:45:13.995366+04",165,165,114,18.696,84.4900,90.3300,84.53002,0.0473
1774,"2026-09-18 02:45:55.299499+04","2026-09-18 02:46:11.863893+04",167,167,114,16.564,84.4900,90.4900,84.53002,0.0473
1775,"2026-09-18 02:46:55.300563+04","2026-09-18 02:47:15.013266+04",169,169,115,19.713,84.4900,90.4900,84.52939,0.0466
1776,"2026-09-18 02:47:55.301172+04","2026-09-18 02:48:12.027858+04",167,167,114,16.727,84.4900,90.1900,84.52939,0.0466
1777,"2026-09-18 02:48:55.301664+04","2026-09-18 02:49:12.88686+04",167,167,114,17.585,84.4900,90.2000,84.52962,0.0469
1778,"2026-09-18 02:49:55.302217+04","2026-09-18 02:50:15.011867+04",159,159,112,19.710,84.4900,90.0000,84.52962,0.0469
1779,"2026-09-18 02:50:55.302628+04","2026-09-18 02:51:14.844989+04",156,156,110,19.542,84.4900,90.1950,84.52865,0.0457
1780,"2026-09-18 02:51:55.303127+04","2026-09-18 02:52:13.894075+04",158,158,108,18.591,84.4900,90.5200,84.52865,0.0457
1781,"2026-09-18 02:52:55.304612+04","2026-09-18 02:53:15.126271+04",156,156,104,19.822,84.4900,90.6500,84.52843,0.0455
1782,"2026-09-18 02:53:55.305205+04","2026-09-18 02:54:15.862742+04",156,156,104,20.558,84.4900,90.7750,84.52843,0.0455
1783,"2026-09-18 02:54:55.305761+04","2026-09-18 02:55:12.859623+04",159,159,107,17.554,84.4900,90.4900,84.52862,0.0457
1784,"2026-09-18 02:55:55.306381+04","2026-09-18 02:56:13.879411+04",159,159,108,18.573,84.4900,90.3300,84.52862,0.0457
1785,"2026-09-18 02:56:55.306787+04","2026-09-18 02:57:13.165517+04",160,160,107,17.859,84.4900,90.5200,84.52922,0.0464
1786,"2026-09-18 02:57:55.307039+04","2026-09-18 02:58:14.21217+04",157,157,104,18.905,84.4900,90.7500,84.52922,0.0464
1787,"2026-09-18 02:58:55.307527+04","2026-09-18 02:59:13.890639+04",159,159,106,18.583,84.4900,90.5500,84.52878,0.0459
1788,"2026-09-18 02:59:55.308221+04","2026-09-18 03:00:13.890374+04",159,159,106,18.582,84.4900,90.5500,84.52878,0.0459
1789,"2026-09-18 03:00:55.308672+04","2026-09-18 03:01:14.027568+04",161,161,108,18.719,84.4900,90.5500,84.52900,0.0461
1790,"2026-09-18 03:01:55.309134+04","2026-09-18 03:02:14.143101+04",164,164,110,18.834,84.4900,90.4100,84.52900,0.0461
1791,"2026-09-18 03:02:55.309459+04","2026-09-18 03:03:15.176804+04",163,163,110,19.867,84.4900,90.3300,84.52866,0.0457
1792,"2026-09-18 03:03:55.310044+04","2026-09-18 03:04:15.023999+04",162,162,109,19.714,84.4900,90.4100,84.52866,0.0457
1793,"2026-09-18 03:04:55.310644+04","2026-09-18 03:05:14.180221+04",157,157,106,18.870,84.4900,90.3300,84.53148,0.0491
1794,"2026-09-18 03:05:55.311123+04","2026-09-18 03:06:15.894578+04",158,158,106,20.583,84.4900,90.5200,84.53148,0.0491
1795,"2026-09-18 03:06:55.311753+04","2026-09-18 03:07:13.889877+04",159,159,107,18.578,84.4900,90.4900,84.52824,0.0452
1796,"2026-09-18 03:07:55.31199+04","2026-09-18 03:08:12.65586+04",158,158,106,17.344,84.4900,90.5200,84.52824,0.0452
1797,"2026-09-18 03:08:55.312736+04","2026-09-18 03:09:14.904597+04",160,160,108,19.592,84.4900,90.4100,84.52824,0.0452
1798,"2026-09-18 03:09:55.313191+04","2026-09-18 03:10:12.906718+04",162,162,109,17.594,84.4900,90.2650,84.52995,0.0473
1799,"2026-09-18 03:10:55.313881+04","2026-09-18 03:11:15.136424+04",155,155,105,19.823,84.4900,90.3300,84.52995,0.0473
1800,"2026-09-18 03:11:55.314182+04","2026-09-18 03:12:13.833259+04",154,154,105,18.519,84.4900,90.2650,84.53291,0.0508
1801,"2026-09-18 03:12:55.314907+04","2026-09-18 03:13:12.424328+04",155,155,106,17.109,84.4900,90.1900,84.53291,0.0508
1802,"2026-09-18 03:13:55.315443+04","2026-09-18 03:14:12.975732+04",157,157,106,17.660,84.4900,90.2000,84.52868,0.0458
1803,"2026-09-18 03:14:55.315671+04","2026-09-18 03:15:14.932784+04",155,155,104,19.617,84.4900,90.3300,84.52868,0.0458
1804,"2026-09-18 03:15:55.316238+04","2026-09-18 03:16:13.977317+04",154,154,105,18.661,84.4900,90.1950,84.52567,0.0422
1805,"2026-09-18 03:16:55.316857+04","2026-09-18 03:17:12.082007+04",149,149,100,16.765,84.4900,90.7500,84.52567,0.0422
1806,"2026-09-18 03:17:55.317254+04","2026-09-18 03:18:15.005824+04",147,147,98,19.689,84.4900,90.8000,84.52759,0.0445
1807,"2026-09-18 03:18:55.317948+04","2026-09-18 03:19:13.158783+04",146,146,99,17.841,84.4900,90.5200,84.52759,0.0445
1808,"2026-09-18 03:19:55.318533+04","2026-09-18 03:20:12.314232+04",147,147,99,16.996,84.4900,90.5500,84.53048,0.0479
1809,"2026-09-18 03:20:55.319215+04","2026-09-18 03:21:13.205991+04",147,147,99,17.887,84.4900,90.8000,84.53048,0.0479
1810,"2026-09-18 03:21:55.319532+04","2026-09-18 03:22:14.174385+04",148,148,100,18.855,84.4900,90.6750,84.52638,0.0430
1811,"2026-09-18 03:22:55.320171+04","2026-09-18 03:23:13.95641+04",148,148,100,18.636,84.4900,90.6750,84.52638,0.0430
1812,"2026-09-18 03:23:55.321374+04","2026-09-18 03:24:14.266342+04",147,147,101,18.945,84.4900,90.5500,84.52794,0.0449
1813,"2026-09-18 03:24:55.321754+04","2026-09-18 03:25:13.075504+04",147,147,102,17.754,84.4900,90.4900,84.52794,0.0449
1814,"2026-09-18 03:25:55.322522+04","2026-09-18 03:26:13.889319+04",146,146,100,18.567,84.4900,90.6750,84.52647,0.0431
1815,"2026-09-18 03:26:55.322958+04","2026-09-18 03:27:14.94833+04",147,147,101,19.625,84.4900,90.4900,84.52647,0.0431
1816,"2026-09-18 03:27:55.323458+04","2026-09-18 03:28:13.363346+04",149,149,104,18.040,84.4900,90.2000,84.52865,0.0457
1817,"2026-09-18 03:28:55.324334+04","2026-09-18 03:29:12.903793+04",150,150,105,17.579,84.0000,90.2650,84.52865,0.6254
1818,"2026-09-18 03:29:55.324751+04","2026-09-18 03:30:15.217282+04",146,146,100,19.893,84.4900,90.5200,84.52959,0.0468
1819,"2026-09-18 03:30:55.325227+04","2026-09-18 03:31:13.918164+04",141,141,101,18.593,84.4900,90.1900,84.52959,0.0468
1820,"2026-09-18 03:31:55.325925+04","2026-09-18 03:32:14.051884+04",139,139,96,18.726,84.4900,90.8000,84.52709,0.0439
1821,"2026-09-18 03:32:55.326583+04","2026-09-18 03:33:13.955312+04",138,138,94,18.629,84.4900,90.8500,84.52709,0.0439
1822,"2026-09-18 03:33:55.326777+04","2026-09-18 03:34:11.903303+04",137,137,93,16.577,84.4900,90.8000,84.52784,0.0448
1823,"2026-09-18 03:34:55.327449+04","2026-09-18 03:35:14.351558+04",139,139,96,19.024,83.0000,90.5500,84.52784,1.8075
1824,"2026-09-18 03:35:55.328002+04","2026-09-18 03:36:12.928954+04",137,137,94,17.601,83.0000,90.8000,84.52746,1.8071
1825,"2026-09-18 03:36:55.328405+04","2026-09-18 03:37:14.181762+04",136,136,94,18.853,83.0000,90.5200,84.52746,1.8071
1826,"2026-09-18 03:37:55.328972+04","2026-09-18 03:38:12.965421+04",137,137,94,17.636,83.0000,90.8000,84.53063,1.8107
1827,"2026-09-18 03:38:55.330009+04","2026-09-18 03:39:13.958183+04",136,136,92,18.628,83.0000,90.8500,84.53063,1.8107
1828,"2026-09-18 03:39:55.33051+04","2026-09-18 03:40:13.898207+04",135,135,92,18.568,83.0000,90.9000,84.52655,1.8060
1829,"2026-09-18 03:40:55.330935+04","2026-09-18 03:41:13.479235+04",142,142,98,18.148,83.0000,90.3450,84.52655,1.8060
1830,"2026-09-18 03:41:55.332365+04","2026-09-18 03:42:15.989262+04",142,142,98,20.657,83.0000,90.3450,84.52655,1.8060
1831,"2026-09-18 03:42:55.332685+04","2026-09-18 03:43:12.907775+04",140,140,99,17.575,83.0000,90.0950,84.52740,1.8070
1832,"2026-09-18 03:43:55.333399+04","2026-09-18 03:44:13.921511+04",142,142,98,18.588,83.0000,90.3450,84.52740,1.8070
1833,"2026-09-18 03:44:55.333813+04","2026-09-18 03:45:15.944394+04",141,141,98,20.611,83.0000,90.2000,84.52878,1.8086
1834,"2026-09-18 03:45:55.334344+04","2026-09-18 03:46:15.526713+04",141,141,97,20.192,83.0000,90.4900,84.52878,1.8086
1835,"2026-09-18 03:46:55.334529+04","2026-09-18 03:47:12.946796+04",137,137,92,17.612,82.0000,90.5500,84.52893,2.9918
1836,"2026-09-18 03:47:55.335239+04","2026-09-18 03:48:13.94886+04",139,139,94,18.614,84.4900,90.4900,84.52893,0.0461
1837,"2026-09-18 03:48:55.33575+04","2026-09-18 03:49:13.367621+04",144,144,97,18.032,84.4900,90.6750,84.52984,0.0471
1838,"2026-09-18 03:49:55.3366+04","2026-09-18 03:50:15.968534+04",139,139,96,20.632,84.4900,90.2000,84.52984,0.0471
1839,"2026-09-18 03:50:55.336732+04","2026-09-18 03:51:12.196511+04",143,143,95,16.860,84.4900,90.8000,84.53023,0.0476
1840,"2026-09-18 03:51:55.337304+04","2026-09-18 03:52:13.951554+04",139,139,94,18.614,84.4900,90.4900,84.53023,0.0476
1841,"2026-09-18 03:52:55.337794+04","2026-09-18 03:53:14.103758+04",141,141,93,18.766,84.4900,90.9000,84.52872,0.0458
1842,"2026-09-18 03:53:55.338476+04","2026-09-18 03:54:14.532101+04",137,137,89,19.194,84.4900,91.0000,84.52872,0.0458
1843,"2026-09-18 03:54:55.338942+04","2026-09-18 03:55:13.006042+04",146,146,96,17.667,84.4900,90.8500,84.52882,0.0459
1844,"2026-09-18 03:55:55.339543+04","2026-09-18 03:56:13.594025+04",142,142,91,18.254,84.4900,91.0000,84.52882,0.0459
1845,"2026-09-18 03:56:55.340109+04","2026-09-18 03:57:16.406246+04",142,142,95,21.066,84.4900,90.5200,84.52966,0.0469
1846,"2026-09-18 03:57:55.34067+04","2026-09-18 03:58:15.530409+04",145,145,95,20.190,84.4900,90.9000,84.52966,0.0469
1847,"2026-09-18 03:58:55.340861+04","2026-09-18 03:59:15.049309+04",141,141,90,19.708,84.4900,91.0000,84.53007,0.0474
1848,"2026-09-18 03:59:55.34166+04","2026-09-18 04:00:12.993816+04",145,145,94,17.652,84.4900,90.9000,84.53007,0.0474
1849,"2026-09-18 04:00:55.342269+04","2026-09-18 04:01:15.054378+04",141,141,93,19.712,84.4900,90.9000,84.52752,0.0444
1850,"2026-09-18 04:01:55.342827+04","2026-09-18 04:02:14.053257+04",141,141,94,18.710,84.4900,90.8000,84.52752,0.0444
1851,"2026-09-18 04:02:55.343171+04","2026-09-18 04:03:15.160785+04",142,142,94,19.818,84.4900,90.9500,84.52786,0.0448
1852,"2026-09-18 04:03:55.343773+04","2026-09-18 04:04:14.418674+04",140,140,95,19.075,82.0000,90.9500,84.52786,2.9906
1853,"2026-09-18 04:04:55.344317+04","2026-09-18 04:05:11.928244+04",137,137,92,16.584,84.4900,91.0000,84.52783,0.0448
1854,"2026-09-18 04:05:55.345083+04","2026-09-18 04:06:14.078615+04",136,136,92,18.734,84.4900,91.0000,84.52783,0.0448
1855,"2026-09-18 04:06:55.345597+04","2026-09-18 04:07:13.069659+04",136,136,92,17.724,84.4900,91.0000,84.52606,0.0427
1856,"2026-09-18 04:07:55.346032+04","2026-09-18 04:08:12.946108+04",133,133,93,17.600,84.4900,90.8000,84.52606,0.0427
1857,"2026-09-18 04:08:55.346337+04","2026-09-18 04:09:13.912467+04",132,132,92,18.566,84.4900,90.6750,84.52489,0.0413
1858,"2026-09-18 04:09:55.346789+04","2026-09-18 04:10:14.098824+04",132,132,92,18.752,84.4900,90.8500,84.52489,0.0413
1859,"2026-09-18 04:10:55.347857+04","2026-09-18 04:11:11.945665+04",132,132,90,16.598,84.4900,91.0000,84.52945,0.0467
1860,"2026-09-18 04:11:55.347965+04","2026-09-18 04:12:14.073625+04",130,130,89,18.726,84.4900,91.0000,84.52945,0.0467
1861,"2026-09-18 04:12:55.348733+04","2026-09-18 04:13:13.604365+04",129,129,89,18.256,84.4900,91.0000,84.52880,0.0459
1862,"2026-09-18 04:13:55.349337+04","2026-09-18 04:14:14.118216+04",129,129,90,18.769,84.4900,91.0000,84.52880,0.0459
1863,"2026-09-18 04:14:55.349993+04","2026-09-18 04:15:13.935626+04",127,127,90,18.586,84.4900,91.0000,84.52880,0.0459
1864,"2026-09-18 04:15:55.350643+04","2026-09-18 04:16:13.937996+04",130,130,90,18.587,84.4900,91.0000,84.52828,0.0453
1865,"2026-09-18 04:16:55.350988+04","2026-09-18 04:17:14.907511+04",128,128,88,19.557,84.4900,91.0000,84.52828,0.0453
1866,"2026-09-18 04:17:55.351488+04","2026-09-18 04:18:14.044056+04",127,127,84,18.693,84.4900,91.0100,84.52925,0.0464
1867,"2026-09-18 04:18:55.352188+04","2026-09-18 04:19:13.915894+04",130,130,84,18.564,84.4900,91.0050,84.52925,0.0464
1868,"2026-09-18 04:19:55.352782+04","2026-09-18 04:20:14.394538+04",129,129,83,19.042,84.4900,91.0100,84.52932,0.0465
1869,"2026-09-18 04:20:55.353226+04","2026-09-18 04:21:13.906633+04",130,130,86,18.553,84.4900,90.9500,84.52932,0.0465
1870,"2026-09-18 04:21:55.353703+04","2026-09-18 04:22:13.002962+04",135,135,89,17.649,84.4900,91.0000,84.52805,0.0450
1871,"2026-09-18 04:22:55.354392+04","2026-09-18 04:23:11.965078+04",137,137,94,16.611,84.4900,90.4900,84.52805,0.0450
1872,"2026-09-18 04:23:55.354831+04","2026-09-18 04:24:14.398417+04",138,138,92,19.044,84.4900,90.8500,84.52870,0.0458
1873,"2026-09-18 04:24:55.35539+04","2026-09-18 04:25:13.901172+04",135,135,91,18.546,84.4900,90.9000,84.52870,0.0458
1874,"2026-09-18 04:25:55.355712+04","2026-09-18 04:26:15.448063+04",136,136,92,20.092,84.4900,90.8500,84.52733,0.0442
1875,"2026-09-18 04:26:55.356437+04","2026-09-18 04:27:13.102808+04",138,138,95,17.746,84.4900,90.6750,84.52733,0.0442
1876,"2026-09-18 04:27:55.356692+04","2026-09-18 04:28:15.256945+04",138,138,93,19.900,84.4900,90.9500,84.52989,0.0472
1877,"2026-09-18 04:28:55.357491+04","2026-09-18 04:29:13.408634+04",140,140,96,18.051,84.4900,90.6750,84.52989,0.0472
1878,"2026-09-18 04:29:55.357614+04","2026-09-18 04:30:13.068923+04",138,138,93,17.711,84.4900,90.9500,84.52598,0.0426
1879,"2026-09-18 04:30:55.358625+04","2026-09-18 04:31:14.897476+04",137,137,91,19.539,84.4900,91.0000,84.52598,0.0426
1880,"2026-09-18 04:31:55.359274+04","2026-09-18 04:32:11.929938+04",138,138,92,16.571,84.4900,90.9500,84.52621,0.0428
1881,"2026-09-18 04:32:55.359872+04","2026-09-18 04:33:15.112734+04",138,138,91,19.753,84.4900,90.9500,84.52621,0.0428
1882,"2026-09-18 04:33:55.36025+04","2026-09-18 04:34:15.101538+04",138,138,92,19.741,84.4900,90.8500,84.52812,0.0451
1883,"2026-09-18 04:34:55.361545+04","2026-09-18 04:35:15.065397+04",140,140,92,19.704,84.4900,90.8500,84.52812,0.0451
1884,"2026-09-18 04:35:55.361732+04","2026-09-18 04:36:14.082597+04",137,137,90,18.721,84.4900,90.9000,84.52878,0.0459
1885,"2026-09-18 04:36:55.362423+04","2026-09-18 04:37:11.950354+04",140,140,94,16.588,84.4900,90.3400,84.52878,0.0459
1886,"2026-09-18 04:37:55.362999+04","2026-09-18 04:38:13.08728+04",141,141,93,17.724,84.4900,90.8000,84.52954,0.0468
1887,"2026-09-18 04:38:55.363225+04","2026-09-18 04:39:15.576787+04",139,139,93,20.214,84.4900,90.5500,84.52954,0.0468
1888,"2026-09-18 04:39:55.364002+04","2026-09-18 04:40:14.194897+04",141,141,94,18.831,84.4900,90.5500,84.52566,0.0422
1889,"2026-09-18 04:40:55.364559+04","2026-09-18 04:41:14.528012+04",141,141,94,19.163,84.4900,90.9000,84.52566,0.0422
1890,"2026-09-18 04:41:55.365045+04","2026-09-18 04:42:15.0877+04",137,137,90,19.723,84.4900,91.0000,84.52571,0.0422
1891,"2026-09-18 04:42:55.36634+04","2026-09-18 04:43:14.145173+04",137,137,91,18.779,84.4900,91.0000,84.52571,0.0422
1892,"2026-09-18 04:43:55.366797+04","2026-09-18 04:44:15.624449+04",139,139,91,20.258,84.4900,91.0000,84.52565,0.0422
1893,"2026-09-18 04:44:55.367637+04","2026-09-18 04:45:11.943305+04",141,141,90,16.576,84.4900,91.0000,84.52565,0.0422
1894,"2026-09-18 04:45:55.368285+04","2026-09-18 04:46:11.957172+04",142,142,93,16.589,84.4900,90.7250,84.52565,0.0422
1895,"2026-09-18 04:46:55.369027+04","2026-09-18 04:47:15.958725+04",143,143,92,20.590,84.4900,91.0000,84.52930,0.0465
1896,"2026-09-18 04:47:55.369457+04","2026-09-18 04:48:13.076969+04",142,142,94,17.708,84.4900,90.9500,84.52930,0.0465
1897,"2026-09-18 04:48:55.370057+04","2026-09-18 04:49:13.962483+04",138,138,90,18.592,84.4900,91.0000,84.52867,0.0457
1898,"2026-09-18 04:49:55.370455+04","2026-09-18 04:50:12.063543+04",138,138,89,16.693,84.4900,91.0050,84.52867,0.0457
1899,"2026-09-18 04:50:55.371103+04","2026-09-18 04:51:15.938405+04",135,135,86,20.567,84.4900,91.2700,84.52993,0.0472
1900,"2026-09-18 04:51:55.371892+04","2026-09-18 04:52:12.946737+04",134,134,87,17.575,84.4900,91.0000,84.52993,0.0472
1901,"2026-09-18 04:52:55.372163+04","2026-09-18 04:53:14.051286+04",136,136,87,18.679,84.4900,91.1400,84.52889,0.0460
1902,"2026-09-18 04:53:55.372737+04","2026-09-18 04:54:11.929073+04",138,138,89,16.556,84.4900,91.0050,84.52889,0.0460
1903,"2026-09-18 04:54:55.373561+04","2026-09-18 04:55:12.084826+04",137,137,88,16.711,84.4900,91.0000,84.52709,0.0439
1904,"2026-09-18 04:55:55.373997+04","2026-09-18 04:56:13.979058+04",136,136,87,18.605,84.4900,91.2850,84.52709,0.0439
1905,"2026-09-18 04:56:55.37456+04","2026-09-18 04:57:16.228339+04",136,136,88,20.854,84.4900,91.0050,84.52814,0.0451
1906,"2026-09-18 04:57:55.375051+04","2026-09-18 04:58:13.958252+04",137,137,86,18.583,84.4900,91.5000,84.52814,0.0451
1907,"2026-09-18 04:58:55.375483+04","2026-09-18 04:59:13.382745+04",136,136,85,18.007,84.4900,91.5450,84.52952,0.0468
1908,"2026-09-18 04:59:55.375626+04","2026-09-18 05:00:14.183042+04",137,137,88,18.807,84.4900,91.2700,84.52952,0.0468
1909,"2026-09-18 05:00:55.3764+04","2026-09-18 05:01:13.926712+04",135,135,86,18.550,84.4900,91.7000,84.52659,0.0433
1910,"2026-09-18 05:01:55.377081+04","2026-09-18 05:02:11.987609+04",137,137,87,16.611,84.4900,91.8800,84.52659,0.0433
1911,"2026-09-18 05:02:55.377438+04","2026-09-18 05:03:15.014686+04",137,137,87,19.637,84.4900,91.8800,84.52838,0.0454
1912,"2026-09-18 05:03:55.378276+04","2026-09-18 05:04:13.950515+04",135,135,87,18.572,84.4900,91.7000,84.52838,0.0454
1913,"2026-09-18 05:04:55.379047+04","2026-09-18 05:05:15.082347+04",136,136,88,19.703,84.4900,91.6450,84.52709,0.0439
1914,"2026-09-18 05:05:55.379337+04","2026-09-18 05:06:12.965085+04",136,136,90,17.586,84.4900,91.1400,84.52709,0.0439
1915,"2026-09-18 05:06:55.379673+04","2026-09-18 05:07:13.954335+04",140,140,91,18.575,84.4900,91.3850,84.52549,0.0420
1916,"2026-09-18 05:07:55.38052+04","2026-09-18 05:08:14.9427+04",135,135,89,19.562,84.4900,91.0100,84.52549,0.0420
1917,"2026-09-18 05:08:55.380948+04","2026-09-18 05:09:13.964645+04",133,133,85,18.584,84.4900,91.8800,84.52617,0.0428
1918,"2026-09-18 05:09:55.381464+04","2026-09-18 05:10:16.228612+04",133,133,88,20.847,84.4900,91.5900,84.52617,0.0428
1919,"2026-09-18 05:10:55.381893+04","2026-09-18 05:11:13.071226+04",136,136,86,17.689,84.4900,91.7900,84.52725,0.0441
1920,"2026-09-18 05:11:55.38245+04","2026-09-18 05:12:13.429197+04",137,137,88,18.047,84.4900,91.5900,84.52725,0.0441
1921,"2026-09-18 05:12:55.383055+04","2026-09-18 05:13:14.251341+04",138,138,88,18.868,84.4900,91.6450,84.52659,0.0433
1922,"2026-09-18 05:13:55.383526+04","2026-09-18 05:14:13.987419+04",140,140,89,18.604,84.4900,91.5450,84.52659,0.0433
1923,"2026-09-18 05:14:55.383927+04","2026-09-18 05:15:12.939383+04",137,137,87,17.555,84.4900,91.5000,84.52838,0.0454
1924,"2026-09-18 05:15:55.384699+04","2026-09-18 05:16:11.98357+04",134,134,83,16.599,84.4900,91.8900,84.52838,0.0454
1925,"2026-09-18 05:16:55.384799+04","2026-09-18 05:17:14.04959+04",144,144,89,18.665,84.4900,91.5450,84.52838,0.0454
1926,"2026-09-18 05:17:55.385722+04","2026-09-18 05:18:13.994103+04",142,142,87,18.608,84.4900,91.6450,84.52788,0.0448
1927,"2026-09-18 05:18:55.386205+04","2026-09-18 05:19:14.971842+04",145,145,89,19.586,84.4900,91.5000,84.52788,0.0448
1928,"2026-09-18 05:19:55.386531+04","2026-09-18 05:20:13.990398+04",137,137,83,18.604,84.4900,91.9000,84.52779,0.0447
1929,"2026-09-18 05:20:55.387124+04","2026-09-18 05:21:12.98509+04",135,135,82,17.598,84.4900,91.8800,84.52779,0.0447
1930,"2026-09-18 05:21:55.38788+04","2026-09-18 05:22:14.001064+04",137,137,83,18.613,84.4900,91.8800,84.52886,0.0460
1931,"2026-09-18 05:22:55.388371+04","2026-09-18 05:23:13.962755+04",141,141,87,18.574,84.4900,91.5900,84.52886,0.0460
1932,"2026-09-18 05:23:55.388914+04","2026-09-18 05:24:16.007502+04",137,137,85,20.619,84.4900,91.5900,84.52746,0.0443
1933,"2026-09-18 05:24:55.389423+04","2026-09-18 05:25:13.030087+04",135,135,85,17.641,84.4900,91.2700,84.52746,0.0443
1934,"2026-09-18 05:25:55.389961+04","2026-09-18 05:26:12.945822+04",139,139,87,17.556,84.4900,91.5900,84.52791,0.0448
1935,"2026-09-18 05:26:55.390438+04","2026-09-18 05:27:12.077665+04",141,141,88,16.687,84.4900,91.5000,84.52791,0.0448
1936,"2026-09-18 05:27:55.391047+04","2026-09-18 05:28:14.963922+04",142,142,89,19.573,84.4900,91.3850,84.52589,0.0425
1937,"2026-09-18 05:28:55.391451+04","2026-09-18 05:29:13.278189+04",140,140,87,17.887,84.4900,91.5450,84.52589,0.0425
1938,"2026-09-18 05:29:55.391896+04","2026-09-18 05:30:12.988376+04",143,143,89,17.596,84.4900,91.2700,84.52903,0.0462
1939,"2026-09-18 05:30:55.392331+04","2026-09-18 05:31:13.100368+04",144,144,90,17.708,83.0000,91.2700,84.52903,1.8089
1940,"2026-09-18 05:31:55.393291+04","2026-09-18 05:32:12.142142+04",142,142,89,16.749,84.4900,91.2700,84.52592,0.0425
1941,"2026-09-18 05:32:55.394285+04","2026-09-18 05:33:15.132944+04",144,144,90,19.739,84.4900,91.2700,84.52592,0.0425
1942,"2026-09-18 05:33:55.394786+04","2026-09-18 05:34:12.290823+04",142,142,88,16.896,84.4900,91.3850,84.52817,0.0452
1943,"2026-09-18 05:34:55.395232+04","2026-09-18 05:35:15.270454+04",143,143,89,19.875,84.4900,91.5000,84.52817,0.0452
1944,"2026-09-18 05:35:55.396485+04","2026-09-18 05:36:14.136759+04",143,143,89,18.740,84.4900,91.5000,84.52749,0.0444
1945,"2026-09-18 05:36:55.397081+04","2026-09-18 05:37:16.089323+04",143,143,90,20.692,84.4900,91.2700,84.52749,0.0444
1946,"2026-09-18 05:37:55.397649+04","2026-09-18 05:38:14.582462+04",141,141,89,19.185,84.4900,91.2700,84.52622,0.0429
1947,"2026-09-18 05:38:55.398261+04","2026-09-18 05:39:13.988588+04",143,143,91,18.590,84.4900,91.2700,84.52622,0.0429
1948,"2026-09-18 05:39:55.39895+04","2026-09-18 05:40:14.101113+04",140,140,86,18.702,84.4900,91.6450,84.52607,0.0427
1949,"2026-09-18 05:40:55.399429+04","2026-09-18 05:41:14.981253+04",140,140,86,19.582,84.4900,91.6450,84.52607,0.0427
1950,"2026-09-18 05:41:55.399906+04","2026-09-18 05:42:14.281344+04",138,138,84,18.881,84.4900,91.7900,84.52560,0.0421
1951,"2026-09-18 05:42:55.400243+04","2026-09-18 05:43:15.282994+04",143,143,89,19.883,84.4900,91.5000,84.52560,0.0421
1952,"2026-09-18 05:43:55.4012+04","2026-09-18 05:44:14.987888+04",143,143,89,19.587,84.4900,91.2700,84.52859,0.0457
1953,"2026-09-18 05:44:55.401455+04","2026-09-18 05:45:12.98842+04",142,142,87,17.587,84.4900,91.5450,84.52859,0.0457
1954,"2026-09-18 05:45:55.40196+04","2026-09-18 05:46:12.012+04",141,141,86,16.610,84.4900,91.5000,84.52786,0.0448
1955,"2026-09-18 05:46:55.402438+04","2026-09-18 05:47:15.983715+04",150,150,91,20.581,84.4900,91.2700,84.52786,0.0448
1956,"2026-09-18 05:47:55.403008+04","2026-09-18 05:48:12.112302+04",148,148,91,16.709,84.4900,91.3600,84.52913,0.0463
1957,"2026-09-18 05:48:55.403439+04","2026-09-18 05:49:11.992873+04",148,148,91,16.589,84.4900,91.3600,84.52913,0.0463
1958,"2026-09-18 05:49:55.40381+04","2026-09-18 05:50:14.471553+04",148,148,95,19.068,84.4900,91.0050,84.52913,0.0463
1959,"2026-09-18 05:50:55.404594+04","2026-09-18 05:51:14.997555+04",152,152,96,19.593,84.4900,91.1400,84.52900,0.0461
1960,"2026-09-18 05:51:55.404967+04","2026-09-18 05:52:15.001369+04",153,153,96,19.596,84.4900,91.2700,84.52900,0.0461
1961,"2026-09-18 05:52:55.405317+04","2026-09-18 05:53:13.165031+04",154,154,95,17.760,84.4900,91.3600,84.52790,0.0448
1962,"2026-09-18 05:53:55.405911+04","2026-09-18 05:54:14.11583+04",153,153,94,18.710,84.4900,91.4500,84.52790,0.0448
1963,"2026-09-18 05:54:55.406598+04","2026-09-18 05:55:15.030397+04",154,154,94,19.624,84.4900,91.3600,84.52836,0.0454
1964,"2026-09-18 05:55:55.407213+04","2026-09-18 05:56:15.56935+04",152,152,93,20.162,84.4900,91.3600,84.52836,0.0454
1965,"2026-09-18 05:56:55.40755+04","2026-09-18 05:57:12.397372+04",151,151,89,16.990,84.4900,91.7000,84.52665,0.0434
1966,"2026-09-18 05:57:55.408376+04","2026-09-18 05:58:15.28477+04",152,152,92,19.876,84.4900,91.4750,84.52665,0.0434
1967,"2026-09-18 05:58:55.408518+04","2026-09-18 05:59:15.007696+04",150,150,90,19.599,84.4900,91.5450,84.52929,0.0465
1968,"2026-09-18 05:59:55.409363+04","2026-09-18 06:00:14.833738+04",148,148,88,19.424,84.4900,91.6450,84.52929,0.0465
1969,"2026-09-18 06:00:55.410009+04","2026-09-18 06:01:14.096703+04",148,148,88,18.687,84.4900,91.6450,84.52717,0.0440
1970,"2026-09-18 06:01:55.410643+04","2026-09-18 06:02:14.178339+04",152,152,89,18.768,84.4900,91.8900,84.52717,0.0440
1971,"2026-09-18 06:02:55.411037+04","2026-09-18 06:03:16.28377+04",153,153,90,20.873,84.4900,91.8800,84.52838,0.0454
1972,"2026-09-18 06:03:55.41169+04","2026-09-18 06:04:13.281503+04",152,152,92,17.870,84.4900,91.7900,84.52838,0.0454
1973,"2026-09-18 06:04:55.412162+04","2026-09-18 06:05:14.576464+04",154,154,91,19.164,84.4900,92.0000,84.52841,0.0454
1974,"2026-09-18 06:05:55.412509+04","2026-09-18 06:06:16.446069+04",155,155,92,21.034,84.4900,92.0000,84.52841,0.0454
1975,"2026-09-18 06:06:55.412676+04","2026-09-18 06:07:15.063872+04",154,154,91,19.651,84.4900,92.0000,84.52813,0.0451
1976,"2026-09-18 06:07:55.413548+04","2026-09-18 06:08:14.619512+04",157,157,93,19.206,84.4900,91.8800,84.52813,0.0451
1977,"2026-09-18 06:08:55.414324+04","2026-09-18 06:09:13.586702+04",158,158,93,18.172,84.4900,91.7900,84.52647,0.0431
1978,"2026-09-18 06:09:55.414723+04","2026-09-18 06:10:15.327757+04",154,154,90,19.913,84.4900,92.0000,84.52647,0.0431
1979,"2026-09-18 06:10:55.415253+04","2026-09-18 06:11:15.038513+04",156,156,95,19.623,84.4900,91.7000,84.52636,0.0430
1980,"2026-09-18 06:11:55.415765+04","2026-09-18 06:12:15.142455+04",163,163,98,19.727,84.4900,91.8800,84.52636,0.0430
1981,"2026-09-18 06:12:55.416258+04","2026-09-18 06:13:14.193938+04",160,160,95,18.778,84.4900,91.9500,84.52945,0.0467
1982,"2026-09-18 06:13:55.416947+04","2026-09-18 06:14:15.040991+04",159,159,94,19.624,84.4900,92.0000,84.52945,0.0467
1983,"2026-09-18 06:14:55.417457+04","2026-09-18 06:15:12.480583+04",162,162,96,17.063,84.4900,91.8900,84.52912,0.0463
1984,"2026-09-18 06:15:55.417793+04","2026-09-18 06:16:14.297442+04",163,163,100,18.880,84.4900,91.5900,84.52912,0.0463
1985,"2026-09-18 06:16:55.418214+04","2026-09-18 06:17:12.008983+04",167,167,101,16.591,83.0000,91.7000,84.52845,1.8082
1986,"2026-09-18 06:17:55.418505+04","2026-09-18 06:18:14.005486+04",161,161,99,18.587,84.4900,91.4500,84.52845,0.0455
1987,"2026-09-18 06:18:55.41941+04","2026-09-18 06:19:12.06338+04",161,161,98,16.644,84.4900,91.5900,84.52845,0.0455
1988,"2026-09-18 06:19:55.41993+04","2026-09-18 06:20:14.021978+04",154,154,93,18.602,84.4900,91.7000,84.52908,0.0462
1989,"2026-09-18 06:20:55.42036+04","2026-09-18 06:21:15.239743+04",156,156,94,19.819,84.4900,91.5450,84.52908,0.0462
1990,"2026-09-18 06:21:55.420865+04","2026-09-18 06:22:14.11987+04",157,157,95,18.699,84.4900,91.5000,84.52861,0.0457
1991,"2026-09-18 06:22:55.421197+04","2026-09-18 06:23:13.345864+04",156,156,95,17.925,84.4900,91.4750,84.52861,0.0457
1992,"2026-09-18 06:23:55.422077+04","2026-09-18 06:24:16.008291+04",155,155,95,20.586,84.4900,91.4500,84.52966,0.0469
1993,"2026-09-18 06:24:55.422546+04","2026-09-18 06:25:14.356946+04",154,154,92,18.934,84.4900,91.5450,84.52966,0.0469
1994,"2026-09-18 06:25:55.423905+04","2026-09-18 06:26:14.474677+04",151,151,89,19.051,84.4900,91.7000,84.52782,0.0447
1995,"2026-09-18 06:26:55.424399+04","2026-09-18 06:27:15.450277+04",156,156,96,20.026,84.4900,91.2850,84.52782,0.0447
1996,"2026-09-18 06:27:55.425162+04","2026-09-18 06:28:14.027554+04",158,158,95,18.602,84.4900,91.3750,84.52818,0.0452
1997,"2026-09-18 06:28:55.425322+04","2026-09-18 06:29:16.059654+04",155,155,96,20.634,84.4900,91.2700,84.52818,0.0452
1998,"2026-09-18 06:29:55.426299+04","2026-09-18 06:30:16.059622+04",156,156,95,20.633,84.4900,91.2850,84.52879,0.0459
1999,"2026-09-18 06:30:55.426537+04","2026-09-18 06:31:14.112332+04",160,160,98,18.686,84.4900,91.2850,84.52879,0.0459
2000,"2026-09-18 06:31:55.427209+04","2026-09-18 06:32:13.173057+04",157,157,95,17.746,84.4900,91.4500,84.52614,0.0428
2001,"2026-09-18 06:32:55.427613+04","2026-09-18 06:33:14.176315+04",157,157,93,18.749,84.4900,91.5900,84.52614,0.0428
2002,"2026-09-18 06:33:55.427978+04","2026-09-18 06:34:13.060763+04",161,161,96,17.633,84.4900,91.5000,84.52921,0.0464
2003,"2026-09-18 06:34:55.428565+04","2026-09-18 06:35:15.017101+04",155,155,93,19.589,84.4900,91.5000,84.52921,0.0464
2004,"2026-09-18 06:35:55.429034+04","2026-09-18 06:36:15.583151+04",154,154,94,20.154,84.4900,91.5450,84.52724,0.0441
2005,"2026-09-18 06:36:55.429617+04","2026-09-18 06:37:12.02528+04",148,148,91,16.596,84.4900,91.6450,84.52724,0.0441
2006,"2026-09-18 06:37:55.429996+04","2026-09-18 06:38:14.129048+04",146,146,89,18.699,84.4900,91.7000,84.52677,0.0435
2007,"2026-09-18 06:38:55.430673+04","2026-09-18 06:39:15.036678+04",150,150,93,19.606,84.4900,91.5450,84.52677,0.0435
2008,"2026-09-18 06:39:55.430978+04","2026-09-18 06:40:14.022831+04",146,146,93,18.592,84.4900,91.3600,84.52647,0.0431
2009,"2026-09-18 06:40:55.431572+04","2026-09-18 06:41:15.070864+04",146,146,90,19.639,84.4900,91.6450,84.52647,0.0431
2010,"2026-09-18 06:41:55.432339+04","2026-09-18 06:42:15.291011+04",147,147,91,19.859,84.4900,91.5900,84.52613,0.0427
2011,"2026-09-18 06:42:55.43284+04","2026-09-18 06:43:30.435631+04",145,145,91,35.003,84.4900,91.5000,84.52613,0.0427
2012,"2026-09-18 06:43:55.432877+04","2026-09-18 06:44:13.313096+04",141,141,86,17.880,84.4900,91.8800,84.52667,0.0434
2013,"2026-09-18 06:44:55.433617+04","2026-09-18 06:45:13.016847+04",141,141,87,17.583,84.4900,91.5900,84.52667,0.0434
2014,"2026-09-18 06:45:55.434151+04","2026-09-18 06:46:14.029724+04",140,140,88,18.596,84.4900,91.7000,84.52814,0.0451
2015,"2026-09-18 06:46:55.434708+04","2026-09-18 06:47:13.12772+04",141,141,89,17.693,84.4900,91.7000,84.52814,0.0451
2016,"2026-09-18 06:47:55.435161+04","2026-09-18 06:48:14.151798+04",148,148,92,18.717,84.4900,91.7000,84.52891,0.0460
2017,"2026-09-18 06:48:55.43596+04","2026-09-18 06:49:13.286872+04",148,148,93,17.851,84.4900,91.6450,84.52891,0.0460
2018,"2026-09-18 06:49:55.436737+04","2026-09-18 06:50:14.355486+04",150,150,92,18.919,84.4900,91.8900,84.52930,0.0465
2019,"2026-09-18 06:50:55.437246+04","2026-09-18 06:51:15.063895+04",151,151,92,19.627,84.4900,91.9000,84.52930,0.0465
2020,"2026-09-18 06:51:55.438608+04","2026-09-18 06:52:13.065799+04",159,159,97,17.627,84.4900,91.7000,84.52758,0.0445
2021,"2026-09-18 06:52:55.439724+04","2026-09-18 06:53:15.182435+04",153,153,94,19.743,84.4900,91.7000,84.52758,0.0445
2022,"2026-09-18 06:53:55.440504+04","2026-09-18 06:54:16.015668+04",156,156,95,20.575,84.4900,91.7900,84.52824,0.0452
2023,"2026-09-18 06:54:55.440897+04","2026-09-18 06:55:14.005024+04",155,155,96,18.564,84.4900,91.5900,84.52824,0.0452
2024,"2026-09-18 06:55:55.441375+04","2026-09-18 06:56:14.462748+04",156,156,97,19.021,84.4900,91.5450,84.52681,0.0435
2025,"2026-09-18 06:56:55.441555+04","2026-09-18 06:57:15.30351+04",158,158,95,19.862,84.4900,91.8900,84.52681,0.0435
2026,"2026-09-18 06:57:55.442116+04","2026-09-18 06:58:12.418603+04",158,158,95,16.976,84.4900,91.9000,84.52681,0.0435
2027,"2026-09-18 06:58:55.442717+04","2026-09-18 06:59:12.018549+04",157,157,94,16.576,84.4900,91.9000,84.52932,0.0465
2028,"2026-09-18 06:59:55.443744+04","2026-09-18 07:00:16.182697+04",162,162,99,20.739,84.4900,91.6450,84.52932,0.0465
2029,"2026-09-18 07:00:55.444112+04","2026-09-18 07:01:16.009445+04",164,164,100,20.565,84.4900,91.6450,84.52727,0.0441
2030,"2026-09-18 07:01:55.444514+04","2026-09-18 07:02:14.154739+04",161,161,97,18.710,84.4900,91.8800,84.52727,0.0441
2031,"2026-09-18 07:02:55.445148+04","2026-09-18 07:03:13.274544+04",162,162,101,17.829,84.4900,91.5450,84.52719,0.0440
2032,"2026-09-18 07:03:55.446906+04","2026-09-18 07:04:12.037496+04",163,163,101,16.591,84.4900,91.5000,84.52719,0.0440
2033,"2026-09-18 07:04:55.447642+04","2026-09-18 07:05:13.055026+04",166,166,102,17.607,84.4900,91.6450,84.52780,0.0447
2034,"2026-09-18 07:05:55.448134+04","2026-09-18 07:06:15.026812+04",163,163,101,19.579,84.4900,91.5900,84.52780,0.0447
2035,"2026-09-18 07:06:55.448447+04","2026-09-18 07:07:13.020916+04",163,163,100,17.572,84.4900,91.5900,84.52874,0.0458
2036,"2026-09-18 07:07:55.449035+04","2026-09-18 07:08:15.165952+04",163,163,100,19.717,84.4900,91.5900,84.52874,0.0458
2037,"2026-09-18 07:08:55.449605+04","2026-09-18 07:09:15.505158+04",160,160,99,20.056,84.4900,91.5450,84.52920,0.0464
2038,"2026-09-18 07:09:55.4501+04","2026-09-18 07:10:14.009329+04",163,163,100,18.559,84.4900,91.5900,84.52920,0.0464
2039,"2026-09-18 07:10:55.450697+04","2026-09-18 07:11:15.038787+04",160,160,96,19.588,84.4900,91.7000,84.52882,0.0459
2040,"2026-09-18 07:11:55.451181+04","2026-09-18 07:12:13.17818+04",161,161,99,17.727,84.4900,91.5900,84.52882,0.0459
2041,"2026-09-18 07:12:55.45176+04","2026-09-18 07:13:13.298997+04",158,158,99,17.847,84.4900,91.5450,84.52892,0.0460
2042,"2026-09-18 07:13:55.45208+04","2026-09-18 07:14:14.70404+04",163,163,100,19.252,84.4900,91.5900,84.52892,0.0460
2043,"2026-09-18 07:14:55.452576+04","2026-09-18 07:15:13.006456+04",163,163,101,17.554,84.4900,91.5000,84.52938,0.0466
2044,"2026-09-18 07:15:55.453086+04","2026-09-18 07:16:15.215813+04",163,163,100,19.763,84.4900,91.5000,84.52938,0.0466
2045,"2026-09-18 07:16:55.453601+04","2026-09-18 07:17:14.179022+04",162,162,98,18.725,84.4900,91.5450,84.52730,0.0441
2046,"2026-09-18 07:17:55.454088+04","2026-09-18 07:18:12.07808+04",162,162,99,16.624,84.4900,91.4750,84.52730,0.0441
2047,"2026-09-18 07:18:55.454959+04","2026-09-18 07:19:15.159025+04",169,169,104,19.704,84.4900,91.2700,84.52955,0.0468
2048,"2026-09-18 07:19:55.455493+04","2026-09-18 07:20:13.080855+04",169,169,104,17.625,84.4900,91.2700,84.52955,0.0468
2049,"2026-09-18 07:20:55.455965+04","2026-09-18 07:21:15.198154+04",165,165,103,19.742,84.4900,91.0100,84.52921,0.0464
2050,"2026-09-18 07:21:55.456594+04","2026-09-18 07:22:13.096633+04",167,167,101,17.640,84.4900,91.4500,84.52921,0.0464
2051,"2026-09-18 07:22:55.457187+04","2026-09-18 07:23:12.185341+04",172,172,106,16.728,84.4900,91.2700,84.53028,0.0477
2052,"2026-09-18 07:23:55.457447+04","2026-09-18 07:24:15.07565+04",171,171,105,19.618,84.4900,91.2700,84.53028,0.0477
2053,"2026-09-18 07:24:55.458417+04","2026-09-18 07:25:14.207801+04",171,171,105,18.749,84.4900,91.2700,84.52880,0.0459
2054,"2026-09-18 07:25:55.458485+04","2026-09-18 07:26:16.540836+04",163,163,98,21.082,84.4900,91.5000,84.52880,0.0459
2055,"2026-09-18 07:26:55.458849+04","2026-09-18 07:27:15.036401+04",170,170,104,19.578,84.4900,91.1400,84.52708,0.0439
2056,"2026-09-18 07:27:55.459362+04","2026-09-18 07:28:16.131037+04",165,165,101,20.672,84.4900,91.2700,84.52708,0.0439
2057,"2026-09-18 07:28:55.460075+04","2026-09-18 07:29:13.041126+04",163,163,98,17.581,84.4900,91.4500,84.52638,0.0430
2058,"2026-09-18 07:29:55.46075+04","2026-09-18 07:30:14.021863+04",160,160,96,18.561,84.4900,91.5450,84.52638,0.0430
2059,"2026-09-18 07:30:55.461332+04","2026-09-18 07:31:14.151346+04",164,164,98,18.690,84.4900,91.6450,84.52683,0.0436
2060,"2026-09-18 07:31:55.461947+04","2026-09-18 07:32:15.339061+04",171,171,104,19.877,84.4900,91.5900,84.52683,0.0436
2061,"2026-09-18 07:32:55.462485+04","2026-09-18 07:33:13.031249+04",171,171,107,17.569,84.4900,91.4500,84.52987,0.0472
2062,"2026-09-18 07:33:55.462682+04","2026-09-18 07:34:15.429247+04",171,171,104,19.967,84.4900,91.7000,84.52987,0.0472
2063,"2026-09-18 07:34:55.463519+04","2026-09-18 07:35:13.313856+04",172,172,104,17.850,84.4900,91.7900,84.52753,0.0444
2064,"2026-09-18 07:35:55.46381+04","2026-09-18 07:36:15.320541+04",173,173,103,19.857,84.4900,91.9000,84.52753,0.0444
2065,"2026-09-18 07:36:55.464588+04","2026-09-18 07:37:14.02686+04",173,173,103,18.562,84.4900,91.9000,84.52845,0.0455
2066,"2026-09-18 07:37:55.464956+04","2026-09-18 07:38:14.016539+04",171,171,103,18.552,84.4900,91.8800,84.52845,0.0455
2067,"2026-09-18 07:38:55.465306+04","2026-09-18 07:39:15.022354+04",171,171,101,19.557,84.4900,92.0000,84.52953,0.0468
2068,"2026-09-18 07:39:55.46597+04","2026-09-18 07:40:13.080062+04",174,174,103,17.614,84.4900,92.0000,84.52953,0.0468
2069,"2026-09-18 07:40:55.466814+04","2026-09-18 07:41:15.071313+04",175,175,106,19.604,84.4900,91.8800,84.52967,0.0469
2070,"2026-09-18 07:41:55.466841+04","2026-09-18 07:42:14.091814+04",177,177,105,18.625,84.4900,91.9000,84.52967,0.0469
2071,"2026-09-18 07:42:55.467652+04","2026-09-18 07:43:12.076065+04",180,180,108,16.608,84.4900,91.8900,84.52954,0.0468
2072,"2026-09-18 07:43:55.46826+04","2026-09-18 07:44:15.320495+04",180,180,108,19.852,84.4900,91.8900,84.52954,0.0468
2073,"2026-09-18 07:44:55.469099+04","2026-09-18 07:45:15.449978+04",176,176,105,19.981,84.4900,91.9500,84.52954,0.0468
2074,"2026-09-18 07:45:55.469714+04","2026-09-18 07:46:14.064487+04",174,174,104,18.595,84.4900,91.9000,84.52856,0.0456
2075,"2026-09-18 07:46:55.470658+04","2026-09-18 07:47:14.049628+04",174,174,103,18.579,84.4900,91.9000,84.52856,0.0456
2076,"2026-09-18 07:47:55.471038+04","2026-09-18 07:48:14.473586+04",173,173,104,19.003,84.4900,91.9000,84.52717,0.0440
2077,"2026-09-18 07:48:55.471931+04","2026-09-18 07:49:16.217985+04",177,177,109,20.746,84.4900,91.9000,84.52717,0.0440
2078,"2026-09-18 07:49:55.4725+04","2026-09-18 07:50:14.262417+04",177,177,107,18.790,84.4900,91.9000,84.52663,0.0433
2079,"2026-09-18 07:50:55.473044+04","2026-09-18 07:51:14.27811+04",179,179,109,18.805,84.4900,91.9000,84.52663,0.0433
2080,"2026-09-18 07:51:55.473655+04","2026-09-18 07:52:14.325697+04",178,178,107,18.852,84.4900,92.0000,84.52919,0.0464
2081,"2026-09-18 07:52:55.474196+04","2026-09-18 07:53:14.066931+04",181,181,112,18.593,84.4900,91.8800,84.52919,0.0464
2082,"2026-09-18 07:53:55.475025+04","2026-09-18 07:54:14.096253+04",180,180,111,18.621,84.4900,91.9500,84.53006,0.0474
2083,"2026-09-18 07:54:55.475451+04","2026-09-18 07:55:12.496337+04",182,182,114,17.021,84.4900,91.7900,84.53006,0.0474
2084,"2026-09-18 07:55:55.476042+04","2026-09-18 07:56:16.363527+04",178,178,112,20.887,84.4900,91.7900,84.52986,0.0472
2085,"2026-09-18 07:56:55.476413+04","2026-09-18 07:57:16.677168+04",179,179,111,21.201,84.4900,91.9000,84.52986,0.0472
2086,"2026-09-18 07:57:55.476983+04","2026-09-18 07:58:16.448818+04",179,179,111,20.972,84.4900,91.9000,84.52910,0.0463
2087,"2026-09-18 07:58:55.477273+04","2026-09-18 07:59:13.833371+04",181,181,113,18.356,84.4900,91.7000,84.52910,0.0463
2088,"2026-09-18 07:59:55.478+04","2026-09-18 08:00:14.856947+04",178,178,112,19.379,84.4900,91.7900,84.52896,0.0461
2089,"2026-09-18 08:00:55.478535+04","2026-09-18 08:01:14.041903+04",178,178,114,18.563,84.4900,91.7000,84.52896,0.0461
2090,"2026-09-18 08:01:55.479381+04","2026-09-18 08:02:14.363632+04",178,178,114,18.884,84.4900,91.7000,84.42673,-0.0749
2091,"2026-09-18 08:02:55.479911+04","2026-09-18 08:03:13.204606+04",173,173,109,17.725,84.4900,91.9000,84.42673,-0.0749
2092,"2026-09-18 08:03:55.480431+04","2026-09-18 08:04:14.773354+04",176,176,112,19.293,84.4900,91.7900,84.50809,0.0214
2093,"2026-09-18 08:04:55.480835+04","2026-09-18 08:05:16.823069+04",179,179,113,21.342,84.4900,91.5900,84.50809,0.0214
2094,"2026-09-18 08:05:55.481167+04","2026-09-18 08:06:16.31881+04",175,175,110,20.838,84.4900,91.8800,84.48777,-0.0026
2095,"2026-09-18 08:06:55.482063+04","2026-09-18 08:07:14.201574+04",178,178,112,18.720,84.4900,91.8900,84.48777,-0.0026
2096,"2026-09-18 08:07:55.482464+04","2026-09-18 08:08:14.115729+04",179,179,113,18.633,84.4900,91.8800,84.48752,-0.0029
2097,"2026-09-18 08:08:55.482788+04","2026-09-18 08:09:15.35538+04",180,180,110,19.873,84.4900,92.0000,84.48752,-0.0029
2098,"2026-09-18 08:09:55.483644+04","2026-09-18 08:10:12.085637+04",182,182,112,16.602,84.4900,91.9500,84.44447,-0.0539
2099,"2026-09-18 08:10:55.48387+04","2026-09-18 08:11:15.34511+04",182,182,114,19.861,84.4900,91.7900,84.44447,-0.0539
2100,"2026-09-18 08:11:55.484357+04","2026-09-18 08:12:14.148031+04",187,187,116,18.664,84.4900,91.8800,84.51023,0.0239
2101,"2026-09-18 08:12:55.485041+04","2026-09-18 08:13:12.046568+04",186,186,117,16.562,84.4900,91.8900,84.51023,0.0239
2102,"2026-09-18 08:13:55.485637+04","2026-09-18 08:14:13.056527+04",184,184,118,17.571,84.4900,91.7000,84.44938,-0.0481
2103,"2026-09-18 08:14:55.486113+04","2026-09-18 08:15:15.253809+04",186,186,118,19.768,84.4900,91.8900,84.44938,-0.0481
2104,"2026-09-18 08:15:55.486595+04","2026-09-18 08:16:12.055809+04",187,187,118,16.569,84.4900,91.9000,84.47789,-0.0143
2105,"2026-09-18 08:16:55.487097+04","2026-09-18 08:17:14.485945+04",196,196,124,18.999,84.4900,91.7900,84.47789,-0.0143
2106,"2026-09-18 08:17:55.487744+04","2026-09-18 08:18:12.085661+04",194,194,122,16.598,84.4900,91.9000,84.44753,-0.0503
2107,"2026-09-18 08:18:55.488202+04","2026-09-18 08:19:14.045713+04",194,194,122,18.558,84.4900,91.9000,84.44753,-0.0503
2108,"2026-09-18 08:19:55.488732+04","2026-09-18 08:20:13.587083+04",197,197,127,18.098,84.4900,91.7000,84.46580,-0.0287
2109,"2026-09-18 08:20:55.489404+04","2026-09-18 08:21:15.086703+04",197,197,124,19.597,84.4900,91.8800,84.46580,-0.0287
2110,"2026-09-18 08:21:55.489926+04","2026-09-18 08:22:12.488909+04",192,192,119,16.999,84.4900,91.9500,84.46580,-0.0287
2111,"2026-09-18 08:22:55.490462+04","2026-09-18 08:23:13.063748+04",194,194,121,17.573,84.4900,91.9000,84.46087,-0.0345
2112,"2026-09-18 08:23:55.490942+04","2026-09-18 08:24:15.076568+04",192,192,121,19.586,84.4900,91.7900,84.46087,-0.0345
2113,"2026-09-18 08:24:55.491316+04","2026-09-18 08:25:14.572401+04",192,192,121,19.081,84.4900,91.8900,84.46464,-0.0300
2114,"2026-09-18 08:25:55.491723+04","2026-09-18 08:26:13.211424+04",194,194,123,17.720,84.4900,91.7900,84.46464,-0.0300
2115,"2026-09-18 08:26:55.492495+04","2026-09-18 08:27:17.098688+04",192,192,122,21.606,84.4900,91.7900,84.42720,-0.0744
2116,"2026-09-18 08:27:55.492973+04","2026-09-18 08:28:15.115964+04",190,190,120,19.623,84.4900,91.8900,84.42720,-0.0744
2117,"2026-09-18 08:28:55.49355+04","2026-09-18 08:29:14.678309+04",192,192,123,19.185,84.4900,91.7900,84.42765,-0.0739
2118,"2026-09-18 08:29:55.494258+04","2026-09-18 08:30:14.16263+04",198,198,128,18.668,84.4900,91.7000,84.42765,-0.0739
2119,"2026-09-18 08:30:55.494514+04","2026-09-18 08:31:22.491969+04",200,200,130,26.997,84.4900,91.5450,84.46358,-0.0313
2120,"2026-09-18 08:31:55.495234+04","2026-09-18 08:32:15.087477+04",196,196,130,19.592,84.4900,91.5450,84.46358,-0.0313
2121,"2026-09-18 08:32:55.495758+04","2026-09-18 08:33:14.234896+04",195,195,127,18.739,84.4900,91.7000,84.49503,0.0060
2122,"2026-09-18 08:33:55.496175+04","2026-09-18 08:34:13.243852+04",191,191,126,17.748,84.4900,91.7000,84.49503,0.0060
2123,"2026-09-18 08:34:55.496888+04","2026-09-18 08:35:14.291608+04",190,190,126,18.795,84.4900,91.7000,84.46205,-0.0331
2124,"2026-09-18 08:35:55.497095+04","2026-09-18 08:36:15.076719+04",189,189,124,19.580,84.4900,91.8800,84.46205,-0.0331
2125,"2026-09-18 08:36:55.49778+04","2026-09-18 08:37:15.482659+04",193,193,125,19.985,84.4900,91.9000,84.47505,-0.0177
2126,"2026-09-18 08:37:55.498143+04","2026-09-18 08:38:13.076289+04",192,192,125,17.578,84.4900,91.9000,84.47505,-0.0177
2127,"2026-09-18 08:38:55.49878+04","2026-09-18 08:39:14.432145+04",192,192,125,18.933,84.4900,91.9000,84.47728,-0.0151
2128,"2026-09-18 08:39:55.499241+04","2026-09-18 08:40:14.102712+04",192,192,124,18.603,84.4900,91.9000,84.47728,-0.0151
2129,"2026-09-18 08:40:55.499523+04","2026-09-18 08:41:13.168208+04",190,190,122,17.669,84.4900,92.0000,84.44645,-0.0516
2130,"2026-09-18 08:41:55.500196+04","2026-09-18 08:42:16.401009+04",192,192,124,20.901,84.4900,91.9500,84.44645,-0.0516
2131,"2026-09-18 08:42:55.50088+04","2026-09-18 08:43:14.0749+04",193,193,125,18.574,84.4900,91.9000,84.44374,-0.0548
2132,"2026-09-18 08:43:55.501499+04","2026-09-18 08:44:14.394303+04",191,191,123,18.893,84.4900,92.0000,84.44374,-0.0548
2133,"2026-09-18 08:44:55.501694+04","2026-09-18 08:45:15.270097+04",195,195,125,19.768,84.4900,91.9000,84.45114,-0.0460
2134,"2026-09-18 08:45:55.501941+04","2026-09-18 08:46:14.379325+04",196,196,126,18.877,84.4900,91.8900,84.45114,-0.0460
2135,"2026-09-18 08:46:55.502655+04","2026-09-18 08:47:14.35508+04",196,196,126,18.852,84.4900,91.9000,84.46850,-0.0255
2136,"2026-09-18 08:47:55.503173+04","2026-09-18 08:48:14.385241+04",199,199,128,18.882,84.4900,91.8800,84.46850,-0.0255
2137,"2026-09-18 08:48:55.503801+04","2026-09-18 08:49:15.27238+04",198,198,127,19.769,84.4900,91.8900,84.46207,-0.0331
2138,"2026-09-18 08:49:55.504423+04","2026-09-18 08:50:12.497448+04",192,192,124,16.993,84.4900,91.7000,84.46207,-0.0331
2139,"2026-09-18 08:50:55.504843+04","2026-09-18 08:51:15.224889+04",194,194,126,19.720,84.4900,91.7900,84.46538,-0.0291
2140,"2026-09-18 08:51:55.505428+04","2026-09-18 08:52:15.080635+04",193,193,126,19.575,84.4900,91.8800,84.46538,-0.0291
2141,"2026-09-18 08:52:55.505919+04","2026-09-18 08:53:12.542309+04",196,196,129,17.036,84.4900,91.6450,84.43981,-0.0594
2142,"2026-09-18 08:53:55.506362+04","2026-09-18 08:54:14.370021+04",196,196,130,18.864,84.4900,91.7900,84.43981,-0.0594
2143,"2026-09-18 08:54:55.507023+04","2026-09-18 08:55:14.56206+04",194,194,128,19.055,84.4900,91.8900,84.46155,-0.0337
2144,"2026-09-18 08:55:55.507464+04","2026-09-18 08:56:16.093766+04",194,194,128,20.586,84.4900,91.7900,84.46155,-0.0337
2145,"2026-09-18 08:56:55.507953+04","2026-09-18 08:57:13.741448+04",199,199,132,18.233,84.4900,91.7000,84.48567,-0.0051
2146,"2026-09-18 08:57:55.50857+04","2026-09-18 08:58:23.815518+04",200,200,132,28.307,84.4900,91.5200,84.48567,-0.0051
2147,"2026-09-18 08:58:55.508991+04","2026-09-18 08:59:22.759941+04",199,199,131,27.251,84.4900,91.7000,84.48567,-0.0051
2148,"2026-09-18 08:59:55.509758+04","2026-09-18 09:00:23.879406+04",202,202,133,28.370,84.4900,91.5450,84.42083,-0.0819
2149,"2026-09-18 09:00:55.510008+04","2026-09-18 09:01:25.60168+04",200,200,127,30.092,84.4900,91.3950,84.42083,-0.0819
2150,"2026-09-18 09:01:55.510916+04","2026-09-18 09:02:26.311477+04",201,201,130,30.801,84.4900,91.8800,84.47563,-0.0170
2151,"2026-09-18 09:02:55.511373+04","2026-09-18 09:03:22.903454+04",202,202,131,27.392,84.4900,91.7900,84.47563,-0.0170
2152,"2026-09-18 09:03:55.512232+04","2026-09-18 09:04:24.04149+04",207,207,134,28.529,84.4900,91.8800,84.47828,-0.0139
2153,"2026-09-18 09:04:55.512307+04","2026-09-18 09:05:24.622522+04",210,210,134,29.110,84.4900,91.9500,84.47828,-0.0139
2154,"2026-09-18 09:05:55.512821+04","2026-09-18 09:06:24.62499+04",211,211,135,29.112,85.0000,91.9000,84.46408,-0.6345
2155,"2026-09-18 09:06:55.513656+04","2026-09-18 09:07:24.374811+04",217,217,139,28.861,85.0000,91.9000,84.46408,-0.6345
2156,"2026-09-18 09:07:55.51406+04","2026-09-18 09:08:24.509893+04",222,222,139,28.996,85.0000,91.7000,84.43586,-0.6681
2157,"2026-09-18 09:08:55.514687+04","2026-09-18 09:09:26.096187+04",222,222,137,30.582,85.0000,91.7900,84.43586,-0.6681
2158,"2026-09-18 09:09:55.51521+04","2026-09-18 09:10:24.334396+04",225,225,139,28.819,85.0000,91.5900,84.42370,-0.6826
2159,"2026-09-18 09:10:55.515484+04","2026-09-18 09:11:23.07121+04",220,220,136,27.556,85.0000,91.6450,84.42370,-0.6826
2160,"2026-09-18 09:11:55.516189+04","2026-09-18 09:12:24.69844+04",221,221,137,29.182,85.0000,91.5900,84.48528,-0.6092
2161,"2026-09-18 09:12:55.517079+04","2026-09-18 09:13:22.360829+04",222,222,137,26.844,85.0000,91.7000,84.48528,-0.6092
2162,"2026-09-18 09:13:55.517755+04","2026-09-18 09:14:26.357409+04",222,222,138,30.840,85.0000,91.5450,84.50702,-0.5834
2163,"2026-09-18 09:14:55.518784+04","2026-09-18 09:15:22.825645+04",226,226,142,27.307,84.9500,91.5450,84.50702,-0.5242
2164,"2026-09-18 09:15:55.519361+04","2026-09-18 09:16:23.424377+04",227,227,143,27.905,85.0000,91.4500,84.51122,-0.5784
2165,"2026-09-18 09:16:55.519546+04","2026-09-18 09:17:25.962368+04",233,233,148,30.443,84.4900,91.2700,84.51122,0.0251
2166,"2026-09-18 09:17:55.520329+04","2026-09-18 09:18:24.716225+04",232,232,147,29.196,84.4900,91.2600,84.53814,0.0569
2167,"2026-09-18 09:18:55.520615+04","2026-09-18 09:19:22.700589+04",231,231,148,27.180,84.4900,91.2600,84.53814,0.0569
2168,"2026-09-18 09:19:55.521521+04","2026-09-18 09:20:21.49977+04",231,231,147,25.978,84.4900,91.2700,84.55979,0.0825
2169,"2026-09-18 09:20:55.521999+04","2026-09-18 09:21:24.645151+04",233,233,148,29.123,84.4900,91.0000,84.55979,0.0825
2170,"2026-09-18 09:21:55.522465+04","2026-09-18 09:22:21.692883+04",234,234,150,26.170,84.4900,91.0050,84.57183,0.0968
2171,"2026-09-18 09:22:55.523282+04","2026-09-18 09:23:24.416756+04",239,239,152,28.893,84.4900,91.2700,84.57183,0.0968
2172,"2026-09-18 09:23:55.523706+04","2026-09-18 09:24:23.460045+04",241,241,153,27.936,84.4900,91.2700,84.57623,0.1020
2173,"2026-09-18 09:24:55.524085+04","2026-09-18 09:25:22.395598+04",246,246,157,26.872,84.4900,91.2600,84.57623,0.1020
2174,"2026-09-18 09:25:55.524861+04","2026-09-18 09:26:23.553869+04",243,243,153,28.029,84.4900,91.0000,84.55023,0.0712
2175,"2026-09-18 09:26:55.525445+04","2026-09-18 09:27:22.008603+04",238,238,157,26.483,84.4900,91.1300,84.55023,0.0712
2176,"2026-09-18 09:27:55.525937+04","2026-09-18 09:28:23.555109+04",241,241,154,28.029,84.4900,91.2600,84.54412,0.0640
2177,"2026-09-18 09:28:55.526505+04","2026-09-18 09:29:24.447805+04",245,245,158,28.921,83.0000,91.2700,84.54412,1.8264
2178,"2026-09-18 09:29:55.526935+04","2026-09-18 09:30:23.508225+04",242,242,157,27.981,84.4900,91.2700,84.53586,0.0542
2179,"2026-09-18 09:30:55.527485+04","2026-09-18 09:31:22.969494+04",237,237,154,27.442,84.4900,91.5000,84.53586,0.0542
2180,"2026-09-18 09:31:55.527894+04","2026-09-18 09:32:24.400094+04",240,240,152,28.872,84.4900,91.6450,84.53586,0.0542
2181,"2026-09-18 09:32:55.528351+04","2026-09-18 09:33:23.532829+04",238,238,150,28.004,84.4900,91.7000,84.55156,0.0728
2182,"2026-09-18 09:33:55.528989+04","2026-09-18 09:34:23.787251+04",239,239,153,28.258,84.4900,91.5900,84.55156,0.0728
2183,"2026-09-18 09:34:55.529654+04","2026-09-18 09:35:21.654259+04",238,238,152,26.125,84.4900,91.6450,84.55400,0.0757
2184,"2026-09-18 09:35:55.530535+04","2026-09-18 09:36:22.51052+04",237,237,150,26.980,84.4900,91.7000,84.55400,0.0757
2185,"2026-09-18 09:36:55.531181+04","2026-09-18 09:37:23.619537+04",244,244,153,28.088,84.4900,91.5450,84.57025,0.0949
2186,"2026-09-18 09:37:55.531974+04","2026-09-18 09:38:22.526451+04",245,245,154,26.994,84.4900,91.5000,84.57025,0.0949
2187,"2026-09-18 09:38:55.532468+04","2026-09-18 09:39:25.432523+04",246,246,156,29.900,84.4900,91.6450,84.55733,0.0796
2188,"2026-09-18 09:39:55.533166+04","2026-09-18 09:40:24.5611+04",249,249,159,29.028,84.4900,91.5000,84.55733,0.0796
2189,"2026-09-18 09:40:55.533444+04","2026-09-18 09:41:24.386956+04",245,245,155,28.854,84.4900,91.5900,84.56669,0.0907
2190,"2026-09-18 09:41:55.534156+04","2026-09-18 09:42:25.710774+04",242,242,153,30.177,84.4900,91.7900,84.56669,0.0907
2191,"2026-09-18 09:42:55.534345+04","2026-09-18 09:43:23.391437+04",246,246,154,27.857,84.4900,91.8900,84.57863,0.1048
2192,"2026-09-18 09:43:55.535284+04","2026-09-18 09:44:23.391641+04",251,251,157,27.856,84.4900,91.9000,84.57863,0.1048
2193,"2026-09-18 09:44:55.535845+04","2026-09-18 09:45:20.373852+04",255,255,157,24.838,84.4900,91.9000,84.54985,0.0708
2194,"2026-09-18 09:45:55.536268+04","2026-09-18 09:46:24.515125+04",258,258,160,28.979,84.4900,91.8900,84.54985,0.0708
2195,"2026-09-18 09:46:55.536613+04","2026-09-18 09:47:22.390445+04",255,255,158,26.854,84.4900,91.9000,84.56795,0.0922
2196,"2026-09-18 09:47:55.537118+04","2026-09-18 09:48:24.848543+04",258,258,158,29.311,84.4900,91.8900,84.56795,0.0922
2197,"2026-09-18 09:48:55.537812+04","2026-09-18 09:49:25.313089+04",260,260,158,29.775,84.4900,91.9000,84.56588,0.0897
2198,"2026-09-18 09:49:55.538327+04","2026-09-18 09:50:24.585391+04",260,260,160,29.047,84.4900,91.7900,84.56588,0.0897
2199,"2026-09-18 09:50:55.53904+04","2026-09-18 09:51:20.516581+04",258,258,159,24.978,84.4900,91.8900,84.55748,0.0798
2200,"2026-09-18 09:51:55.53963+04","2026-09-18 09:52:24.412677+04",257,257,157,28.873,84.4900,91.9000,84.55748,0.0798
2201,"2026-09-18 09:52:55.540192+04","2026-09-18 09:53:22.454293+04",267,267,163,26.914,84.4900,91.5000,84.57756,0.1035
2202,"2026-09-18 09:53:55.540656+04","2026-09-18 09:54:22.64895+04",267,267,163,27.108,84.4900,91.5000,84.57756,0.1035
2203,"2026-09-18 09:54:55.541248+04","2026-09-18 09:55:22.250208+04",266,266,162,26.709,84.4900,91.5450,84.57027,0.0949
2204,"2026-09-18 09:55:55.541604+04","2026-09-18 09:56:25.197395+04",263,263,160,29.656,84.4900,91.8800,84.57027,0.0949
2205,"2026-09-18 09:56:55.542362+04","2026-09-18 09:57:25.776865+04",269,269,164,30.235,84.4900,91.5900,84.57989,0.1063
2206,"2026-09-18 09:57:55.542636+04","2026-09-18 09:58:24.141633+04",267,267,163,28.599,84.4900,91.5900,84.57989,0.1063
2207,"2026-09-18 09:58:55.543381+04","2026-09-18 09:59:24.952255+04",268,268,162,29.409,84.4900,91.6450,84.57899,0.1052
2208,"2026-09-18 09:59:55.54389+04","2026-09-18 10:00:24.583516+04",272,272,166,29.040,84.4900,91.5000,84.57899,0.1052
2209,"2026-09-18 10:00:55.544568+04","2026-09-18 10:01:23.441289+04",270,270,168,27.897,84.4900,91.4750,84.57899,0.1052
2210,"2026-09-18 10:01:55.545149+04","2026-09-18 10:02:25.116956+04",267,267,162,29.572,84.4900,91.7000,84.57587,0.1015
2211,"2026-09-18 10:02:55.545518+04","2026-09-18 10:03:24.901368+04",272,272,167,29.356,84.4900,91.5450,84.57587,0.1015
2212,"2026-09-18 10:03:55.546106+04","2026-09-18 10:04:24.496054+04",270,270,165,28.950,84.4900,91.7900,84.51259,0.0267
2213,"2026-09-18 10:04:55.546617+04","2026-09-18 10:05:24.844681+04",273,273,169,29.298,84.4900,91.7000,84.51259,0.0267
2214,"2026-09-18 10:05:55.547154+04","2026-09-18 10:06:23.729062+04",274,274,168,28.182,84.4900,91.8900,84.43335,-0.0671
2215,"2026-09-18 10:06:55.547798+04","2026-09-18 10:07:22.457655+04",273,273,168,26.910,84.4900,91.8800,84.43335,-0.0671
2216,"2026-09-18 10:07:55.548134+04","2026-09-18 10:08:24.552177+04",276,276,171,29.004,84.4900,91.7900,84.33159,-0.1878
2217,"2026-09-18 10:08:55.548137+04","2026-09-18 10:09:21.416615+04",283,283,179,25.868,84.4900,91.4400,84.33159,-0.1878
2218,"2026-09-18 10:09:55.549066+04","2026-09-18 10:10:24.43052+04",286,286,182,28.881,84.4900,91.2800,84.34786,-0.1685
2219,"2026-09-18 10:10:55.549934+04","2026-09-18 10:11:21.409001+04",286,286,180,25.859,84.4900,91.2800,84.34786,-0.1685
2220,"2026-09-18 10:11:55.550645+04","2026-09-18 10:12:22.220895+04",288,288,181,26.670,84.4900,91.2600,84.37581,-0.1353
2221,"2026-09-18 10:12:55.551495+04","2026-09-18 10:13:21.757882+04",288,288,182,26.206,84.4900,91.2600,84.37581,-0.1353
2222,"2026-09-18 10:13:55.551804+04","2026-09-18 10:14:24.38202+04",286,286,180,28.830,84.4900,91.2800,84.42473,-0.0773
2223,"2026-09-18 10:14:55.55231+04","2026-09-18 10:15:24.521918+04",283,283,178,28.970,84.4900,91.2600,84.42473,-0.0773
2224,"2026-09-18 10:15:55.552787+04","2026-09-18 10:16:22.715106+04",284,284,177,27.162,84.4900,91.4450,84.40308,-0.1030
2225,"2026-09-18 10:16:55.553184+04","2026-09-18 10:17:21.575512+04",288,288,180,26.022,84.4900,91.3700,84.40308,-0.1030
2226,"2026-09-18 10:17:55.553904+04","2026-09-18 10:18:24.609403+04",290,290,182,29.055,84.4900,91.3700,84.49210,0.0025
2227,"2026-09-18 10:18:55.554514+04","2026-09-18 10:19:24.982225+04",289,289,181,29.428,84.4900,91.3000,84.49210,0.0025
2228,"2026-09-18 10:19:55.555195+04","2026-09-18 10:20:25.859902+04",289,289,181,30.305,84.4900,91.4400,84.44971,-0.0477
2229,"2026-09-18 10:20:55.555587+04","2026-09-18 10:21:25.754281+04",288,288,182,30.199,84.4900,91.2800,84.44971,-0.0477
2230,"2026-09-18 10:21:55.556139+04","2026-09-18 10:22:22.026281+04",291,291,181,26.470,84.4900,91.5000,84.51953,0.0349
2231,"2026-09-18 10:22:55.556541+04","2026-09-18 10:23:23.861563+04",288,288,179,28.305,84.4900,91.5000,84.51953,0.0349
2232,"2026-09-18 10:23:55.557509+04","2026-09-18 10:24:22.464799+04",288,288,179,26.907,84.0000,91.5450,84.49205,0.5824
2233,"2026-09-18 10:24:55.557692+04","2026-09-18 10:25:31.214341+04",299,299,185,35.657,84.4900,91.4400,84.49205,0.0024
2234,"2026-09-18 10:25:55.55839+04","2026-09-18 10:26:33.103039+04",300,300,187,37.545,84.4900,91.2800,84.49579,0.0069
2235,"2026-09-18 10:26:55.558667+04","2026-09-18 10:27:34.620552+04",300,300,185,39.062,84.4900,91.2800,84.49579,0.0069
2236,"2026-09-18 10:27:55.559593+04","2026-09-18 10:28:31.980575+04",301,301,185,36.421,84.4900,91.0000,84.48077,-0.0109
2237,"2026-09-18 10:28:55.559636+04","2026-09-18 10:29:34.81662+04",300,300,186,39.257,84.4900,91.0000,84.48077,-0.0109
2238,"2026-09-18 10:29:55.560334+04","2026-09-18 10:30:32.032783+04",304,304,187,36.472,84.4900,91.0000,84.48077,-0.0109
2239,"2026-09-18 10:30:55.561136+04","2026-09-18 10:31:32.231883+04",299,299,188,36.671,84.4900,91.0000,84.53801,0.0568
2240,"2026-09-18 10:31:55.561665+04","2026-09-18 10:32:25.867962+04",293,293,181,30.306,84.4900,91.0000,84.53801,0.0568
2241,"2026-09-18 10:32:55.562359+04","2026-09-18 10:33:26.503645+04",295,295,182,30.941,84.4900,91.0000,84.48589,-0.0049
2242,"2026-09-18 10:33:55.562408+04","2026-09-18 10:34:21.733161+04",296,296,184,26.171,84.4900,91.0000,84.48589,-0.0049
2243,"2026-09-18 10:34:55.563144+04","2026-09-18 10:35:24.994452+04",294,294,184,29.431,84.4900,91.0000,84.47145,-0.0220
2244,"2026-09-18 10:35:55.563876+04","2026-09-18 10:36:24.77399+04",295,295,184,29.210,84.4900,91.0000,84.47145,-0.0220
2245,"2026-09-18 10:36:55.56429+04","2026-09-18 10:37:26.320956+04",296,296,185,30.757,84.4900,91.0000,84.48006,-0.0118
2246,"2026-09-18 10:37:55.56531+04","2026-09-18 10:38:21.867374+04",289,289,180,26.302,84.4900,91.2600,84.48006,-0.0118
2247,"2026-09-18 10:38:55.565705+04","2026-09-18 10:39:23.029542+04",298,298,188,27.464,84.4900,91.0000,84.50264,0.0150
2248,"2026-09-18 10:39:55.56638+04","2026-09-18 10:40:22.782521+04",298,298,190,27.216,84.4900,91.0000,84.50264,0.0150
2249,"2026-09-18 10:40:55.56664+04","2026-09-18 10:41:25.957684+04",296,296,188,30.391,84.4900,91.1200,84.51316,0.0274
2250,"2026-09-18 10:41:55.567368+04","2026-09-18 10:42:22.710426+04",294,294,187,27.143,84.4900,91.0000,84.51316,0.0274
2251,"2026-09-18 10:42:55.567724+04","2026-09-18 10:43:23.007001+04",291,291,189,27.439,84.4900,91.0000,84.51316,0.0274
2252,"2026-09-18 10:43:55.568199+04","2026-09-18 10:44:22.935556+04",295,295,190,27.367,84.4900,91.0000,84.51316,0.0274
2253,"2026-09-18 10:44:55.568593+04","2026-09-18 10:45:22.53586+04",292,292,187,26.967,84.4500,91.0000,84.43619,-0.0164
2254,"2026-09-18 10:45:55.569817+04","2026-09-18 10:46:22.871886+04",293,293,189,27.302,84.4900,91.0000,84.43619,-0.0637
2255,"2026-09-18 10:46:55.569982+04","2026-09-18 10:47:21.998213+04",294,294,188,26.428,84.4900,91.0000,84.47448,-0.0184
2256,"2026-09-18 10:47:55.570872+04","2026-09-18 10:48:23.737073+04",287,287,187,28.166,84.4900,91.0000,84.47448,-0.0184
2257,"2026-09-18 10:48:55.571035+04","2026-09-18 10:49:21.710396+04",287,287,186,26.139,84.4900,91.0000,84.47448,-0.0184
2258,"2026-09-18 10:49:55.571938+04","2026-09-18 10:50:21.43998+04",285,285,183,25.868,84.4900,91.0000,84.47448,-0.0184
2259,"2026-09-18 10:50:55.572344+04","2026-09-18 10:51:21.881062+04",285,285,181,26.309,84.4900,91.0000,84.49713,0.0084
2260,"2026-09-18 10:51:55.573074+04","2026-09-18 10:52:22.871895+04",284,284,181,27.299,84.4900,91.0000,84.49713,0.0084
2261,"2026-09-18 10:52:55.573531+04","2026-09-18 10:53:21.572615+04",283,283,179,25.999,84.4900,91.0000,84.52804,0.0450
2262,"2026-09-18 10:53:55.573725+04","2026-09-18 10:54:22.421756+04",284,284,179,26.848,84.4900,91.0000,84.52804,0.0450
2263,"2026-09-18 10:54:55.574962+04","2026-09-18 10:55:22.719956+04",282,282,178,27.145,84.4500,91.0000,84.48399,0.0402
2264,"2026-09-18 10:55:55.575742+04","2026-09-18 10:56:24.269002+04",286,286,181,28.693,84.4900,91.0000,84.48399,-0.0071
2265,"2026-09-18 10:56:55.576034+04","2026-09-18 10:57:22.985306+04",289,289,180,27.409,84.4900,91.0000,84.47154,-0.0219
2266,"2026-09-18 10:57:55.576637+04","2026-09-18 10:58:34.183148+04",301,301,186,38.607,84.4900,91.0000,84.47154,-0.0219
2267,"2026-09-18 10:58:55.577626+04","2026-09-18 10:59:23.877371+04",299,299,190,28.300,84.4900,91.0000,84.49816,0.0097
2268,"2026-09-18 10:59:55.577848+04","2026-09-18 11:00:26.500787+04",294,294,185,30.923,84.4900,91.0000,84.49816,0.0097
2269,"2026-09-18 11:00:55.578855+04","2026-09-18 11:01:24.431555+04",295,295,187,28.853,84.4900,91.0000,84.48489,-0.0060
2270,"2026-09-18 11:01:55.579757+04","2026-09-18 11:02:25.206483+04",293,293,188,29.627,84.4900,91.0000,84.48489,-0.0060
2271,"2026-09-18 11:02:55.58021+04","2026-09-18 11:03:23.490983+04",290,290,185,27.911,84.4900,91.0000,84.39312,-0.1148
2272,"2026-09-18 11:03:55.581458+04","2026-09-18 11:04:23.577438+04",294,294,188,27.996,84.4900,91.0000,84.39312,-0.1148
2273,"2026-09-18 11:04:55.581839+04","2026-09-18 11:05:31.995798+04",301,301,193,36.414,84.4900,91.0000,84.41205,-0.0923
2274,"2026-09-18 11:05:55.582423+04","2026-09-18 11:06:30.819416+04",301,301,193,35.237,84.4900,91.0000,84.41205,-0.0923
2275,"2026-09-18 11:06:55.583231+04","2026-09-18 11:07:35.690737+04",306,306,194,40.108,84.4900,91.0000,84.34279,-0.1745
2276,"2026-09-18 11:07:55.58365+04","2026-09-18 11:08:34.270535+04",305,305,192,38.687,84.4900,91.0000,84.34279,-0.1745
2277,"2026-09-18 11:08:55.583902+04","2026-09-18 11:09:31.84426+04",300,300,189,36.260,84.4900,91.1150,84.27220,-0.2584
2278,"2026-09-18 11:09:55.584839+04","2026-09-18 11:10:33.040779+04",304,304,190,37.456,84.4900,91.0000,84.27220,-0.2584
2279,"2026-09-18 11:10:55.585305+04","2026-09-18 11:11:33.967934+04",301,301,189,38.383,84.4900,91.0000,84.27220,-0.2584
2280,"2026-09-18 11:11:55.585954+04","2026-09-18 11:12:25.602511+04",297,297,190,30.017,84.4900,91.1500,84.31262,-0.2104
2281,"2026-09-18 11:12:55.586343+04","2026-09-18 11:13:33.320888+04",300,300,193,37.735,84.4900,91.1550,84.31262,-0.2104
2282,"2026-09-18 11:13:55.586966+04","2026-09-18 11:14:31.253427+04",304,304,197,35.666,84.4900,91.1550,84.27194,-0.2588
2283,"2026-09-18 11:14:55.587504+04","2026-09-18 11:15:33.110432+04",308,308,198,37.523,84.4900,91.0000,84.27194,-0.2588
2284,"2026-09-18 11:15:55.58795+04","2026-09-18 11:16:31.064893+04",312,312,202,35.477,84.4900,91.0000,84.37810,-0.1326
2285,"2026-09-18 11:16:55.588909+04","2026-09-18 11:17:32.863594+04",303,303,199,37.275,84.4900,91.0000,84.37810,-0.1326
2286,"2026-09-18 11:17:55.589318+04","2026-09-18 11:18:33.769551+04",304,304,199,38.180,84.4900,90.9950,84.37270,-0.1390
2287,"2026-09-18 11:18:55.589905+04","2026-09-18 11:19:32.278368+04",299,299,192,36.688,84.4900,91.0000,84.37270,-0.1390
2288,"2026-09-18 11:19:55.590496+04","2026-09-18 11:20:34.686422+04",305,305,197,39.096,84.4900,91.0000,84.33986,-0.1780
2289,"2026-09-18 11:20:55.590851+04","2026-09-18 11:21:33.85399+04",301,301,191,38.263,84.4900,91.0000,84.33986,-0.1780
2290,"2026-09-18 11:21:55.592135+04","2026-09-18 11:22:31.88572+04",311,311,200,36.294,84.4900,91.0000,84.34961,-0.1664
2291,"2026-09-18 11:22:55.59332+04","2026-09-18 11:23:33.797487+04",314,314,204,38.204,84.4900,90.9950,84.34961,-0.1664
2292,"2026-09-18 11:23:55.593856+04","2026-09-18 11:24:33.789484+04",310,310,200,38.196,84.4900,91.0000,84.37448,-0.1369
2293,"2026-09-18 11:24:55.594388+04","2026-09-18 11:25:30.883411+04",306,306,197,35.289,84.4900,91.0000,84.37448,-0.1369
2294,"2026-09-18 11:25:55.595347+04","2026-09-18 11:26:31.821468+04",311,311,201,36.226,84.4900,91.0000,84.40619,-0.0993
2295,"2026-09-18 11:26:55.59607+04","2026-09-18 11:27:32.735959+04",311,311,202,37.140,84.4900,91.0000,84.40619,-0.0993
2296,"2026-09-18 11:27:55.596959+04","2026-09-18 11:28:34.727247+04",310,310,196,39.130,84.4900,91.0000,84.30694,-0.2171
2297,"2026-09-18 11:28:55.597931+04","2026-09-18 11:29:32.813711+04",306,306,196,37.216,84.4900,91.0000,84.30694,-0.2171
2298,"2026-09-18 11:29:55.598521+04","2026-09-18 11:30:30.881712+04",306,306,196,35.283,84.4900,91.0000,84.37519,-0.1361
2299,"2026-09-18 11:30:55.599003+04","2026-09-18 11:31:32.012113+04",306,306,196,36.413,84.4900,91.0000,84.37519,-0.1361
2300,"2026-09-18 11:31:55.599614+04","2026-09-18 11:32:31.763384+04",307,307,195,36.164,84.4900,91.0000,84.39396,-0.1138
2301,"2026-09-18 11:32:55.599897+04","2026-09-18 11:33:33.145079+04",308,308,197,37.545,84.4900,91.0000,84.39396,-0.1138
2302,"2026-09-18 11:33:55.601544+04","2026-09-18 11:34:32.79564+04",307,307,198,37.194,84.4900,91.0000,84.39396,-0.1138
2303,"2026-09-18 11:34:55.602082+04","2026-09-18 11:35:35.202427+04",305,305,197,39.600,84.4900,91.0000,84.39396,-0.1138
2304,"2026-09-18 11:35:55.602443+04","2026-09-18 11:36:33.752836+04",307,307,195,38.150,84.4900,91.0000,84.41039,-0.0943
2305,"2026-09-18 11:36:55.602974+04","2026-09-18 11:37:33.752585+04",307,307,196,38.150,84.4900,91.0000,84.41039,-0.0943
2306,"2026-09-18 11:37:55.603669+04","2026-09-18 11:38:32.930498+04",308,308,196,37.327,84.4900,91.0000,84.42936,-0.0718
2307,"2026-09-18 11:38:55.604396+04","2026-09-18 11:39:34.54518+04",307,307,196,38.941,84.4900,91.0000,84.42936,-0.0718
2308,"2026-09-18 11:39:55.604752+04","2026-09-18 11:40:30.033495+04",313,313,197,34.429,84.4900,91.0000,84.41958,-0.0834
2309,"2026-09-18 11:40:55.605445+04","2026-09-18 11:41:32.289696+04",316,316,201,36.684,84.4900,91.0000,84.41958,-0.0834
2310,"2026-09-18 11:41:55.60607+04","2026-09-18 11:42:31.864445+04",311,311,200,36.258,84.4900,91.0000,84.41232,-0.0920
2311,"2026-09-18 18:06:37.659786+04","2026-09-18 18:07:14.775659+04",349,349,234,37.116,85.0000,91.7800,84.25140,-0.8885
2312,"2026-09-18 18:07:37.655866+04","2026-09-18 18:08:15.568351+04",353,353,235,37.912,85.0000,91.5000,84.25140,-0.8885
2313,"2026-09-18 18:08:37.656316+04","2026-09-18 18:09:15.109532+04",346,346,231,37.453,85.0000,91.8100,84.23921,-0.9031
2314,"2026-09-18 18:09:37.656733+04","2026-09-18 18:10:14.571755+04",348,348,232,36.915,85.0000,91.7850,84.23921,-0.9031
2315,"2026-09-18 18:10:37.657049+04","2026-09-18 18:11:18.416693+04",353,353,234,40.760,85.0000,91.4000,84.24913,-0.8912
2316,"2026-09-18 18:11:37.658322+04","2026-09-18 18:12:13.194271+04",356,356,236,35.536,85.0000,91.3000,84.24913,-0.8912
2317,"2026-09-18 18:12:37.661131+04","2026-09-18 18:13:14.216087+04",355,355,239,36.555,85.0000,91.0000,84.25203,-0.8878
2318,"2026-09-18 18:13:37.662405+04","2026-09-18 18:14:16.044847+04",351,351,236,38.382,85.0000,91.0000,84.25203,-0.8878
2319,"2026-09-18 18:14:37.663856+04","2026-09-18 18:15:18.180633+04",352,352,237,40.517,85.0000,91.0000,84.22265,-0.9230
2320,"2026-09-18 18:15:37.666371+04","2026-09-18 18:16:17.302326+04",344,344,230,39.636,85.0000,91.4450,84.22265,-0.9230
2321,"2026-09-18 18:16:37.66848+04","2026-09-18 18:17:17.843852+04",341,341,233,40.175,85.0000,91.0000,84.25442,-0.8849
2322,"2026-09-18 18:17:37.669932+04","2026-09-18 18:18:13.846878+04",346,346,234,36.177,85.0000,91.3500,84.25442,-0.8849
2323,"2026-09-18 18:18:37.671858+04","2026-09-18 18:19:15.298477+04",344,344,232,37.627,85.0000,91.3500,84.23556,-0.9075
2324,"2026-09-18 18:19:37.674173+04","2026-09-18 18:20:15.896723+04",347,347,238,38.223,85.0000,91.0000,84.23556,-0.9075
2325,"2026-09-18 18:20:37.675992+04","2026-09-18 18:21:15.627742+04",347,347,237,37.952,85.0000,91.0000,84.25387,-0.8856
2326,"2026-09-18 18:21:37.67785+04","2026-09-18 18:22:19.526729+04",352,352,239,41.849,85.0000,91.0000,84.25387,-0.8856
2327,"2026-09-18 18:22:37.679659+04","2026-09-18 18:23:15.211656+04",353,353,243,37.532,85.0000,91.0000,84.25424,-0.8851
2328,"2026-09-18 18:23:37.68257+04","2026-09-18 18:24:13.888839+04",348,348,242,36.206,85.0000,91.0000,84.25424,-0.8851
2329,"2026-09-18 18:24:37.683184+04","2026-09-18 18:25:16.140931+04",345,345,238,38.458,85.0000,91.5000,84.23088,-0.9131
2330,"2026-09-18 18:25:37.684806+04","2026-09-18 18:26:15.007112+04",347,347,242,37.322,85.0000,91.0000,84.23088,-0.9131
2331,"2026-09-18 18:26:37.687155+04","2026-09-18 18:27:15.88732+04",346,346,237,38.200,85.0000,91.3500,84.22793,-0.9166
2332,"2026-09-18 18:27:37.688232+04","2026-09-18 18:28:17.869881+04",344,344,235,40.182,85.0000,91.3500,84.22793,-0.9166
2333,"2026-09-18 18:28:37.690181+04","2026-09-18 18:29:14.959589+04",353,353,238,37.269,85.0000,91.0000,84.24927,-0.8911
2334,"2026-09-18 21:58:24.505811+04","2026-09-18 21:59:01.371001+04",316,316,220,36.865,85.0000,91.0000,84.19764,-0.9529
2335,"2026-09-18 21:59:24.501346+04","2026-09-18 22:00:03.241863+04",317,317,218,38.741,85.0000,91.0000,84.19764,-0.9529
2336,"2026-09-18 22:00:24.501457+04","2026-09-18 22:01:01.406376+04",317,317,218,36.905,85.0000,91.0000,84.20960,-0.9386
2337,"2026-09-18 22:01:24.501969+04","2026-09-18 22:02:00.740824+04",311,311,214,36.239,85.0000,91.0000,84.20960,-0.9386
2338,"2026-09-18 22:02:24.502487+04","2026-09-18 22:03:03.911152+04",314,314,216,39.409,85.0000,91.0000,84.20929,-0.9390
2339,"2026-09-18 22:03:24.502996+04","2026-09-18 22:04:01.841676+04",321,321,220,37.339,85.0000,90.9300,84.20929,-0.9390
2340,"2026-09-18 22:04:24.503259+04","2026-09-18 22:05:02.970021+04",323,323,220,38.467,85.0000,90.9300,84.20303,-0.9465
2341,"2026-09-18 22:05:24.503877+04","2026-09-18 22:06:01.826253+04",329,329,227,37.322,85.0000,90.9000,84.20303,-0.9465
2342,"2026-09-18 22:06:24.504445+04","2026-09-18 22:07:05.106564+04",327,327,226,40.602,85.0000,90.9300,84.20737,-0.9413
2343,"2026-09-18 22:07:24.505507+04","2026-09-18 22:08:02.778547+04",324,324,223,38.273,85.0000,90.9300,84.20737,-0.9413
2344,"2026-09-18 22:08:24.505806+04","2026-09-18 22:09:03.268978+04",316,316,219,38.763,85.0000,91.0000,84.20969,-0.9385
2345,"2026-09-18 22:09:24.506229+04","2026-09-18 22:10:00.948647+04",315,315,217,36.442,85.0000,91.5000,84.20969,-0.9385
2346,"2026-09-18 22:10:24.506576+04","2026-09-18 22:11:01.793919+04",311,311,215,37.287,85.0000,91.0000,84.20108,-0.9488
2347,"2026-09-18 22:11:24.507122+04","2026-09-18 22:12:04.152512+04",310,310,213,39.645,85.0000,91.2500,84.20108,-0.9488
2348,"2026-09-18 22:12:24.507726+04","2026-09-18 22:13:03.655559+04",309,309,213,39.148,85.0000,91.0000,84.20459,-0.9446
2349,"2026-09-18 22:13:24.50819+04","2026-09-18 22:14:04.183343+04",313,313,216,39.675,85.0000,91.0000,84.20459,-0.9446
2350,"2026-09-18 22:14:24.508626+04","2026-09-18 22:14:59.699128+04",314,314,217,35.191,83.7500,90.9950,84.21065,0.5470
2351,"2026-09-18 22:15:24.509184+04","2026-09-18 22:16:01.953369+04",319,319,222,37.444,83.7500,90.9300,84.21065,0.5470
2352,"2026-09-18 22:16:24.509604+04","2026-09-18 22:17:03.814555+04",317,317,219,39.305,83.7500,90.9900,84.20240,0.5373
2353,"2026-09-18 22:17:24.510799+04","2026-09-18 22:18:05.468255+04",317,317,220,40.957,83.7500,91.0000,84.20240,0.5373
2354,"2026-09-18 22:18:24.511173+04","2026-09-18 22:19:00.562653+04",315,315,219,36.051,83.7500,91.0000,84.20986,0.5461
2355,"2026-09-18 22:19:24.51181+04","2026-09-18 22:20:00.747061+04",318,318,221,36.235,85.0000,91.2500,84.20986,-0.9383
2356,"2026-09-18 22:20:24.512201+04","2026-09-18 22:21:03.347423+04",316,316,220,38.835,85.0000,91.2500,84.20929,-0.9390
2357,"2026-09-18 22:21:24.513836+04","2026-09-18 22:22:00.40776+04",308,308,214,35.894,85.0000,91.6950,84.20929,-0.9390
2358,"2026-09-18 22:22:24.514196+04","2026-09-18 22:23:01.134687+04",300,300,209,36.620,85.0000,91.9500,84.20199,-0.9477
2359,"2026-09-18 22:23:24.516581+04","2026-09-18 22:24:00.845697+04",295,295,207,36.329,85.0000,91.9000,84.20199,-0.9477
2360,"2026-09-18 22:24:24.51813+04","2026-09-18 22:25:01.933507+04",300,300,211,37.415,85.0000,91.7700,84.21029,-0.9378
2361,"2026-09-18 22:25:24.51973+04","2026-09-19 10:29:09.164839+04",299,299,210,43424.645,85.0000,91.8000,84.21029,-0.9378
2362,"2026-09-19 10:29:09.347179+04","2026-09-19 10:29:39.109398+04",270,270,174,29.762,85.0000,91.7050,84.21489,-0.9323
2363,"2026-09-19 11:10:39.983444+04","2026-09-19 11:11:19.659834+04",314,314,203,39.676,85.0000,91.0000,84.21555,-0.9315
2364,"2026-09-19 11:57:40.157379+04","2026-09-19 11:58:17.291503+04",337,337,214,37.134,85.0000,91.1000,84.21578,-0.9312
2365,"2026-09-19 13:56:50.68962+04","2026-09-19 13:57:26.894137+04",375,375,243,36.205,85.0000,91.0000,84.21661,-0.9302
2366,"2026-09-19 13:59:50.697148+04","2026-09-19 14:00:29.159766+04",370,370,240,38.463,85.0000,91.0000,84.21492,-0.9322
2367,"2026-09-19 14:00:50.692715+04","2026-09-19 14:01:26.047311+04",365,365,234,35.355,85.0000,91.0000,84.21492,-0.9322
2368,"2026-09-19 14:01:50.698058+04","2026-09-19 14:02:26.983116+04",366,366,235,36.285,85.0000,91.0000,84.21735,-0.9293
2369,"2026-09-19 14:02:50.69368+04","2026-09-19 14:03:23.90451+04",364,364,232,33.211,85.0000,91.0000,84.21735,-0.9293
2370,"2026-09-19 14:03:50.698274+04","2026-09-19 14:04:30.417517+04",364,364,235,39.719,85.0000,91.0000,84.20883,-0.9395
2371,"2026-09-19 14:04:50.694285+04","2026-09-19 14:05:25.892879+04",368,368,240,35.199,84.5000,91.0000,84.20883,-0.3458
2372,"2026-09-19 14:05:50.700214+04","2026-09-19 14:06:28.272676+04",367,367,239,37.572,85.0000,91.0000,84.21417,-0.9331
2373,"2026-09-19 14:06:50.694709+04","2026-09-19 14:07:27.274677+04",357,357,230,36.580,85.0000,91.1000,84.21417,-0.9331
2374,"2026-09-19 14:07:50.700762+04","2026-09-19 14:08:26.461916+04",361,361,232,35.761,85.0000,91.0000,84.21593,-0.9310
2375,"2026-09-19 14:08:50.695302+04","2026-09-19 14:09:29.06898+04",361,361,231,38.374,84.6900,91.4000,84.21593,-0.5629
2376,"2026-09-19 14:09:50.70129+04","2026-09-19 14:10:30.849676+04",364,364,233,40.148,85.0000,91.0500,84.21655,-0.9303
2377,"2026-09-19 14:10:50.695602+04","2026-09-19 14:11:28.711863+04",363,363,233,38.016,85.0000,91.0000,84.21655,-0.9303
2378,"2026-09-19 14:11:50.703814+04","2026-09-19 14:12:27.896516+04",365,365,238,37.193,85.0000,91.0000,84.21590,-0.9311
