"snapshot_id","collection_started_at","merchant_alias","merchant_price","min_amount","max_amount","recent_order_num","recent_execute_rate","merchant_price_rank","market_best_price","market_median_price","reference_rate","merchant_edge_pct"
1,"2026-09-12 16:06:36.045696+04","merchant_sample",96.8700,1000.00,450774.14,490,100.000,127,86.1900,92.0000,NULL,NULL
2,"2026-09-12 16:17:27.858461+04","merchant_sample",96.8700,1000.00,450774.14,490,100.000,130,86.4800,92.0000,NULL,NULL
4,"2026-09-12 16:25:54.677316+04","merchant_sample",96.8700,1000.00,450774.14,490,100.000,129,84.9000,92.0000,NULL,NULL
5,"2026-09-12 17:50:59.750112+04","merchant_sample",96.5000,2000.00,476327.78,490,100.000,123,84.9000,92.0000,NULL,NULL
6,"2026-09-12 18:21:40.454803+04","merchant_sample",96.5000,2000.00,476327.78,490,100.000,117,84.9000,92.0000,NULL,NULL
7,"2026-09-13 14:05:52.398538+04","merchant_sample",85.0000,1000.00,90000.00,470,100.000,2,84.9000,87.5400,NULL,NULL
8,"2026-09-13 14:10:35.364053+04","merchant_sample",85.0000,1000.00,90000.00,470,100.000,2,84.9000,87.5400,NULL,NULL
9,"2026-09-14 11:20:52.613085+04","merchant_sample",85.0000,1000.00,90000.00,451,100.000,2,84.9000,87.2950,NULL,NULL
10,"2026-09-14 11:57:28.666402+04","merchant_sample",85.0000,1000.00,90000.00,451,100.000,2,84.9000,91.0000,NULL,NULL
11,"2026-09-14 12:30:14.49671+04","merchant_sample",85.0000,1000.00,90000.00,453,100.000,2,84.9000,91.0000,NULL,NULL
12,"2026-09-14 13:16:20.73901+04","merchant_sample",85.0000,1000.00,90000.00,454,100.000,2,84.9000,91.0000,NULL,NULL
13,"2026-09-14 13:19:20.739991+04","merchant_sample",85.0000,1000.00,90000.00,454,100.000,2,84.9000,91.3750,NULL,NULL
14,"2026-09-14 13:22:20.741079+04","merchant_sample",85.0000,1000.00,90000.00,454,100.000,2,84.9000,91.1500,NULL,NULL
15,"2026-09-14 13:25:20.741329+04","merchant_sample",85.0000,1000.00,90000.00,454,100.000,2,84.9000,91.0000,NULL,NULL
16,"2026-09-14 13:28:20.742255+04","merchant_sample",85.0000,1000.00,90000.00,454,100.000,2,84.9000,91.0000,NULL,NULL
17,"2026-09-14 13:31:20.742553+04","merchant_sample",85.0000,1000.00,90000.00,454,100.000,2,84.9000,91.1500,NULL,NULL
18,"2026-09-14 13:34:20.742785+04","merchant_sample",85.0000,1000.00,90000.00,454,100.000,2,84.9000,91.4700,NULL,NULL
19,"2026-09-14 13:37:20.743033+04","merchant_sample",85.0000,1000.00,90000.00,454,100.000,2,84.9000,91.5000,NULL,NULL
20,"2026-09-14 13:40:20.743219+04","merchant_sample",85.0000,1000.00,90000.00,454,100.000,2,84.9000,91.4700,NULL,NULL
21,"2026-09-14 13:43:20.743424+04","merchant_sample",85.0000,1000.00,90000.00,454,100.000,2,84.9000,91.1500,NULL,NULL
22,"2026-09-14 21:55:41.03625+04","merchant_sample",85.0000,1000.00,90000.00,463,100.000,2,84.9000,90.9300,NULL,NULL
23,"2026-09-14 23:02:58.634018+04","merchant_sample",85.0000,1000.00,90000.00,463,100.000,2,84.9000,91.3000,NULL,NULL
24,"2026-09-14 23:05:58.635158+04","merchant_sample",85.0000,1000.00,90000.00,463,100.000,2,84.9000,91.2050,NULL,NULL
25,"2026-09-14 23:08:58.636465+04","merchant_sample",85.0000,1000.00,90000.00,463,100.000,2,84.9000,91.0000,NULL,NULL
26,"2026-09-14 23:11:58.637363+04","merchant_sample",85.0000,1000.00,90000.00,463,100.000,2,84.9000,91.0550,NULL,NULL
27,"2026-09-14 23:14:58.638412+04","merchant_sample",85.0000,1000.00,90000.00,463,100.000,2,84.9000,91.0000,NULL,NULL
28,"2026-09-14 23:17:58.639266+04","merchant_sample",85.0000,1000.00,90000.00,463,100.000,2,84.9000,91.0000,NULL,NULL
29,"2026-09-14 23:20:58.640149+04","merchant_sample",85.0000,1000.00,90000.00,463,100.000,2,84.9000,91.0000,NULL,NULL
30,"2026-09-14 23:23:58.641011+04","merchant_sample",85.0000,1000.00,90000.00,464,100.000,2,84.9000,91.0000,NULL,NULL
31,"2026-09-14 23:26:58.641912+04","merchant_sample",85.0000,1000.00,90000.00,464,100.000,2,84.9000,91.0000,NULL,NULL
32,"2026-09-14 23:29:58.642631+04","merchant_sample",85.0000,1000.00,90000.00,464,100.000,2,84.9000,91.0000,NULL,NULL
33,"2026-09-14 23:32:58.643631+04","merchant_sample",85.0000,1000.00,90000.00,464,100.000,2,84.9000,91.0000,NULL,NULL
34,"2026-09-14 23:35:58.64455+04","merchant_sample",85.0000,1000.00,90000.00,464,100.000,3,84.8900,91.0000,NULL,NULL
35,"2026-09-14 23:38:58.645515+04","merchant_sample",85.0000,1000.00,90000.00,464,100.000,3,84.9000,90.9800,NULL,NULL
36,"2026-09-14 23:41:58.646405+04","merchant_sample",85.0000,1000.00,90000.00,464,100.000,3,84.9000,91.0000,NULL,NULL
37,"2026-09-14 23:44:58.647259+04","merchant_sample",85.0000,1000.00,90000.00,464,100.000,3,84.9000,91.0000,NULL,NULL
38,"2026-09-14 23:47:58.648153+04","merchant_sample",85.0000,1000.00,90000.00,464,100.000,3,84.9000,91.0000,NULL,NULL
39,"2026-09-14 23:50:58.649032+04","merchant_sample",85.0000,1000.00,90000.00,464,100.000,3,84.9000,91.0000,NULL,NULL
40,"2026-09-14 23:53:58.649869+04","merchant_sample",85.0000,1000.00,90000.00,464,100.000,2,84.9000,91.0000,NULL,NULL
41,"2026-09-14 23:56:58.650817+04","merchant_sample",85.0000,1000.00,90000.00,464,100.000,2,84.9000,91.1400,NULL,NULL
42,"2026-09-14 23:59:58.651725+04","merchant_sample",85.0000,1000.00,90000.00,464,100.000,2,84.9000,91.0000,NULL,NULL
43,"2026-09-15 00:02:58.652475+04","merchant_sample",85.0000,1000.00,90000.00,464,100.000,2,84.9000,91.0000,NULL,NULL
44,"2026-09-15 00:05:58.653579+04","merchant_sample",85.0000,1000.00,90000.00,464,100.000,3,84.9000,91.0000,NULL,NULL
45,"2026-09-15 00:08:58.654433+04","merchant_sample",85.0000,1000.00,90000.00,464,100.000,3,84.9000,91.0000,NULL,NULL
46,"2026-09-15 00:11:58.65537+04","merchant_sample",85.0000,1000.00,90000.00,464,100.000,3,84.9000,91.0000,NULL,NULL
47,"2026-09-15 00:14:58.656272+04","merchant_sample",85.0000,1000.00,90000.00,464,100.000,3,84.9000,91.0000,NULL,NULL
48,"2026-09-15 00:17:58.657094+04","merchant_sample",85.0000,1000.00,90000.00,464,100.000,3,84.8900,91.0000,NULL,NULL
49,"2026-09-15 00:20:58.657998+04","merchant_sample",85.0000,1000.00,90000.00,464,100.000,2,84.9000,91.0000,NULL,NULL
50,"2026-09-15 00:23:58.658865+04","merchant_sample",85.0000,1000.00,90000.00,464,100.000,2,84.9000,91.0000,NULL,NULL
51,"2026-09-15 00:26:58.659704+04","merchant_sample",85.0000,1000.00,90000.00,464,100.000,2,84.9000,91.0000,NULL,NULL
52,"2026-09-15 00:29:58.660679+04","merchant_sample",85.0000,1000.00,90000.00,464,100.000,2,84.9000,91.0000,NULL,NULL
53,"2026-09-15 00:32:58.661574+04","merchant_sample",85.0000,1000.00,90000.00,464,100.000,2,84.9000,91.0000,NULL,NULL
54,"2026-09-15 00:35:58.662506+04","merchant_sample",85.0000,1000.00,90000.00,464,100.000,2,84.9000,91.0000,NULL,NULL
55,"2026-09-15 00:38:58.663404+04","merchant_sample",85.0000,1000.00,90000.00,464,100.000,2,84.9000,91.0000,NULL,NULL
56,"2026-09-15 00:41:58.664194+04","merchant_sample",85.0000,1000.00,90000.00,464,100.000,2,84.9000,91.0000,NULL,NULL
57,"2026-09-15 00:44:58.665275+04","merchant_sample",85.0000,1000.00,90000.00,464,100.000,2,84.9000,91.3000,NULL,NULL
58,"2026-09-15 00:47:58.666379+04","merchant_sample",85.0000,1000.00,90000.00,464,100.000,2,84.9000,91.3000,NULL,NULL
59,"2026-09-15 00:50:58.667233+04","merchant_sample",85.0000,1000.00,90000.00,464,100.000,2,84.9000,91.3000,NULL,NULL
60,"2026-09-15 00:53:58.668138+04","merchant_sample",85.0000,1000.00,90000.00,464,100.000,2,84.9000,91.0000,NULL,NULL
61,"2026-09-15 00:56:58.66899+04","merchant_sample",85.0000,1000.00,90000.00,465,100.000,2,84.9000,91.0000,NULL,NULL
62,"2026-09-15 00:59:58.669844+04","merchant_sample",85.0000,1000.00,90000.00,465,100.000,2,84.9000,91.0000,NULL,NULL
63,"2026-09-15 01:02:58.670735+04","merchant_sample",85.0000,1000.00,90000.00,465,100.000,2,84.9000,91.0000,NULL,NULL
64,"2026-09-15 01:05:58.67177+04","merchant_sample",85.0000,1000.00,90000.00,465,100.000,2,84.9000,91.0000,NULL,NULL
65,"2026-09-15 01:08:58.67271+04","merchant_sample",85.0000,1000.00,90000.00,465,100.000,2,84.9000,91.3000,NULL,NULL
66,"2026-09-15 01:11:58.673635+04","merchant_sample",85.0000,1000.00,90000.00,465,100.000,2,84.9000,91.1400,NULL,NULL
67,"2026-09-15 01:14:58.674624+04","merchant_sample",85.0000,1000.00,90000.00,465,100.000,2,84.9000,91.0000,NULL,NULL
68,"2026-09-15 01:17:58.675493+04","merchant_sample",85.0000,1000.00,90000.00,465,100.000,3,83.0000,91.0000,NULL,NULL
69,"2026-09-15 01:20:58.676343+04","merchant_sample",85.0000,1000.00,90000.00,465,100.000,2,84.9000,91.0000,NULL,NULL
70,"2026-09-15 01:23:58.677275+04","merchant_sample",85.0000,1000.00,90000.00,465,100.000,2,84.9000,91.3000,NULL,NULL
71,"2026-09-15 01:26:58.678067+04","merchant_sample",85.0000,1000.00,90000.00,465,100.000,2,84.9000,91.0000,NULL,NULL
72,"2026-09-15 01:29:58.679014+04","merchant_sample",85.0000,1000.00,90000.00,465,100.000,2,84.9000,91.0000,NULL,NULL
73,"2026-09-15 01:32:58.679979+04","merchant_sample",85.0000,1000.00,90000.00,465,100.000,2,84.9000,90.9950,NULL,NULL
74,"2026-09-15 01:35:58.680905+04","merchant_sample",85.0000,1000.00,90000.00,465,100.000,2,84.9000,90.9000,NULL,NULL
75,"2026-09-15 01:38:58.68179+04","merchant_sample",85.0000,1000.00,90000.00,465,100.000,2,84.9000,90.9500,NULL,NULL
76,"2026-09-15 01:41:58.682783+04","merchant_sample",85.0000,1000.00,90000.00,465,100.000,3,84.9000,90.9250,NULL,NULL
77,"2026-09-15 01:44:58.683619+04","merchant_sample",85.0000,1000.00,90000.00,465,100.000,3,84.2900,90.7000,NULL,NULL
78,"2026-09-15 01:47:58.684537+04","merchant_sample",85.0000,1000.00,90000.00,465,100.000,2,84.9000,90.7100,NULL,NULL
79,"2026-09-15 01:50:58.685408+04","merchant_sample",85.0000,1000.00,90000.00,465,100.000,2,84.9000,90.5000,NULL,NULL
80,"2026-09-15 01:53:58.686505+04","merchant_sample",85.0000,1000.00,90000.00,465,100.000,2,84.9000,90.4000,NULL,NULL
81,"2026-09-15 01:56:58.687579+04","merchant_sample",85.0000,1000.00,90000.00,465,100.000,3,84.5000,90.5000,NULL,NULL
82,"2026-09-15 01:59:58.688529+04","merchant_sample",85.0000,1000.00,90000.00,465,100.000,3,84.5000,90.7050,NULL,NULL
83,"2026-09-15 02:02:58.689427+04","merchant_sample",85.0000,1000.00,90000.00,465,100.000,3,84.5000,90.7100,NULL,NULL
84,"2026-09-15 02:05:58.690444+04","merchant_sample",85.0000,1000.00,90000.00,465,100.000,2,84.9000,90.9000,NULL,NULL
85,"2026-09-15 02:08:58.691345+04","merchant_sample",85.0000,1000.00,90000.00,465,100.000,2,84.9000,90.7100,NULL,NULL
86,"2026-09-15 02:11:58.692411+04","merchant_sample",85.0000,1000.00,90000.00,465,100.000,2,84.9000,90.7050,NULL,NULL
87,"2026-09-15 02:14:58.693397+04","merchant_sample",85.0000,1000.00,90000.00,465,100.000,2,84.9000,90.4450,NULL,NULL
88,"2026-09-15 02:17:58.694392+04","merchant_sample",85.0000,1000.00,90000.00,465,100.000,2,84.9000,90.7000,NULL,NULL
89,"2026-09-15 02:20:58.69598+04","merchant_sample",85.0000,1000.00,90000.00,465,100.000,2,84.9000,90.1150,NULL,NULL
90,"2026-09-15 02:23:58.697349+04","merchant_sample",85.0000,1000.00,90000.00,465,100.000,2,84.9000,90.5000,NULL,NULL
91,"2026-09-15 02:26:58.698258+04","merchant_sample",85.0000,1000.00,90000.00,465,100.000,2,84.9000,90.4000,NULL,NULL
92,"2026-09-15 02:29:58.699271+04","merchant_sample",85.0000,1000.00,90000.00,465,100.000,2,84.9000,90.3100,NULL,NULL
93,"2026-09-15 02:32:58.70015+04","merchant_sample",85.0000,1000.00,90000.00,465,100.000,2,84.9000,90.4000,NULL,NULL
94,"2026-09-15 02:35:58.701136+04","merchant_sample",85.0000,1000.00,90000.00,465,100.000,3,84.9000,90.0000,NULL,NULL
95,"2026-09-15 02:38:58.701986+04","merchant_sample",85.0000,1000.00,90000.00,465,100.000,3,84.9000,90.0000,NULL,NULL
96,"2026-09-15 02:41:58.702881+04","merchant_sample",85.0000,1000.00,90000.00,465,100.000,2,84.9000,90.3100,NULL,NULL
97,"2026-09-15 02:44:58.703759+04","merchant_sample",85.0000,1000.00,90000.00,465,100.000,2,84.9000,90.2200,NULL,NULL
98,"2026-09-15 02:47:58.705345+04","merchant_sample",85.0000,1000.00,90000.00,465,100.000,2,84.9000,90.7000,NULL,NULL
99,"2026-09-15 02:50:58.706307+04","merchant_sample",85.0000,1000.00,90000.00,465,100.000,3,84.9000,90.5000,NULL,NULL
100,"2026-09-15 02:53:58.707245+04","merchant_sample",85.0000,1000.00,90000.00,465,100.000,2,84.9000,90.5000,NULL,NULL
101,"2026-09-15 02:56:58.708477+04","merchant_sample",85.0000,1000.00,90000.00,465,100.000,3,83.9000,91.0000,NULL,NULL
102,"2026-09-15 02:59:58.709444+04","merchant_sample",85.0000,1000.00,90000.00,465,100.000,4,83.9000,90.9000,NULL,NULL
103,"2026-09-15 03:02:58.710408+04","merchant_sample",85.0000,1000.00,90000.00,465,100.000,3,83.9000,90.8550,NULL,NULL
104,"2026-09-15 03:05:58.711519+04","merchant_sample",85.0000,1000.00,90000.00,465,100.000,3,84.7000,90.9000,NULL,NULL
105,"2026-09-15 03:08:58.713089+04","merchant_sample",85.0000,1000.00,90000.00,465,100.000,3,84.7000,90.8050,NULL,NULL
106,"2026-09-15 03:11:58.714035+04","merchant_sample",85.0000,1000.00,90000.00,465,100.000,2,84.9000,90.8550,NULL,NULL
107,"2026-09-15 03:14:58.714778+04","merchant_sample",85.0000,1000.00,90000.00,465,100.000,2,84.9000,90.9900,NULL,NULL
108,"2026-09-15 03:17:58.715679+04","merchant_sample",85.0000,1000.00,90000.00,465,100.000,2,84.9000,91.0000,NULL,NULL
109,"2026-09-15 03:20:58.717262+04","merchant_sample",85.0000,1000.00,90000.00,465,100.000,2,84.9000,91.0000,NULL,NULL
110,"2026-09-15 03:23:58.718166+04","merchant_sample",85.0000,1000.00,90000.00,465,100.000,2,84.9000,91.0000,NULL,NULL
111,"2026-09-15 03:26:58.719165+04","merchant_sample",85.0000,1000.00,90000.00,465,100.000,2,84.9000,91.0000,NULL,NULL
112,"2026-09-15 03:29:58.720051+04","merchant_sample",85.0000,1000.00,90000.00,465,100.000,2,84.9000,91.0000,NULL,NULL
113,"2026-09-15 03:32:58.724079+04","merchant_sample",85.0000,1000.00,90000.00,465,100.000,3,84.5000,90.9000,NULL,NULL
114,"2026-09-15 03:35:58.72525+04","merchant_sample",85.0000,1000.00,90000.00,465,100.000,3,84.5000,90.8550,NULL,NULL
115,"2026-09-15 03:38:58.726019+04","merchant_sample",85.0000,1000.00,90000.00,465,100.000,5,84.3300,90.8100,NULL,NULL
116,"2026-09-15 03:41:58.726924+04","merchant_sample",85.0000,1000.00,90000.00,465,100.000,5,84.3300,90.9800,NULL,NULL
117,"2026-09-15 03:44:58.727786+04","merchant_sample",85.0000,1000.00,90000.00,465,100.000,5,84.3300,90.6000,NULL,NULL
118,"2026-09-15 03:47:58.7286+04","merchant_sample",85.0000,1000.00,90000.00,465,100.000,3,84.3300,90.5000,NULL,NULL
119,"2026-09-15 03:50:58.729542+04","merchant_sample",85.0000,1000.00,90000.00,465,100.000,4,84.0000,90.5000,NULL,NULL
120,"2026-09-15 03:53:58.73043+04","merchant_sample",85.0000,1000.00,90000.00,465,100.000,2,84.9000,90.6000,NULL,NULL
121,"2026-09-15 03:56:58.731368+04","merchant_sample",85.0000,1000.00,90000.00,465,100.000,3,84.9000,90.5000,NULL,NULL
122,"2026-09-15 03:59:58.732296+04","merchant_sample",85.0000,1000.00,90000.00,465,100.000,2,84.9000,90.6000,NULL,NULL
123,"2026-09-15 04:02:58.733148+04","merchant_sample",85.0000,1000.00,90000.00,465,100.000,2,84.9000,90.5000,NULL,NULL
124,"2026-09-15 04:05:58.734111+04","merchant_sample",85.0000,1000.00,90000.00,465,100.000,2,84.9000,90.4450,NULL,NULL
125,"2026-09-15 04:08:58.734822+04","merchant_sample",85.0000,1000.00,90000.00,465,100.000,2,84.9000,90.1150,NULL,NULL
126,"2026-09-15 04:11:58.735734+04","merchant_sample",85.0000,1000.00,90000.00,465,100.000,2,84.9000,90.4900,NULL,NULL
127,"2026-09-15 04:14:58.736493+04","merchant_sample",85.0000,1000.00,90000.00,465,100.000,2,84.9000,90.4900,NULL,NULL
128,"2026-09-15 04:17:58.737448+04","merchant_sample",85.0000,1000.00,90000.00,465,100.000,3,84.8000,90.5000,NULL,NULL
129,"2026-09-15 04:20:58.738378+04","merchant_sample",85.0000,1000.00,90000.00,465,100.000,3,84.8000,90.4500,NULL,NULL
130,"2026-09-15 04:23:58.739502+04","merchant_sample",85.0000,1000.00,90000.00,465,100.000,4,84.8000,90.4950,NULL,NULL
131,"2026-09-15 04:26:58.740846+04","merchant_sample",85.0000,1000.00,90000.00,465,100.000,2,84.9000,90.4500,NULL,NULL
132,"2026-09-15 04:29:58.741701+04","merchant_sample",85.0000,1000.00,90000.00,465,100.000,2,84.9000,90.4500,NULL,NULL
133,"2026-09-15 04:32:58.743157+04","merchant_sample",85.0000,1000.00,90000.00,465,100.000,3,84.9000,90.7550,NULL,NULL
134,"2026-09-15 04:35:58.744231+04","merchant_sample",85.0000,1000.00,90000.00,465,100.000,2,84.9000,90.7550,NULL,NULL
135,"2026-09-15 04:38:58.74498+04","merchant_sample",85.0000,1000.00,90000.00,465,100.000,2,84.9000,90.5000,NULL,NULL
136,"2026-09-15 04:41:58.745998+04","merchant_sample",85.0000,1000.00,90000.00,465,100.000,2,84.9000,90.6000,NULL,NULL
137,"2026-09-15 04:44:58.746851+04","merchant_sample",85.0000,1000.00,90000.00,465,100.000,2,84.9000,90.8550,NULL,NULL
138,"2026-09-15 04:47:58.747863+04","merchant_sample",85.0000,1000.00,90000.00,465,100.000,2,84.9000,90.4900,NULL,NULL
139,"2026-09-15 04:50:58.748825+04","merchant_sample",85.0000,1000.00,90000.00,465,100.000,2,84.9000,90.9000,NULL,NULL
140,"2026-09-15 04:53:58.749682+04","merchant_sample",85.0000,1000.00,90000.00,465,100.000,2,84.9000,91.0000,NULL,NULL
141,"2026-09-15 04:56:58.750496+04","merchant_sample",85.0000,1000.00,90000.00,465,100.000,2,84.9000,91.0000,NULL,NULL
142,"2026-09-15 04:59:58.751339+04","merchant_sample",85.0000,1000.00,90000.00,465,100.000,2,84.9000,90.9400,NULL,NULL
143,"2026-09-15 05:02:58.752291+04","merchant_sample",85.0000,1000.00,90000.00,465,100.000,2,84.9000,91.0000,NULL,NULL
144,"2026-09-15 05:05:58.753166+04","merchant_sample",85.0000,1000.00,90000.00,465,100.000,2,84.9000,91.0000,NULL,NULL
145,"2026-09-15 05:08:58.754019+04","merchant_sample",85.0000,1000.00,90000.00,465,100.000,2,84.9000,91.0000,NULL,NULL
146,"2026-09-15 05:11:58.754946+04","merchant_sample",85.0000,1000.00,90000.00,465,100.000,3,84.9000,91.0000,NULL,NULL
147,"2026-09-15 05:14:58.756075+04","merchant_sample",85.0000,1000.00,90000.00,465,100.000,2,84.9000,91.0000,NULL,NULL
148,"2026-09-15 05:17:58.756954+04","merchant_sample",85.0000,1000.00,90000.00,465,100.000,2,84.9000,91.0000,NULL,NULL
149,"2026-09-15 05:20:58.757941+04","merchant_sample",85.0000,1000.00,90000.00,465,100.000,2,84.9000,91.0000,NULL,NULL
150,"2026-09-15 05:23:58.75881+04","merchant_sample",85.0000,1000.00,90000.00,465,100.000,2,84.9000,91.0000,NULL,NULL
151,"2026-09-15 05:26:58.759697+04","merchant_sample",85.0000,1000.00,90000.00,465,100.000,3,84.8900,91.0000,NULL,NULL
152,"2026-09-15 05:29:58.760678+04","merchant_sample",85.0000,1000.00,90000.00,465,100.000,2,84.9000,90.9800,NULL,NULL
153,"2026-09-15 05:32:58.761529+04","merchant_sample",85.0000,1000.00,90000.00,465,100.000,3,84.9000,91.0000,NULL,NULL
154,"2026-09-15 05:35:58.762638+04","merchant_sample",85.0000,1000.00,90000.00,465,100.000,3,84.9000,91.0000,NULL,NULL
155,"2026-09-15 05:38:58.763498+04","merchant_sample",85.0000,1000.00,90000.00,465,100.000,3,84.9000,91.0000,NULL,NULL
156,"2026-09-15 05:41:58.764432+04","merchant_sample",85.0000,1000.00,90000.00,465,100.000,3,84.9000,90.8000,NULL,NULL
157,"2026-09-15 05:44:58.765393+04","merchant_sample",85.0000,1000.00,90000.00,465,100.000,2,84.9000,91.0000,NULL,NULL
158,"2026-09-15 05:47:58.76645+04","merchant_sample",85.0000,1000.00,90000.00,465,100.000,2,84.9000,91.2350,NULL,NULL
159,"2026-09-15 05:50:58.767325+04","merchant_sample",85.0000,1000.00,90000.00,465,100.000,2,84.9000,91.3000,NULL,NULL
160,"2026-09-15 05:53:58.768266+04","merchant_sample",85.0000,1000.00,90000.00,465,100.000,2,84.9000,91.7000,NULL,NULL
161,"2026-09-15 05:56:58.769113+04","merchant_sample",85.0000,1000.00,90000.00,465,100.000,2,84.9000,91.5000,NULL,NULL
162,"2026-09-15 05:59:58.770112+04","merchant_sample",85.0000,1000.00,90000.00,465,100.000,2,84.9000,91.4750,NULL,NULL
163,"2026-09-15 06:02:58.770959+04","merchant_sample",85.0000,1000.00,90000.00,465,100.000,2,84.9000,91.8350,NULL,NULL
164,"2026-09-15 06:05:58.771935+04","merchant_sample",85.0000,1000.00,90000.00,465,100.000,2,84.9000,91.8350,NULL,NULL
165,"2026-09-15 06:08:58.772856+04","merchant_sample",85.0000,1000.00,90000.00,465,100.000,2,84.9000,91.9850,NULL,NULL
166,"2026-09-15 06:11:58.773621+04","merchant_sample",85.0000,1000.00,90000.00,465,100.000,2,84.9000,91.8900,NULL,NULL
167,"2026-09-15 06:14:58.774611+04","merchant_sample",85.0000,1000.00,90000.00,465,100.000,3,84.9000,91.9850,NULL,NULL
168,"2026-09-15 06:17:58.775324+04","merchant_sample",85.0000,1000.00,90000.00,465,100.000,2,84.9000,91.8900,NULL,NULL
169,"2026-09-15 06:20:58.776299+04","merchant_sample",85.0000,1000.00,90000.00,465,100.000,2,84.9000,91.7950,NULL,NULL
170,"2026-09-15 06:23:58.777215+04","merchant_sample",85.0000,1000.00,90000.00,465,100.000,2,84.9000,91.6000,NULL,NULL
171,"2026-09-15 06:26:58.778126+04","merchant_sample",85.0000,1000.00,90000.00,465,100.000,2,84.9000,91.9300,NULL,NULL
172,"2026-09-15 06:29:58.779115+04","merchant_sample",85.0000,1000.00,90000.00,465,100.000,2,84.9000,91.6000,NULL,NULL
173,"2026-09-15 06:32:58.779925+04","merchant_sample",85.0000,1000.00,90000.00,465,100.000,2,84.9000,91.4750,NULL,NULL
174,"2026-09-15 06:35:58.780743+04","merchant_sample",85.0000,1000.00,90000.00,465,100.000,2,84.9000,91.2400,NULL,NULL
175,"2026-09-15 06:38:58.781841+04","merchant_sample",85.0000,1000.00,90000.00,465,100.000,2,84.9000,91.2700,NULL,NULL
176,"2026-09-15 06:41:58.782631+04","merchant_sample",85.0000,1000.00,90000.00,465,100.000,2,84.9000,91.1150,NULL,NULL
177,"2026-09-15 06:44:58.783373+04","merchant_sample",85.0000,1000.00,90000.00,465,100.000,2,84.9000,91.0000,NULL,NULL
178,"2026-09-15 06:47:58.784297+04","merchant_sample",85.0000,1000.00,90000.00,465,100.000,2,84.9000,91.0000,NULL,NULL
179,"2026-09-15 06:50:58.785261+04","merchant_sample",85.0000,1000.00,90000.00,465,100.000,2,84.9000,91.0000,NULL,NULL
180,"2026-09-15 06:53:58.786155+04","merchant_sample",85.0000,1000.00,90000.00,465,100.000,2,84.9000,91.2300,NULL,NULL
181,"2026-09-15 06:56:58.787002+04","merchant_sample",85.0000,1000.00,90000.00,465,100.000,2,84.9000,91.4000,NULL,NULL
182,"2026-09-15 06:59:58.787896+04","merchant_sample",85.0000,1000.00,90000.00,465,100.000,2,84.9000,91.2700,NULL,NULL
183,"2026-09-15 07:02:58.788761+04","merchant_sample",85.0000,1000.00,90000.00,465,100.000,2,84.9000,91.0000,NULL,NULL
184,"2026-09-15 07:05:58.789599+04","merchant_sample",85.0000,1000.00,90000.00,465,100.000,2,84.9000,91.2350,NULL,NULL
185,"2026-09-15 07:08:58.790591+04","merchant_sample",85.0000,1000.00,90000.00,465,100.000,2,84.9000,91.3000,NULL,NULL
186,"2026-09-15 07:11:58.791471+04","merchant_sample",85.0000,1000.00,90000.00,465,100.000,2,84.9000,91.2400,NULL,NULL
187,"2026-09-15 07:14:58.792417+04","merchant_sample",85.0000,1000.00,90000.00,465,100.000,2,84.9000,91.2400,NULL,NULL
188,"2026-09-15 07:17:58.793328+04","merchant_sample",85.0000,1000.00,90000.00,465,100.000,2,84.9000,91.0000,NULL,NULL
189,"2026-09-15 07:20:58.794223+04","merchant_sample",85.0000,1000.00,90000.00,465,100.000,2,84.9000,91.0000,NULL,NULL
190,"2026-09-15 07:23:58.795124+04","merchant_sample",85.0000,1000.00,90000.00,465,100.000,2,84.9000,91.0000,NULL,NULL
191,"2026-09-15 07:26:58.79595+04","merchant_sample",85.0000,1000.00,90000.00,465,100.000,2,84.9000,91.0000,NULL,NULL
192,"2026-09-15 07:29:58.796937+04","merchant_sample",85.0000,1000.00,90000.00,465,100.000,3,84.9000,91.1300,NULL,NULL
193,"2026-09-15 07:32:58.797758+04","merchant_sample",85.0000,1000.00,90000.00,465,100.000,2,84.9000,91.0000,NULL,NULL
194,"2026-09-15 07:35:58.79889+04","merchant_sample",85.0000,1000.00,90000.00,465,100.000,2,84.9000,91.1300,NULL,NULL
195,"2026-09-15 07:38:58.799803+04","merchant_sample",85.0000,1000.00,90000.00,465,100.000,2,84.9000,91.0000,NULL,NULL
196,"2026-09-15 07:41:58.800693+04","merchant_sample",85.0000,1000.00,90000.00,465,100.000,3,84.8900,91.0000,NULL,NULL
197,"2026-09-15 07:44:58.801746+04","merchant_sample",85.0000,1000.00,90000.00,465,100.000,3,84.9000,91.0000,NULL,NULL
198,"2026-09-15 07:47:58.803081+04","merchant_sample",85.0000,1000.00,90000.00,465,100.000,2,84.9000,91.0000,NULL,NULL
199,"2026-09-15 07:50:58.805293+04","merchant_sample",85.0000,1000.00,90000.00,465,100.000,2,84.9000,90.9800,NULL,NULL
200,"2026-09-15 07:53:58.80622+04","merchant_sample",85.0000,1000.00,90000.00,465,100.000,2,84.9000,91.0000,NULL,NULL
201,"2026-09-15 07:56:58.807125+04","merchant_sample",85.0000,1000.00,90000.00,465,100.000,2,84.9000,90.9800,NULL,NULL
202,"2026-09-15 07:59:58.807915+04","merchant_sample",85.0000,1000.00,90000.00,465,100.000,3,84.8900,91.0000,NULL,NULL
203,"2026-09-15 08:02:58.808845+04","merchant_sample",85.0000,1000.00,90000.00,465,100.000,2,84.9000,91.0000,NULL,NULL
204,"2026-09-15 08:05:58.810362+04","merchant_sample",85.0000,1000.00,90000.00,465,100.000,2,84.9000,91.0000,NULL,NULL
205,"2026-09-15 08:08:58.811264+04","merchant_sample",85.0000,1000.00,90000.00,465,100.000,2,84.9000,91.0000,NULL,NULL
206,"2026-09-15 08:11:58.812218+04","merchant_sample",85.0000,1000.00,90000.00,443,100.000,2,84.9000,91.0000,NULL,NULL
207,"2026-09-15 08:14:58.813122+04","merchant_sample",85.0000,1000.00,90000.00,443,100.000,2,84.9000,91.0000,NULL,NULL
208,"2026-09-15 08:17:58.813873+04","merchant_sample",85.0000,1000.00,90000.00,443,100.000,2,84.9000,91.0000,NULL,NULL
209,"2026-09-15 08:20:58.814877+04","merchant_sample",85.0000,1000.00,90000.00,443,100.000,3,84.9000,91.0000,NULL,NULL
210,"2026-09-15 08:23:58.81581+04","merchant_sample",85.0000,1000.00,90000.00,443,100.000,2,84.9000,91.0000,NULL,NULL
211,"2026-09-15 08:26:58.81671+04","merchant_sample",85.0000,1000.00,90000.00,443,100.000,2,84.9000,91.0000,NULL,NULL
212,"2026-09-15 08:29:58.817804+04","merchant_sample",85.0000,1000.00,90000.00,443,100.000,3,84.4900,91.0000,NULL,NULL
213,"2026-09-15 08:32:58.818956+04","merchant_sample",85.0000,1000.00,90000.00,443,100.000,3,84.4900,90.9800,NULL,NULL
214,"2026-09-15 08:35:58.820099+04","merchant_sample",85.0000,1000.00,90000.00,443,100.000,3,84.4900,91.0000,NULL,NULL
215,"2026-09-15 08:38:58.820944+04","merchant_sample",85.0000,1000.00,90000.00,443,100.000,2,84.9000,91.0000,NULL,NULL
216,"2026-09-15 08:41:58.821923+04","merchant_sample",85.0000,1000.00,90000.00,443,100.000,3,84.4900,91.0000,NULL,NULL
217,"2026-09-15 08:44:58.822706+04","merchant_sample",85.0000,1000.00,90000.00,443,100.000,3,84.4900,91.0000,NULL,NULL
218,"2026-09-15 08:47:58.823753+04","merchant_sample",85.0000,1000.00,90000.00,443,100.000,3,84.4900,91.0000,NULL,NULL
219,"2026-09-15 08:50:58.824754+04","merchant_sample",85.0000,1000.00,90000.00,443,100.000,2,84.9000,91.0000,NULL,NULL
220,"2026-09-15 08:53:58.82565+04","merchant_sample",85.0000,1000.00,90000.00,443,100.000,2,84.9000,91.0000,NULL,NULL
221,"2026-09-15 08:56:58.826752+04","merchant_sample",85.0000,1000.00,90000.00,443,100.000,2,84.9000,91.2400,NULL,NULL
222,"2026-09-15 08:59:58.827899+04","merchant_sample",85.0000,1000.00,90000.00,443,100.000,3,84.9000,91.1200,NULL,NULL
223,"2026-09-15 09:02:58.828888+04","merchant_sample",85.0000,1000.00,90000.00,443,100.000,2,84.9000,91.2450,NULL,NULL
224,"2026-09-15 09:05:58.829985+04","merchant_sample",85.0000,1000.00,90000.00,443,100.000,2,84.9000,91.5000,NULL,NULL
225,"2026-09-15 09:08:58.830988+04","merchant_sample",85.0000,1000.00,90000.00,443,100.000,2,84.9000,91.2900,NULL,NULL
226,"2026-09-15 09:11:58.832078+04","merchant_sample",85.0000,1000.00,90000.00,443,100.000,2,84.9000,91.0000,NULL,NULL
227,"2026-09-15 09:14:58.833056+04","merchant_sample",85.0000,1000.00,90000.00,443,100.000,2,84.9000,91.2900,NULL,NULL
228,"2026-09-15 09:17:58.834047+04","merchant_sample",85.0000,1000.00,90000.00,443,100.000,2,84.9000,91.2900,NULL,NULL
229,"2026-09-15 09:20:58.83483+04","merchant_sample",85.0000,1000.00,90000.00,443,100.000,2,84.9000,91.0000,NULL,NULL
230,"2026-09-15 09:23:58.835644+04","merchant_sample",85.0000,1000.00,90000.00,443,100.000,2,84.9000,91.0000,NULL,NULL
231,"2026-09-15 09:26:58.836597+04","merchant_sample",85.0000,1000.00,90000.00,443,100.000,2,84.9000,91.0000,NULL,NULL
232,"2026-09-15 09:29:58.837798+04","merchant_sample",85.0000,1000.00,90000.00,443,100.000,2,84.9000,91.0000,NULL,NULL
233,"2026-09-15 09:32:58.838684+04","merchant_sample",85.0000,1000.00,90000.00,443,100.000,2,84.9000,91.0000,NULL,NULL
234,"2026-09-15 09:35:58.839731+04","merchant_sample",85.0000,1000.00,90000.00,443,100.000,2,84.9000,91.0000,NULL,NULL
235,"2026-09-15 09:38:58.84066+04","merchant_sample",85.0000,1000.00,90000.00,443,100.000,2,84.9000,91.0000,NULL,NULL
236,"2026-09-15 09:41:58.841477+04","merchant_sample",85.0000,1000.00,90000.00,443,100.000,2,84.9000,91.3700,NULL,NULL
237,"2026-09-15 09:44:58.842573+04","merchant_sample",85.0000,1000.00,90000.00,443,100.000,2,84.9000,91.0000,NULL,NULL
238,"2026-09-15 09:47:58.843383+04","merchant_sample",85.0000,1000.00,90000.00,443,100.000,2,84.9000,91.2800,NULL,NULL
239,"2026-09-15 09:50:58.844412+04","merchant_sample",85.0000,1000.00,90000.00,443,100.000,2,84.9000,91.2800,NULL,NULL
240,"2026-09-15 09:53:58.845464+04","merchant_sample",85.0000,1000.00,90000.00,443,100.000,2,84.9000,91.0000,NULL,NULL
241,"2026-09-15 09:56:58.846496+04","merchant_sample",85.0000,1000.00,90000.00,443,100.000,2,84.9000,91.3500,NULL,NULL
242,"2026-09-15 09:59:58.847392+04","merchant_sample",85.0000,1000.00,90000.00,443,100.000,2,84.9000,91.0000,NULL,NULL
243,"2026-09-15 10:02:58.848369+04","merchant_sample",85.0000,1000.00,90000.00,443,100.000,2,84.9000,91.0000,NULL,NULL
244,"2026-09-15 10:05:58.849468+04","merchant_sample",85.0000,1000.00,90000.00,443,100.000,2,84.9000,91.0000,NULL,NULL
245,"2026-09-15 10:08:58.850584+04","merchant_sample",85.0000,1000.00,90000.00,443,100.000,3,84.5900,91.0000,NULL,NULL
246,"2026-09-15 11:41:40.385396+04","merchant_sample",85.0000,1000.00,90000.00,443,100.000,1,85.0000,91.3750,84.49560,-0.5970
247,"2026-09-15 15:50:59.86847+04","merchant_sample",85.0000,1000.00,90000.00,444,100.000,1,85.0000,91.4500,84.59501,-0.4787
248,"2026-09-15 15:53:19.868951+04","merchant_sample",85.0000,1000.00,90000.00,444,100.000,1,85.0000,91.2200,84.59600,-0.4776
249,"2026-09-15 15:55:40.4012+04","merchant_sample",85.0000,1000.00,90000.00,444,100.000,1,85.0000,91.4500,84.60262,-0.4697
250,"2026-09-15 15:58:00.385848+04","merchant_sample",85.0000,1000.00,90000.00,444,100.000,1,85.0000,91.4500,84.60273,-0.4696
251,"2026-09-15 16:00:19.873619+04","merchant_sample",85.0000,1000.00,90000.00,444,100.000,1,85.0000,91.0000,84.58843,-0.4866
252,"2026-09-15 16:02:40.407845+04","merchant_sample",85.0000,1000.00,90000.00,444,100.000,1,85.0000,91.0000,84.58931,-0.4855
253,"2026-09-15 16:05:00.400191+04","merchant_sample",85.0000,1000.00,90000.00,444,100.000,1,85.0000,91.0000,84.58743,-0.4877
254,"2026-09-15 18:18:02.55946+04","merchant_sample",85.0000,1000.00,90000.00,445,100.000,1,85.0000,91.0000,84.23658,-0.9063
255,"2026-09-15 18:20:23.069361+04","merchant_sample",85.0000,1000.00,90000.00,445,100.000,1,85.0000,91.0000,84.23125,-0.9127
256,"2026-09-15 18:22:43.080368+04","merchant_sample",85.0000,1000.00,90000.00,445,100.000,1,85.0000,91.0000,84.23140,-0.9125
257,"2026-09-15 18:25:02.565825+04","merchant_sample",85.0000,1000.00,90000.00,445,100.000,1,85.0000,90.9950,84.22831,-0.9162
258,"2026-09-15 18:27:23.081205+04","merchant_sample",85.0000,1000.00,90000.00,445,100.000,1,85.0000,91.0000,84.23477,-0.9084
259,"2026-09-15 18:29:43.072714+04","merchant_sample",85.0000,1000.00,90000.00,445,100.000,1,85.0000,90.9900,84.22576,-0.9192
260,"2026-09-15 18:32:02.5716+04","merchant_sample",85.0000,1000.00,90000.00,445,100.000,1,85.0000,91.0000,84.22852,-0.9159
261,"2026-09-15 18:34:23.076115+04","merchant_sample",85.0000,1000.00,90000.00,445,100.000,1,85.0000,91.0000,84.22073,-0.9253
262,"2026-09-15 18:36:43.088543+04","merchant_sample",85.0000,1000.00,90000.00,445,100.000,1,85.0000,91.0000,84.22213,-0.9236
263,"2026-09-15 18:39:02.581862+04","merchant_sample",85.0000,1000.00,90000.00,445,100.000,1,85.0000,90.9850,84.23078,-0.9132
264,"2026-09-15 18:41:23.10442+04","merchant_sample",85.0000,1000.00,90000.00,446,100.000,1,85.0000,91.0000,84.23445,-0.9088
265,"2026-09-15 18:43:43.122482+04","merchant_sample",85.0000,1000.00,90000.00,446,100.000,1,85.0000,91.0000,84.23469,-0.9085
266,"2026-09-15 18:46:02.599299+04","merchant_sample",85.0000,1000.00,90000.00,446,100.000,1,85.0000,91.4350,84.22836,-0.9161
267,"2026-09-15 18:48:23.122447+04","merchant_sample",85.0000,1000.00,90000.00,446,100.000,1,85.0000,91.0000,84.23346,-0.9100
268,"2026-09-15 18:50:43.144286+04","merchant_sample",85.0000,1000.00,90000.00,446,100.000,1,85.0000,91.0000,84.23166,-0.9122
269,"2026-09-15 18:53:02.616842+04","merchant_sample",85.0000,1000.00,90000.00,446,100.000,1,85.0000,91.0000,84.22725,-0.9175
270,"2026-09-15 18:55:23.13026+04","merchant_sample",85.0000,1000.00,90000.00,446,100.000,1,85.0000,91.0000,84.22425,-0.9211
271,"2026-09-15 18:57:44.141609+04","merchant_sample",85.0000,1000.00,90000.00,446,100.000,1,85.0000,91.0000,84.23191,-0.9119
272,"2026-09-15 19:00:02.635514+04","merchant_sample",85.0000,1000.00,90000.00,446,100.000,1,85.0000,91.0000,84.23498,-0.9082
273,"2026-09-15 19:02:23.167379+04","merchant_sample",85.0000,1000.00,90000.00,446,100.000,1,85.0000,91.0000,84.23624,-0.9067
274,"2026-09-15 19:04:43.145951+04","merchant_sample",85.0000,1000.00,90000.00,446,100.000,1,85.0000,91.0000,84.20782,-0.9407
275,"2026-09-15 19:07:02.650804+04","merchant_sample",85.0000,1000.00,90000.00,446,100.000,1,85.0000,91.0000,84.21673,-0.9301
276,"2026-09-15 19:09:23.169959+04","merchant_sample",85.0000,1000.00,90000.00,446,100.000,1,85.0000,91.0000,84.21408,-0.9332
277,"2026-09-15 19:11:43.027598+04","merchant_sample",85.0000,1000.00,90000.00,446,100.000,1,85.0000,90.9000,84.21100,-0.9369
278,"2026-09-15 19:14:02.669608+04","merchant_sample",85.0000,1000.00,90000.00,446,100.000,1,85.0000,90.9800,84.20650,-0.9423
279,"2026-09-15 19:16:23.195384+04","merchant_sample",85.0000,1000.00,90000.00,446,100.000,1,85.0000,90.9000,84.20055,-0.9495
280,"2026-09-15 19:18:43.19868+04","merchant_sample",85.0000,1000.00,90000.00,446,100.000,1,85.0000,91.0000,84.20907,-0.9392
281,"2026-09-15 19:21:02.686381+04","merchant_sample",85.0000,1000.00,90000.00,446,100.000,1,85.0000,91.0000,84.20264,-0.9470
282,"2026-09-15 19:23:23.200965+04","merchant_sample",85.0000,1000.00,90000.00,446,100.000,1,85.0000,91.0000,84.20991,-0.9382
283,"2026-09-15 19:25:43.19285+04","merchant_sample",85.0000,1000.00,90000.00,446,100.000,1,85.0000,91.0000,84.20434,-0.9449
284,"2026-09-15 19:28:02.704105+04","merchant_sample",85.0000,1000.00,90000.00,446,100.000,1,85.0000,91.0000,84.20510,-0.9440
285,"2026-09-15 19:30:23.301472+04","merchant_sample",85.0000,1000.00,90000.00,446,100.000,1,85.0000,91.0000,84.21150,-0.9363
286,"2026-09-15 19:32:43.228239+04","merchant_sample",85.0000,1000.00,90000.00,446,100.000,1,85.0000,90.9800,84.20717,-0.9415
287,"2026-09-15 19:35:02.708976+04","merchant_sample",85.0000,1000.00,90000.00,446,100.000,1,85.0000,91.0000,84.20755,-0.9411
288,"2026-09-15 19:37:23.229538+04","merchant_sample",85.0000,1000.00,90000.00,446,100.000,1,85.0000,90.9900,84.21296,-0.9346
289,"2026-09-15 19:39:43.206215+04","merchant_sample",85.0000,1000.00,90000.00,446,100.000,1,85.0000,90.9400,84.20857,-0.9398
290,"2026-09-15 19:42:02.713961+04","merchant_sample",85.0000,1000.00,90000.00,446,100.000,1,85.0000,91.0000,84.20664,-0.9422
291,"2026-09-15 19:44:23.234772+04","merchant_sample",85.0000,1000.00,90000.00,446,100.000,1,85.0000,90.9800,84.19860,-0.9518
292,"2026-09-15 19:46:43.234797+04","merchant_sample",85.0000,1000.00,90000.00,446,100.000,1,85.0000,91.0000,84.21029,-0.9378
293,"2026-09-15 19:49:02.718094+04","merchant_sample",85.0000,1000.00,90000.00,446,100.000,1,85.0000,91.0000,84.20964,-0.9386
294,"2026-09-15 19:51:23.21338+04","merchant_sample",85.0000,1000.00,90000.00,446,100.000,1,85.0000,91.0000,84.21398,-0.9334
295,"2026-09-15 19:53:45.33512+04","merchant_sample",85.0000,1000.00,90000.00,446,100.000,1,85.0000,91.0000,84.20665,-0.9421
296,"2026-09-15 19:56:02.723456+04","merchant_sample",85.0000,1000.00,90000.00,446,100.000,1,85.0000,91.0000,84.20732,-0.9413
297,"2026-09-15 19:58:23.252471+04","merchant_sample",85.0000,1000.00,90000.00,447,100.000,1,85.0000,91.0000,84.20975,-0.9384
298,"2026-09-15 20:00:43.245054+04","merchant_sample",85.0000,1000.00,90000.00,447,100.000,1,85.0000,91.0000,84.20036,-0.9497
299,"2026-09-15 20:03:02.727848+04","merchant_sample",85.0000,1000.00,90000.00,447,100.000,1,85.0000,90.9850,84.21109,-0.9368
300,"2026-09-15 20:05:23.291538+04","merchant_sample",85.0000,1000.00,90000.00,447,100.000,1,85.0000,90.9850,84.23468,-0.9086
301,"2026-09-15 20:07:43.384941+04","merchant_sample",85.0000,1000.00,90000.00,447,100.000,1,85.0000,91.0000,84.21385,-0.9335
302,"2026-09-15 20:10:02.733943+04","merchant_sample",85.0000,1000.00,90000.00,447,100.000,1,85.0000,91.0000,84.23014,-0.9140
303,"2026-09-15 20:12:23.307527+04","merchant_sample",85.0000,1000.00,90000.00,447,100.000,1,85.0000,91.1000,84.21557,-0.9315
304,"2026-09-15 20:14:43.280247+04","merchant_sample",85.0000,1000.00,90000.00,447,100.000,1,85.0000,91.0000,84.20892,-0.9394
305,"2026-09-15 20:17:02.737915+04","merchant_sample",85.0000,1000.00,90000.00,447,100.000,1,85.0000,91.0000,84.20625,-0.9426
306,"2026-09-15 20:19:23.437823+04","merchant_sample",85.0000,1000.00,90000.00,447,100.000,1,85.0000,91.0000,84.20596,-0.9430
307,"2026-09-15 20:21:43.279346+04","merchant_sample",85.0000,1000.00,90000.00,447,100.000,1,85.0000,91.0000,84.21272,-0.9349
308,"2026-09-15 20:24:02.744162+04","merchant_sample",85.0000,1000.00,90000.00,447,100.000,1,85.0000,91.0000,84.20274,-0.9468
309,"2026-09-15 20:26:23.175551+04","merchant_sample",85.0000,1000.00,90000.00,447,100.000,1,85.0000,91.0000,84.20684,-0.9419
310,"2026-09-15 20:28:43.314558+04","merchant_sample",85.0000,1000.00,90000.00,447,100.000,1,85.0000,91.0000,84.21007,-0.9380
311,"2026-09-15 20:31:02.75225+04","merchant_sample",85.0000,1000.00,90000.00,447,100.000,1,85.0000,91.0000,84.20839,-0.9401
312,"2026-09-15 20:33:23.246321+04","merchant_sample",85.0000,1000.00,90000.00,447,100.000,1,85.0000,91.4450,84.21342,-0.9340
313,"2026-09-15 20:35:43.300672+04","merchant_sample",85.0000,1000.00,90000.00,447,100.000,1,85.0000,91.5250,84.20554,-0.9435
314,"2026-09-15 20:38:02.762831+04","merchant_sample",85.0000,1000.00,90000.00,447,100.000,1,85.0000,91.9000,84.20833,-0.9401
315,"2026-09-15 20:40:23.319713+04","merchant_sample",85.0000,1000.00,90000.00,447,100.000,2,84.5000,91.5250,84.20689,-0.9419
316,"2026-09-15 20:42:43.318502+04","merchant_sample",85.0000,1000.00,90000.00,447,100.000,1,85.0000,91.9000,84.21650,-0.9303
317,"2026-09-15 20:45:02.781368+04","merchant_sample",85.0000,1000.00,90000.00,447,100.000,1,85.0000,91.5000,84.21056,-0.9375
318,"2026-09-15 20:47:23.292253+04","merchant_sample",85.0000,1000.00,90000.00,447,100.000,1,85.0000,91.9400,84.20678,-0.9420
319,"2026-09-15 20:49:43.302809+04","merchant_sample",85.0000,1000.00,90000.00,447,100.000,1,85.0000,91.9400,84.20912,-0.9392
320,"2026-09-15 20:52:02.799352+04","merchant_sample",85.0000,1000.00,90000.00,447,100.000,1,85.0000,92.0000,84.21869,-0.9277
321,"2026-09-15 20:54:23.306067+04","merchant_sample",85.0000,1000.00,90000.00,447,100.000,1,85.0000,92.0000,84.20976,-0.9384
322,"2026-09-15 20:56:43.324589+04","merchant_sample",85.0000,1000.00,90000.00,447,100.000,1,85.0000,91.9400,84.22131,-0.9246
323,"2026-09-15 20:59:02.815537+04","merchant_sample",85.0000,1000.00,90000.00,447,100.000,1,85.0000,91.9900,84.21141,-0.9364
324,"2026-09-15 21:01:23.340173+04","merchant_sample",85.0000,1000.00,90000.00,447,100.000,1,85.0000,92.0000,84.20160,-0.9482
325,"2026-09-15 21:03:43.322541+04","merchant_sample",85.0000,1000.00,90000.00,447,100.000,1,85.0000,92.0000,84.23612,-0.9068
326,"2026-09-15 21:06:02.823126+04","merchant_sample",85.0000,1000.00,90000.00,447,100.000,1,85.0000,92.0000,84.20580,-0.9432
327,"2026-09-15 21:08:23.339744+04","merchant_sample",85.0000,1000.00,90000.00,447,100.000,1,85.0000,92.0000,84.20704,-0.9417
328,"2026-09-15 21:10:43.326608+04","merchant_sample",85.0000,1000.00,90000.00,447,100.000,3,76.2700,92.0000,84.21019,-0.9379
329,"2026-09-15 21:13:02.824615+04","merchant_sample",85.0000,1000.00,90000.00,447,100.000,1,85.0000,92.0000,84.20764,-0.9410
330,"2026-09-15 21:15:24.357979+04","merchant_sample",85.0000,1000.00,90000.00,447,100.000,1,85.0000,92.0000,84.21081,-0.9372
331,"2026-09-15 21:17:43.337219+04","merchant_sample",85.0000,1000.00,90000.00,447,100.000,1,85.0000,92.1100,84.20464,-0.9446
332,"2026-09-15 21:20:02.829854+04","merchant_sample",85.0000,1000.00,90000.00,447,100.000,1,85.0000,92.0000,84.21371,-0.9337
333,"2026-09-15 21:22:23.335489+04","merchant_sample",85.0000,1000.00,90000.00,447,100.000,1,85.0000,92.0000,84.21386,-0.9335
334,"2026-09-15 21:24:43.355824+04","merchant_sample",85.0000,1000.00,90000.00,447,100.000,1,85.0000,92.0000,84.20776,-0.9408
335,"2026-09-15 21:27:02.834951+04","merchant_sample",85.0000,1000.00,90000.00,447,100.000,1,85.0000,92.0000,84.21013,-0.9380
336,"2026-09-15 21:29:23.355436+04","merchant_sample",85.0000,1000.00,90000.00,447,100.000,1,85.0000,92.0000,84.21141,-0.9364
337,"2026-09-15 21:31:43.350629+04","merchant_sample",85.0000,1000.00,90000.00,447,100.000,1,85.0000,92.0000,84.20365,-0.9457
338,"2026-09-15 21:34:02.840693+04","merchant_sample",85.0000,1000.00,90000.00,447,100.000,1,85.0000,92.0000,84.21044,-0.9376
339,"2026-09-15 21:36:23.342673+04","merchant_sample",85.0000,1000.00,90000.00,447,100.000,1,85.0000,92.0000,84.20011,-0.9500
340,"2026-09-15 21:38:43.351737+04","merchant_sample",85.0000,1000.00,90000.00,447,100.000,1,85.0000,92.0000,84.20491,-0.9442
341,"2026-09-15 21:41:02.844121+04","merchant_sample",85.0000,1000.00,90000.00,447,100.000,2,84.9000,92.0000,84.20468,-0.9445
342,"2026-09-15 21:43:23.35762+04","merchant_sample",85.0000,1000.00,90000.00,447,100.000,1,85.0000,92.0000,84.20480,-0.9444
343,"2026-09-15 21:45:43.369881+04","merchant_sample",85.0000,1000.00,90000.00,447,100.000,1,85.0000,92.0000,84.21259,-0.9350
344,"2026-09-15 21:48:02.849446+04","merchant_sample",85.0000,1000.00,90000.00,447,100.000,2,84.5000,92.0000,84.21301,-0.9345
345,"2026-09-15 21:50:23.341296+04","merchant_sample",85.0000,1000.00,90000.00,447,100.000,3,84.5000,92.0000,84.21062,-0.9374
346,"2026-09-15 21:52:43.347656+04","merchant_sample",85.0000,1000.00,90000.00,447,100.000,2,84.5000,91.9800,84.21215,-0.9356
347,"2026-09-15 21:55:02.853047+04","merchant_sample",85.0000,1000.00,90000.00,447,100.000,2,84.5000,92.0000,84.19922,-0.9511
348,"2026-09-15 21:57:23.378541+04","merchant_sample",85.0000,1000.00,90000.00,448,100.000,2,84.5000,92.0000,84.21132,-0.9365
349,"2026-09-15 21:59:43.362237+04","merchant_sample",85.0000,1000.00,90000.00,448,100.000,2,84.5000,92.0000,84.20569,-0.9433
350,"2026-09-15 22:02:02.862884+04","merchant_sample",85.0000,1000.00,90000.00,448,100.000,2,84.5000,92.0000,84.20794,-0.9406
351,"2026-09-15 22:04:23.370614+04","merchant_sample",85.0000,1000.00,90000.00,448,100.000,2,84.5000,92.0000,84.24102,-0.9010
352,"2026-09-15 22:06:43.366976+04","merchant_sample",85.0000,1000.00,90000.00,448,100.000,2,84.5000,92.0000,84.21292,-0.9346
353,"2026-09-15 22:09:02.867702+04","merchant_sample",85.0000,1000.00,90000.00,448,100.000,2,84.5000,92.0000,84.20634,-0.9425
354,"2026-09-15 22:11:23.381361+04","merchant_sample",85.0000,1000.00,90000.00,448,100.000,2,84.5000,92.0000,84.20374,-0.9456
355,"2026-09-15 22:13:43.36727+04","merchant_sample",85.0000,1000.00,90000.00,448,100.000,2,84.5000,92.0000,84.20617,-0.9427
356,"2026-09-15 22:16:02.873225+04","merchant_sample",85.0000,1000.00,90000.00,448,100.000,2,84.5000,92.0000,84.20575,-0.9432
357,"2026-09-15 22:18:24.108457+04","merchant_sample",85.0000,1000.00,90000.00,448,100.000,2,84.5000,92.0000,84.21036,-0.9377
358,"2026-09-15 22:20:43.600791+04","merchant_sample",85.0000,1000.00,90000.00,448,100.000,2,84.5000,92.0000,84.20204,-0.9477
359,"2026-09-15 22:23:02.886625+04","merchant_sample",85.0000,1000.00,90000.00,448,100.000,2,84.5000,92.0000,84.21170,-0.9361
360,"2026-09-15 22:25:23.586876+04","merchant_sample",85.0000,1000.00,90000.00,448,100.000,2,84.5000,92.0000,84.20840,-0.9400
361,"2026-09-15 22:27:43.579846+04","merchant_sample",85.0000,1000.00,90000.00,448,100.000,2,84.5000,92.0000,84.20573,-0.9432
362,"2026-09-15 22:30:02.895798+04","merchant_sample",85.0000,1000.00,90000.00,448,100.000,2,84.5000,92.0000,84.21026,-0.9378
363,"2026-09-15 22:32:23.574017+04","merchant_sample",85.0000,1000.00,90000.00,448,100.000,2,84.5000,92.0000,84.21339,-0.9341
364,"2026-09-15 22:34:43.583279+04","merchant_sample",85.0000,1000.00,90000.00,448,100.000,2,84.5000,92.1100,84.20386,-0.9455
365,"2026-09-15 22:37:02.91063+04","merchant_sample",85.0000,1000.00,90000.00,448,100.000,2,84.5000,92.3000,84.21517,-0.9319
366,"2026-09-15 22:39:23.613431+04","merchant_sample",85.0000,1000.00,90000.00,448,100.000,2,84.5000,92.0000,84.20589,-0.9431
367,"2026-09-15 22:41:43.623509+04","merchant_sample",85.0000,1000.00,90000.00,448,100.000,2,84.5000,92.3000,84.21609,-0.9308
368,"2026-09-15 22:44:02.920233+04","merchant_sample",85.0000,1000.00,90000.00,448,100.000,2,84.5000,92.2200,84.21186,-0.9359
369,"2026-09-15 22:46:23.612544+04","merchant_sample",85.0000,1000.00,90000.00,448,100.000,2,84.5000,92.3000,84.21599,-0.9310
370,"2026-09-15 22:48:43.612414+04","merchant_sample",85.0000,1000.00,90000.00,448,100.000,2,84.5000,92.3000,84.21104,-0.9369
371,"2026-09-15 22:51:02.928223+04","merchant_sample",85.0000,1000.00,90000.00,448,100.000,1,85.0000,92.3000,84.20243,-0.9472
372,"2026-09-15 22:53:23.655609+04","merchant_sample",85.0000,1000.00,90000.00,448,100.000,1,85.0000,92.4800,84.20932,-0.9389
373,"2026-09-15 22:55:43.61376+04","merchant_sample",85.0000,1000.00,90000.00,448,100.000,2,84.9000,92.3800,84.20514,-0.9440
374,"2026-09-15 22:58:02.941921+04","merchant_sample",85.0000,1000.00,90000.00,448,100.000,1,85.0000,92.4000,84.20846,-0.9400
375,"2026-09-15 23:00:23.66151+04","merchant_sample",85.0000,1000.00,90000.00,448,100.000,1,85.0000,92.4400,84.20954,-0.9387
376,"2026-09-15 23:02:43.984444+04","merchant_sample",85.0000,1000.00,90000.00,448,100.000,1,85.0000,92.3800,84.19936,-0.9509
377,"2026-09-15 23:05:02.94058+04","merchant_sample",85.0000,1000.00,90000.00,448,100.000,1,85.0000,92.5000,84.21074,-0.9372
378,"2026-09-15 23:07:23.542805+04","merchant_sample",85.0000,1000.00,90000.00,448,100.000,1,85.0000,92.5000,84.20869,-0.9397
379,"2026-09-15 23:09:43.505854+04","merchant_sample",85.0000,1000.00,90000.00,448,100.000,1,85.0000,92.4900,84.21630,-0.9306
380,"2026-09-15 23:12:02.945332+04","merchant_sample",85.0000,1000.00,90000.00,448,100.000,1,85.0000,92.4900,84.21008,-0.9380
381,"2026-09-15 23:14:23.474605+04","merchant_sample",85.0000,1000.00,90000.00,448,100.000,1,85.0000,92.5000,84.20502,-0.9441
382,"2026-09-15 23:16:43.482772+04","merchant_sample",85.0000,1000.00,90000.00,448,100.000,1,85.0000,92.4800,84.20585,-0.9431
383,"2026-09-15 23:19:02.95346+04","merchant_sample",85.0000,1000.00,90000.00,448,100.000,1,85.0000,92.5000,84.20921,-0.9391
384,"2026-09-15 23:21:23.452355+04","merchant_sample",85.0000,1000.00,90000.00,448,100.000,1,85.0000,92.4000,84.21026,-0.9378
385,"2026-09-15 23:23:43.734414+04","merchant_sample",85.0000,1000.00,90000.00,448,100.000,1,85.0000,92.3000,84.21062,-0.9374
386,"2026-09-15 23:26:02.956216+04","merchant_sample",85.0000,1000.00,90000.00,448,100.000,1,85.0000,92.0000,84.21399,-0.9333
387,"2026-09-15 23:28:23.453612+04","merchant_sample",85.0000,1000.00,90000.00,448,100.000,1,85.0000,92.0000,84.21061,-0.9374
388,"2026-09-15 23:30:43.459582+04","merchant_sample",85.0000,1000.00,90000.00,448,100.000,1,85.0000,92.0000,84.20232,-0.9473
389,"2026-09-15 23:33:02.963179+04","merchant_sample",85.0000,1000.00,90000.00,448,100.000,1,85.0000,92.0000,84.21107,-0.9368
390,"2026-09-15 23:35:23.456922+04","merchant_sample",85.0000,1000.00,90000.00,448,100.000,1,85.0000,92.3000,84.20729,-0.9414
391,"2026-09-15 23:37:43.484424+04","merchant_sample",85.0000,1000.00,90000.00,448,100.000,1,85.0000,92.0000,84.20742,-0.9412
392,"2026-09-15 23:40:02.9684+04","merchant_sample",85.0000,1000.00,90000.00,448,100.000,1,85.0000,92.0000,84.20893,-0.9394
393,"2026-09-15 23:42:23.48582+04","merchant_sample",85.0000,1000.00,90000.00,448,100.000,1,85.0000,92.0000,84.20902,-0.9393
394,"2026-09-15 23:44:43.475137+04","merchant_sample",85.0000,1000.00,90000.00,448,100.000,1,85.0000,92.0000,84.21001,-0.9381
395,"2026-09-15 23:47:02.97406+04","merchant_sample",85.0000,1000.00,90000.00,448,100.000,1,85.0000,92.0000,84.20713,-0.9416
396,"2026-09-15 23:49:23.482152+04","merchant_sample",85.0000,1000.00,90000.00,449,100.000,1,85.0000,91.9900,84.20851,-0.9399
397,"2026-09-15 23:51:43.503337+04","merchant_sample",85.0000,1000.00,90000.00,449,100.000,1,85.0000,92.0000,84.21238,-0.9353
398,"2026-09-15 23:54:02.976875+04","merchant_sample",85.0000,1000.00,90000.00,449,100.000,1,85.0000,91.9000,84.20287,-0.9467
399,"2026-09-15 23:56:23.489756+04","merchant_sample",85.0000,1000.00,90000.00,449,100.000,1,85.0000,91.9900,84.21638,-0.9305
400,"2026-09-15 23:58:43.478155+04","merchant_sample",85.0000,1000.00,90000.00,449,100.000,1,85.0000,91.9950,84.20895,-0.9394
401,"2026-09-16 00:01:02.984546+04","merchant_sample",85.0000,1000.00,90000.00,449,100.000,1,85.0000,91.9800,84.21434,-0.9329
402,"2026-09-16 00:03:23.499129+04","merchant_sample",85.0000,1000.00,90000.00,449,100.000,1,85.0000,92.0000,84.20477,-0.9444
403,"2026-09-16 00:05:43.499902+04","merchant_sample",85.0000,1000.00,90000.00,449,100.000,1,85.0000,91.9800,84.19923,-0.9510
404,"2026-09-16 00:08:02.989557+04","merchant_sample",85.0000,1000.00,90000.00,449,100.000,1,85.0000,91.8400,84.21604,-0.9309
405,"2026-09-16 00:10:23.489569+04","merchant_sample",85.0000,1000.00,90000.00,449,100.000,1,85.0000,91.9850,84.20886,-0.9395
406,"2026-09-16 00:12:43.526397+04","merchant_sample",85.0000,1000.00,90000.00,449,100.000,1,85.0000,91.9000,84.21224,-0.9354
407,"2026-09-16 00:15:02.996633+04","merchant_sample",85.0000,1000.00,90000.00,449,100.000,1,85.0000,91.5000,84.19817,-0.9523
408,"2026-09-16 00:17:23.780123+04","merchant_sample",85.0000,1000.00,90000.00,449,100.000,1,85.0000,91.9400,84.21335,-0.9341
409,"2026-09-16 00:19:43.468663+04","merchant_sample",85.0000,1000.00,90000.00,449,100.000,1,85.0000,91.9900,84.20052,-0.9495
410,"2026-09-16 00:22:02.999476+04","merchant_sample",85.0000,1000.00,90000.00,449,100.000,1,85.0000,91.9800,84.20880,-0.9396
411,"2026-09-16 00:24:23.993845+04","merchant_sample",85.0000,1000.00,90000.00,449,100.000,1,85.0000,91.9000,84.19401,-0.9573
412,"2026-09-16 00:26:43.957777+04","merchant_sample",85.0000,1000.00,90000.00,449,100.000,1,85.0000,91.2000,84.19623,-0.9546
413,"2026-09-16 00:29:03.013547+04","merchant_sample",85.0000,1000.00,90000.00,449,100.000,1,85.0000,91.0000,84.20382,-0.9455
414,"2026-09-16 00:31:23.685675+04","merchant_sample",85.0000,1000.00,90000.00,449,100.000,1,85.0000,90.9900,84.20602,-0.9429
415,"2026-09-16 00:33:43.878294+04","merchant_sample",85.0000,1000.00,90000.00,449,100.000,1,85.0000,91.0000,84.20147,-0.9484
416,"2026-09-16 00:36:03.01711+04","merchant_sample",85.0000,1000.00,90000.00,449,100.000,1,85.0000,91.0000,84.19600,-0.9549
417,"2026-09-16 00:38:23.701338+04","merchant_sample",85.0000,1000.00,90000.00,449,100.000,1,85.0000,91.0000,84.20656,-0.9423
418,"2026-09-16 00:40:43.925363+04","merchant_sample",85.0000,1000.00,90000.00,449,100.000,1,85.0000,91.0000,84.19824,-0.9522
419,"2026-09-16 00:43:03.021952+04","merchant_sample",85.0000,1000.00,90000.00,449,100.000,1,85.0000,90.9950,84.21127,-0.9366
420,"2026-09-16 00:45:23.882373+04","merchant_sample",85.0000,1000.00,90000.00,449,100.000,1,85.0000,91.0000,84.20855,-0.9399
421,"2026-09-16 00:47:44.06224+04","merchant_sample",85.0000,1000.00,90000.00,449,100.000,1,85.0000,91.0000,84.20057,-0.9494
422,"2026-09-16 00:50:03.028038+04","merchant_sample",85.0000,1000.00,90000.00,449,100.000,1,85.0000,91.0000,84.19798,-0.9525
423,"2026-09-16 00:52:23.832105+04","merchant_sample",85.0000,1000.00,90000.00,449,100.000,1,85.0000,90.9000,84.20883,-0.9395
424,"2026-09-16 00:54:43.847199+04","merchant_sample",85.0000,1000.00,90000.00,449,100.000,1,85.0000,90.9000,84.20558,-0.9434
425,"2026-09-16 00:57:03.03344+04","merchant_sample",85.0000,1000.00,90000.00,449,100.000,1,85.0000,90.9000,84.20778,-0.9408
426,"2026-09-16 00:59:23.814859+04","merchant_sample",85.0000,1000.00,90000.00,449,100.000,1,85.0000,90.9000,84.20133,-0.9485
427,"2026-09-16 01:01:43.713393+04","merchant_sample",85.0000,1000.00,90000.00,449,100.000,1,85.0000,90.9150,84.20074,-0.9492
428,"2026-09-16 01:04:03.038048+04","merchant_sample",85.0000,1000.00,90000.00,449,100.000,1,85.0000,90.9000,84.23878,-0.9036
429,"2026-09-16 01:06:23.629013+04","merchant_sample",85.0000,1000.00,90000.00,449,100.000,1,85.0000,90.9900,84.22581,-0.9192
430,"2026-09-16 01:08:44.103634+04","merchant_sample",85.0000,1000.00,90000.00,449,100.000,1,85.0000,90.9400,84.20866,-0.9397
431,"2026-09-16 01:11:03.043333+04","merchant_sample",85.0000,1000.00,90000.00,449,100.000,1,85.0000,90.9000,84.22536,-0.9197
432,"2026-09-16 01:13:24.025095+04","merchant_sample",85.0000,1000.00,90000.00,449,100.000,1,85.0000,90.5000,84.21339,-0.9341
433,"2026-09-16 01:15:43.882739+04","merchant_sample",85.0000,1000.00,90000.00,449,100.000,1,85.0000,90.6000,84.20955,-0.9387
434,"2026-09-16 01:18:03.047945+04","merchant_sample",85.0000,1000.00,90000.00,449,100.000,1,85.0000,90.8500,84.20880,-0.9396
435,"2026-09-16 01:20:23.748248+04","merchant_sample",85.0000,1000.00,90000.00,449,100.000,1,85.0000,90.9000,84.22141,-0.9245
436,"2026-09-16 01:22:44.001751+04","merchant_sample",85.0000,1000.00,90000.00,449,100.000,1,85.0000,90.9000,84.21413,-0.9332
437,"2026-09-16 01:25:03.052431+04","merchant_sample",85.0000,1000.00,90000.00,449,100.000,1,85.0000,90.9000,84.20876,-0.9396
438,"2026-09-16 01:27:23.76731+04","merchant_sample",85.0000,1000.00,90000.00,449,100.000,1,85.0000,90.5600,84.21205,-0.9357
439,"2026-09-16 01:29:43.912813+04","merchant_sample",85.0000,1000.00,90000.00,449,100.000,1,85.0000,90.8000,84.21834,-0.9281
440,"2026-09-16 01:32:03.056951+04","merchant_sample",85.0000,1000.00,90000.00,449,100.000,1,85.0000,90.8000,84.20309,-0.9464
441,"2026-09-16 01:34:23.920301+04","merchant_sample",85.0000,1000.00,90000.00,449,100.000,1,85.0000,90.8500,84.24461,-0.8967
442,"2026-09-16 01:36:43.94778+04","merchant_sample",85.0000,1000.00,90000.00,449,100.000,1,85.0000,90.9000,84.21431,-0.9330
443,"2026-09-16 01:39:03.063972+04","merchant_sample",85.0000,1000.00,90000.00,449,100.000,1,85.0000,90.9200,84.20754,-0.9411
444,"2026-09-16 01:41:23.801236+04","merchant_sample",85.0000,1000.00,90000.00,449,100.000,1,85.0000,90.9000,84.21206,-0.9357
445,"2026-09-16 01:43:43.905387+04","merchant_sample",85.0000,1000.00,90000.00,449,100.000,1,85.0000,90.9000,84.21355,-0.9339
446,"2026-09-16 01:46:03.066827+04","merchant_sample",85.0000,1000.00,90000.00,449,100.000,1,85.0000,90.9000,84.21136,-0.9365
447,"2026-09-16 01:48:24.022687+04","merchant_sample",85.0000,1000.00,90000.00,449,100.000,1,85.0000,90.9000,84.21353,-0.9339
448,"2026-09-16 01:50:43.64634+04","merchant_sample",85.0000,1000.00,90000.00,449,100.000,1,85.0000,90.7650,84.21513,-0.9320
449,"2026-09-16 01:53:03.072996+04","merchant_sample",85.0000,1000.00,90000.00,449,100.000,1,85.0000,90.9000,84.21444,-0.9328
450,"2026-09-16 01:55:23.973168+04","merchant_sample",85.0000,1000.00,90000.00,449,100.000,1,85.0000,90.8500,84.20211,-0.9476
451,"2026-09-16 01:57:43.953315+04","merchant_sample",85.0000,1000.00,90000.00,449,100.000,1,85.0000,90.9800,84.21475,-0.9324
452,"2026-09-16 02:00:03.076046+04","merchant_sample",85.0000,1000.00,90000.00,449,100.000,1,85.0000,90.9000,84.19533,-0.9557
453,"2026-09-16 02:02:23.78474+04","merchant_sample",85.0000,1000.00,90000.00,449,100.000,1,85.0000,90.9950,84.19675,-0.9540
454,"2026-09-16 02:04:43.918086+04","merchant_sample",85.0000,1000.00,90000.00,449,100.000,1,85.0000,90.9600,84.20328,-0.9462
455,"2026-09-16 02:07:03.082099+04","merchant_sample",85.0000,1000.00,90000.00,449,100.000,1,85.0000,90.9000,84.19774,-0.9528
456,"2026-09-16 02:09:23.749618+04","merchant_sample",85.0000,1000.00,90000.00,449,100.000,1,85.0000,90.8000,84.20478,-0.9444
457,"2026-09-16 02:11:43.519607+04","merchant_sample",85.0000,1000.00,90000.00,450,100.000,1,85.0000,90.8000,84.20704,-0.9417
458,"2026-09-16 02:14:03.088785+04","merchant_sample",85.0000,1000.00,90000.00,450,100.000,1,85.0000,90.8500,84.21127,-0.9366
459,"2026-09-16 02:16:23.903646+04","merchant_sample",85.0000,1000.00,90000.00,450,100.000,1,85.0000,90.9000,84.19749,-0.9531
460,"2026-09-16 02:18:44.144586+04","merchant_sample",85.0000,1000.00,90000.00,450,100.000,1,85.0000,90.8000,84.19935,-0.9509
461,"2026-09-16 02:21:03.092793+04","merchant_sample",85.0000,1000.00,90000.00,450,100.000,1,85.0000,90.7650,84.19346,-0.9580
462,"2026-09-16 02:23:24.043777+04","merchant_sample",85.0000,1000.00,90000.00,450,100.000,1,85.0000,90.7650,84.20732,-0.9413
463,"2026-09-16 02:25:44.087244+04","merchant_sample",85.0000,1000.00,90000.00,450,100.000,1,85.0000,90.6200,84.20154,-0.9483
464,"2026-09-16 02:28:03.100012+04","merchant_sample",85.0000,1000.00,90000.00,450,100.000,1,85.0000,90.6000,84.20271,-0.9469
465,"2026-09-16 02:30:23.839088+04","merchant_sample",85.0000,1000.00,90000.00,450,100.000,1,85.0000,90.6400,84.20466,-0.9445
466,"2026-09-16 02:32:44.354745+04","merchant_sample",85.0000,1000.00,90000.00,450,100.000,1,85.0000,90.8000,84.20625,-0.9426
467,"2026-09-16 02:35:03.104596+04","merchant_sample",85.0000,1000.00,90000.00,450,100.000,1,85.0000,90.8000,84.20707,-0.9416
468,"2026-09-16 02:37:24.009132+04","merchant_sample",85.0000,1000.00,90000.00,450,100.000,2,84.9900,90.6000,84.20424,-0.9450
469,"2026-09-16 02:39:43.72975+04","merchant_sample",85.0000,1000.00,90000.00,450,100.000,2,84.9900,90.1000,84.20556,-0.9435
470,"2026-09-16 02:42:03.110576+04","merchant_sample",85.0000,1000.00,90000.00,450,100.000,2,84.9900,90.0500,84.20430,-0.9450
471,"2026-09-16 02:44:24.038002+04","merchant_sample",85.0000,1000.00,90000.00,450,100.000,2,84.9900,90.1000,84.20172,-0.9481
472,"2026-09-16 02:46:43.912266+04","merchant_sample",85.0000,1000.00,90000.00,450,100.000,1,85.0000,90.5200,84.20765,-0.9409
473,"2026-09-16 02:49:03.114573+04","merchant_sample",85.0000,1000.00,90000.00,450,100.000,1,85.0000,90.1000,84.20571,-0.9433
474,"2026-09-16 02:51:23.975415+04","merchant_sample",85.0000,1000.00,90000.00,450,100.000,1,85.0000,90.6650,84.20267,-0.9469
475,"2026-09-16 02:53:43.788218+04","merchant_sample",85.0000,1000.00,90000.00,450,100.000,1,85.0000,90.8000,84.21399,-0.9333
476,"2026-09-16 02:56:03.121198+04","merchant_sample",85.0000,1000.00,90000.00,450,100.000,1,85.0000,90.9600,84.20273,-0.9468
477,"2026-09-16 02:58:23.958148+04","merchant_sample",85.0000,1000.00,90000.00,450,100.000,1,85.0000,90.9600,84.20644,-0.9424
478,"2026-09-16 03:00:43.929003+04","merchant_sample",85.0000,1000.00,90000.00,450,100.000,1,85.0000,90.8000,84.20148,-0.9483
479,"2026-09-16 03:03:03.125423+04","merchant_sample",85.0000,1000.00,90000.00,450,100.000,1,85.0000,90.8500,84.21686,-0.9299
480,"2026-09-16 03:05:23.985549+04","merchant_sample",85.0000,1000.00,90000.00,450,100.000,1,85.0000,90.8000,84.21189,-0.9359
481,"2026-09-16 03:07:43.882471+04","merchant_sample",85.0000,1000.00,90000.00,450,100.000,1,85.0000,90.7750,84.21613,-0.9308
482,"2026-09-16 03:10:03.13089+04","merchant_sample",85.0000,1000.00,90000.00,450,100.000,1,85.0000,90.8000,84.21798,-0.9286
483,"2026-09-16 03:12:23.937066+04","merchant_sample",85.0000,1000.00,90000.00,450,100.000,1,85.0000,90.8000,84.21425,-0.9330
484,"2026-09-16 03:14:43.871513+04","merchant_sample",85.0000,1000.00,90000.00,450,100.000,1,85.0000,90.8500,84.21365,-0.9338
485,"2026-09-16 03:17:03.136962+04","merchant_sample",85.0000,1000.00,90000.00,450,100.000,2,84.9900,90.9000,84.20557,-0.9434
486,"2026-09-16 03:19:23.947323+04","merchant_sample",85.0000,1000.00,90000.00,450,100.000,1,85.0000,90.9600,84.20543,-0.9436
487,"2026-09-16 03:21:43.875206+04","merchant_sample",85.0000,1000.00,90000.00,450,100.000,2,84.9900,90.9200,84.21042,-0.9376
488,"2026-09-16 03:24:03.141589+04","merchant_sample",85.0000,1000.00,90000.00,450,100.000,2,84.9900,91.0000,84.21845,-0.9280
489,"2026-09-16 03:26:24.109251+04","merchant_sample",85.0000,1000.00,90000.00,450,100.000,2,84.9900,91.0000,84.21035,-0.9377
490,"2026-09-16 03:28:44.164232+04","merchant_sample",85.0000,1000.00,90000.00,450,100.000,2,84.9900,90.9700,84.21789,-0.9287
491,"2026-09-16 03:31:03.146775+04","merchant_sample",85.0000,1000.00,90000.00,450,100.000,2,84.9900,91.0000,84.21206,-0.9357
492,"2026-09-16 03:33:24.181779+04","merchant_sample",85.0000,1000.00,90000.00,450,100.000,2,84.9800,91.0000,84.20801,-0.9405
493,"2026-09-16 03:35:43.860007+04","merchant_sample",85.0000,1000.00,90000.00,450,100.000,1,85.0000,91.0000,84.21222,-0.9355
494,"2026-09-16 03:38:03.149834+04","merchant_sample",85.0000,1000.00,90000.00,450,100.000,1,85.0000,90.9000,84.20793,-0.9406
495,"2026-09-16 03:40:24.111898+04","merchant_sample",85.0000,1000.00,90000.00,450,100.000,1,85.0000,91.0000,84.21213,-0.9356
496,"2026-09-16 03:42:43.90673+04","merchant_sample",85.0000,1000.00,90000.00,450,100.000,2,84.9700,90.7400,84.21079,-0.9372
497,"2026-09-16 03:45:03.155141+04","merchant_sample",85.0000,1000.00,90000.00,450,100.000,1,85.0000,90.9400,84.21044,-0.9376
498,"2026-09-16 03:47:23.978895+04","merchant_sample",85.0000,1000.00,90000.00,450,100.000,2,84.9700,91.0000,84.21018,-0.9379
499,"2026-09-16 03:49:43.998394+04","merchant_sample",85.0000,1000.00,90000.00,450,100.000,2,84.9700,90.9700,84.20660,-0.9422
500,"2026-09-16 03:52:03.159722+04","merchant_sample",85.0000,1000.00,90000.00,450,100.000,1,85.0000,91.0000,84.20200,-0.9477
501,"2026-09-16 03:54:23.753983+04","merchant_sample",85.0000,1000.00,90000.00,450,100.000,1,85.0000,91.0000,84.21014,-0.9380
502,"2026-09-16 03:56:44.007216+04","merchant_sample",85.0000,1000.00,90000.00,450,100.000,1,85.0000,91.0000,84.20936,-0.9389
503,"2026-09-16 03:59:03.165116+04","merchant_sample",85.0000,1000.00,90000.00,450,100.000,2,84.9900,91.0000,84.20702,-0.9417
504,"2026-09-16 04:01:24.923533+04","merchant_sample",85.0000,1000.00,90000.00,450,100.000,2,84.9900,91.0000,84.20467,-0.9445
505,"2026-09-16 04:03:43.783764+04","merchant_sample",85.0000,1000.00,90000.00,450,100.000,3,84.9900,91.0000,84.20274,-0.9468
506,"2026-09-16 04:06:03.1715+04","merchant_sample",85.0000,1000.00,90000.00,450,100.000,5,84.9900,91.2500,84.20216,-0.9475
507,"2026-09-16 04:08:23.701099+04","merchant_sample",85.0000,1000.00,90000.00,450,100.000,5,84.8900,91.0000,84.19836,-0.9521
508,"2026-09-16 04:10:43.680766+04","merchant_sample",85.0000,1000.00,90000.00,450,100.000,1,85.0000,91.0000,84.19992,-0.9502
509,"2026-09-16 04:13:03.175711+04","merchant_sample",85.0000,1000.00,90000.00,450,100.000,1,85.0000,90.8000,84.20701,-0.9417
510,"2026-09-16 04:15:23.695799+04","merchant_sample",85.0000,1000.00,90000.00,450,100.000,1,85.0000,90.9200,84.20251,-0.9471
511,"2026-09-16 04:17:43.701794+04","merchant_sample",85.0000,1000.00,90000.00,450,100.000,1,85.0000,90.9000,84.20123,-0.9486
512,"2026-09-16 04:20:03.180661+04","merchant_sample",85.0000,1000.00,90000.00,450,100.000,3,84.9900,90.9200,84.19696,-0.9538
513,"2026-09-16 04:22:23.691974+04","merchant_sample",85.0000,1000.00,90000.00,450,100.000,3,84.5900,90.9000,84.21307,-0.9345
514,"2026-09-16 04:24:43.704229+04","merchant_sample",85.0000,1000.00,90000.00,450,100.000,2,84.5900,91.0000,84.20653,-0.9423
515,"2026-09-16 04:27:03.185806+04","merchant_sample",85.0000,1000.00,90000.00,450,100.000,3,84.5900,90.9200,84.20751,-0.9411
516,"2026-09-16 04:29:23.698488+04","merchant_sample",85.0000,1000.00,90000.00,450,100.000,2,84.5900,91.0000,84.21311,-0.9344
517,"2026-09-16 04:31:43.717782+04","merchant_sample",85.0000,1000.00,90000.00,450,100.000,1,85.0000,91.0000,84.20455,-0.9447
518,"2026-09-16 04:34:03.193486+04","merchant_sample",85.0000,1000.00,90000.00,450,100.000,1,85.0000,91.0000,84.21060,-0.9374
519,"2026-09-16 04:36:23.802417+04","merchant_sample",85.0000,1000.00,90000.00,450,100.000,1,85.0000,91.0000,84.20293,-0.9466
520,"2026-09-16 04:38:43.699443+04","merchant_sample",85.0000,1000.00,90000.00,450,100.000,1,85.0000,91.0000,84.22142,-0.9244
521,"2026-09-16 04:41:03.197186+04","merchant_sample",85.0000,1000.00,90000.00,450,100.000,1,85.0000,91.0000,84.21105,-0.9369
522,"2026-09-16 04:43:23.730604+04","merchant_sample",85.0000,1000.00,90000.00,450,100.000,2,83.9900,90.9200,84.21500,-0.9321
523,"2026-09-16 04:45:43.72199+04","merchant_sample",85.0000,1000.00,90000.00,431,100.000,2,84.9800,91.0000,84.20647,-0.9424
524,"2026-09-16 04:48:03.201626+04","merchant_sample",85.0000,1000.00,90000.00,431,100.000,1,85.0000,91.6000,84.20615,-0.9427
525,"2026-09-16 04:50:23.722906+04","merchant_sample",85.0000,1000.00,90000.00,431,100.000,1,85.0000,91.0000,84.21534,-0.9317
526,"2026-09-16 04:52:43.694367+04","merchant_sample",85.0000,1000.00,90000.00,431,100.000,3,84.9700,91.0000,84.20665,-0.9421
527,"2026-09-16 04:55:03.20753+04","merchant_sample",85.0000,1000.00,90000.00,431,100.000,1,85.0000,91.9000,84.20793,-0.9406
528,"2026-09-16 04:57:23.734962+04","merchant_sample",85.0000,1000.00,90000.00,431,100.000,1,85.0000,91.0000,84.21069,-0.9373
529,"2026-09-16 04:59:43.73676+04","merchant_sample",85.0000,1000.00,90000.00,431,100.000,2,84.9900,91.2900,84.20439,-0.9449
530,"2026-09-16 05:02:03.211006+04","merchant_sample",85.0000,1000.00,90000.00,431,100.000,1,85.0000,91.9000,84.20329,-0.9462
531,"2026-09-16 05:04:23.725294+04","merchant_sample",85.0000,1000.00,90000.00,431,100.000,1,85.0000,91.1450,84.20445,-0.9448
532,"2026-09-16 05:06:43.699341+04","merchant_sample",85.0000,1000.00,90000.00,431,100.000,1,85.0000,91.0000,84.21066,-0.9373
533,"2026-09-16 05:09:03.217329+04","merchant_sample",85.0000,1000.00,90000.00,431,100.000,1,85.0000,91.0000,84.21614,-0.9308
534,"2026-09-16 05:11:23.733127+04","merchant_sample",85.0000,1000.00,90000.00,431,100.000,1,85.0000,91.0000,84.20561,-0.9434
535,"2026-09-16 05:13:43.705726+04","merchant_sample",85.0000,1000.00,90000.00,431,100.000,1,85.0000,91.0000,84.20573,-0.9432
536,"2026-09-16 05:16:03.222558+04","merchant_sample",85.0000,1000.00,90000.00,431,100.000,1,85.0000,90.9750,84.20679,-0.9420
537,"2026-09-16 05:18:23.741118+04","merchant_sample",85.0000,1000.00,90000.00,431,100.000,1,85.0000,91.0000,84.21288,-0.9347
538,"2026-09-16 05:20:43.737962+04","merchant_sample",85.0000,1000.00,90000.00,431,100.000,2,84.9900,91.0000,84.21132,-0.9365
539,"2026-09-16 05:23:03.231049+04","merchant_sample",85.0000,1000.00,90000.00,431,100.000,1,85.0000,91.0000,84.21383,-0.9335
540,"2026-09-16 05:25:23.782821+04","merchant_sample",85.0000,1000.00,90000.00,431,100.000,1,85.0000,91.0000,84.21379,-0.9336
541,"2026-09-16 05:27:44.802885+04","merchant_sample",85.0000,1000.00,90000.00,431,100.000,1,85.0000,91.1450,84.20548,-0.9435
542,"2026-09-16 05:30:03.233961+04","merchant_sample",85.0000,1000.00,90000.00,431,100.000,2,84.9700,91.0000,84.21050,-0.9375
543,"2026-09-16 05:32:23.754918+04","merchant_sample",85.0000,1000.00,90000.00,431,100.000,1,85.0000,91.0000,84.21058,-0.9374
544,"2026-09-16 05:34:43.734905+04","merchant_sample",85.0000,1000.00,90000.00,431,100.000,1,85.0000,91.0000,84.21194,-0.9358
545,"2026-09-16 05:37:03.239344+04","merchant_sample",85.0000,1000.00,90000.00,431,100.000,2,84.9900,91.0000,84.21679,-0.9300
546,"2026-09-16 05:39:23.733333+04","merchant_sample",85.0000,1000.00,90000.00,431,100.000,2,84.9900,91.0000,84.20917,-0.9391
547,"2026-09-16 05:41:43.731019+04","merchant_sample",85.0000,1000.00,90000.00,431,100.000,1,85.0000,91.2900,84.21648,-0.9304
548,"2026-09-16 05:44:03.243252+04","merchant_sample",85.0000,1000.00,90000.00,431,100.000,1,85.0000,91.9000,84.20859,-0.9398
549,"2026-09-16 05:46:24.802723+04","merchant_sample",85.0000,1000.00,90000.00,431,100.000,1,85.0000,91.6950,84.21178,-0.9360
550,"2026-09-16 05:48:43.746181+04","merchant_sample",85.0000,1000.00,90000.00,431,100.000,1,85.0000,91.2900,84.21223,-0.9355
551,"2026-09-16 05:51:03.247961+04","merchant_sample",85.0000,1000.00,90000.00,431,100.000,1,85.0000,91.3950,84.20607,-0.9428
552,"2026-09-16 05:53:23.773112+04","merchant_sample",85.0000,1000.00,90000.00,432,100.000,1,85.0000,91.8950,84.22012,-0.9260
553,"2026-09-16 05:55:43.763674+04","merchant_sample",85.0000,1000.00,90000.00,433,100.000,1,85.0000,91.6950,84.21369,-0.9337
554,"2026-09-16 05:58:03.254177+04","merchant_sample",85.0000,1000.00,90000.00,433,100.000,1,85.0000,91.9000,84.20577,-0.9432
555,"2026-09-16 06:00:23.763496+04","merchant_sample",85.0000,1000.00,90000.00,433,100.000,1,85.0000,91.6950,84.21082,-0.9371
556,"2026-09-16 06:02:43.809778+04","merchant_sample",85.0000,1000.00,90000.00,433,100.000,1,85.0000,91.9900,84.20222,-0.9475
557,"2026-09-16 06:05:03.262124+04","merchant_sample",85.0000,1000.00,90000.00,433,100.000,1,85.0000,91.9000,84.20325,-0.9462
558,"2026-09-16 06:07:23.813564+04","merchant_sample",85.0000,1000.00,90000.00,433,100.000,1,85.0000,91.9900,84.20868,-0.9397
559,"2026-09-16 06:09:43.798005+04","merchant_sample",85.0000,1000.00,90000.00,433,100.000,1,85.0000,91.9000,84.20353,-0.9459
560,"2026-09-16 06:12:03.263114+04","merchant_sample",85.0000,1000.00,90000.00,433,100.000,1,85.0000,91.9400,84.22454,-0.9207
561,"2026-09-16 06:14:23.807787+04","merchant_sample",85.0000,1000.00,90000.00,433,100.000,1,85.0000,91.5000,84.20058,-0.9494
562,"2026-09-16 06:16:43.802238+04","merchant_sample",85.0000,1000.00,90000.00,433,100.000,1,85.0000,91.8950,84.21796,-0.9286
563,"2026-09-16 06:19:03.268636+04","merchant_sample",85.0000,1000.00,90000.00,433,100.000,1,85.0000,91.3950,84.20379,-0.9456
564,"2026-09-16 06:21:23.820133+04","merchant_sample",85.0000,1000.00,90000.00,433,100.000,1,85.0000,91.9400,84.21702,-0.9297
565,"2026-09-16 06:23:43.817449+04","merchant_sample",85.0000,1000.00,90000.00,433,100.000,1,85.0000,91.8900,84.21670,-0.9301
566,"2026-09-16 06:26:03.278037+04","merchant_sample",85.0000,1000.00,90000.00,433,100.000,1,85.0000,91.7950,84.20844,-0.9400
567,"2026-09-16 06:28:23.851813+04","merchant_sample",85.0000,1000.00,90000.00,433,100.000,1,85.0000,91.3950,84.21229,-0.9354
568,"2026-09-16 06:30:43.866046+04","merchant_sample",85.0000,1000.00,90000.00,433,100.000,1,85.0000,91.3950,84.20701,-0.9417
569,"2026-09-16 06:33:03.278982+04","merchant_sample",85.0000,1000.00,90000.00,433,100.000,1,85.0000,91.0000,84.21701,-0.9297
570,"2026-09-16 06:35:23.839646+04","merchant_sample",85.0000,1000.00,90000.00,433,100.000,1,85.0000,91.3950,84.20549,-0.9435
571,"2026-09-16 06:37:43.782739+04","merchant_sample",85.0000,1000.00,90000.00,433,100.000,1,85.0000,91.0000,84.20458,-0.9446
572,"2026-09-16 06:40:03.284011+04","merchant_sample",85.0000,1000.00,90000.00,433,100.000,1,85.0000,91.0000,84.21996,-0.9262
573,"2026-09-16 06:42:23.841407+04","merchant_sample",85.0000,1000.00,90000.00,433,100.000,1,85.0000,91.0000,84.20202,-0.9477
574,"2026-09-16 06:44:43.840707+04","merchant_sample",85.0000,1000.00,90000.00,433,100.000,1,85.0000,91.0000,84.20981,-0.9384
575,"2026-09-16 06:47:03.287615+04","merchant_sample",85.0000,1000.00,90000.00,433,100.000,1,85.0000,91.3950,84.21036,-0.9377
576,"2026-09-16 06:49:23.812209+04","merchant_sample",85.0000,1000.00,90000.00,433,100.000,1,85.0000,91.1450,84.21521,-0.9319
577,"2026-09-16 06:51:43.878617+04","merchant_sample",85.0000,1000.00,90000.00,433,100.000,1,85.0000,91.1450,84.20868,-0.9397
578,"2026-09-16 06:54:03.293203+04","merchant_sample",85.0000,1000.00,90000.00,433,100.000,1,85.0000,91.3950,84.20095,-0.9490
579,"2026-09-16 06:56:23.788299+04","merchant_sample",85.0000,1000.00,90000.00,433,100.000,1,85.0000,91.5000,84.21172,-0.9361
580,"2026-09-16 06:58:43.828739+04","merchant_sample",85.0000,1000.00,90000.00,433,100.000,1,85.0000,91.0000,84.20142,-0.9484
581,"2026-09-16 07:01:03.2977+04","merchant_sample",85.0000,1000.00,90000.00,433,100.000,1,85.0000,91.0000,84.20579,-0.9432
582,"2026-09-16 07:03:23.846136+04","merchant_sample",85.0000,1000.00,90000.00,433,100.000,1,85.0000,91.0000,84.21449,-0.9327
583,"2026-09-16 07:05:43.872863+04","merchant_sample",85.0000,1000.00,90000.00,433,100.000,1,85.0000,91.0000,84.21695,-0.9298
584,"2026-09-16 07:08:03.303738+04","merchant_sample",85.0000,1000.00,90000.00,433,100.000,1,85.0000,91.1450,84.20642,-0.9424
585,"2026-09-16 07:10:23.935784+04","merchant_sample",85.0000,1000.00,90000.00,433,100.000,1,85.0000,91.0000,84.20128,-0.9486
586,"2026-09-16 07:12:43.85191+04","merchant_sample",85.0000,1000.00,90000.00,433,100.000,1,85.0000,91.1450,84.20260,-0.9470
587,"2026-09-16 07:15:03.308332+04","merchant_sample",85.0000,1000.00,90000.00,433,100.000,1,85.0000,91.0000,84.21283,-0.9347
588,"2026-09-16 07:17:23.896491+04","merchant_sample",85.0000,1000.00,90000.00,433,100.000,1,85.0000,91.0000,84.20394,-0.9454
589,"2026-09-16 07:19:43.82661+04","merchant_sample",85.0000,1000.00,90000.00,433,100.000,1,85.0000,91.0000,84.21409,-0.9332
590,"2026-09-16 07:22:03.312103+04","merchant_sample",85.0000,1000.00,90000.00,433,100.000,1,85.0000,91.0000,84.20635,-0.9425
591,"2026-09-16 07:24:24.096731+04","merchant_sample",85.0000,1000.00,90000.00,433,100.000,1,85.0000,91.2900,84.20632,-0.9425
592,"2026-09-16 07:26:43.95197+04","merchant_sample",85.0000,1000.00,90000.00,433,100.000,1,85.0000,91.3950,84.20203,-0.9477
593,"2026-09-16 07:29:03.318553+04","merchant_sample",85.0000,1000.00,90000.00,433,100.000,1,85.0000,91.2900,84.20955,-0.9387
594,"2026-09-16 07:31:23.873105+04","merchant_sample",85.0000,1000.00,90000.00,433,100.000,1,85.0000,91.0000,84.20295,-0.9466
595,"2026-09-16 07:33:43.857214+04","merchant_sample",85.0000,1000.00,90000.00,433,100.000,1,85.0000,91.0000,84.20594,-0.9430
596,"2026-09-16 07:36:03.322616+04","merchant_sample",85.0000,1000.00,90000.00,433,100.000,2,84.9900,91.2900,84.21261,-0.9350
597,"2026-09-16 07:38:23.863417+04","merchant_sample",85.0000,1000.00,90000.00,433,100.000,1,85.0000,91.2900,84.20970,-0.9385
598,"2026-09-16 07:40:43.916069+04","merchant_sample",85.0000,1000.00,90000.00,433,100.000,1,85.0000,91.1450,84.21106,-0.9369
599,"2026-09-16 07:43:03.328876+04","merchant_sample",85.0000,1000.00,90000.00,433,100.000,1,85.0000,91.0000,84.21023,-0.9379
600,"2026-09-16 07:45:23.890506+04","merchant_sample",85.0000,1000.00,90000.00,433,100.000,1,85.0000,91.8900,84.21230,-0.9354
601,"2026-09-16 07:47:43.867577+04","merchant_sample",85.0000,1000.00,90000.00,433,100.000,1,85.0000,91.3950,84.20341,-0.9460
602,"2026-09-16 07:50:03.332582+04","merchant_sample",85.0000,1000.00,90000.00,433,100.000,1,85.0000,91.9800,84.20513,-0.9440
603,"2026-09-16 07:52:24.083999+04","merchant_sample",85.0000,1000.00,90000.00,433,100.000,1,85.0000,91.9000,84.21561,-0.9314
604,"2026-09-16 07:54:43.871474+04","merchant_sample",85.0000,1000.00,90000.00,433,100.000,1,85.0000,91.9000,84.20659,-0.9422
605,"2026-09-16 07:57:03.337116+04","merchant_sample",85.0000,1000.00,90000.00,433,100.000,1,85.0000,91.9400,84.21123,-0.9367
606,"2026-09-16 07:59:24.00688+04","merchant_sample",85.0000,1000.00,90000.00,433,100.000,1,85.0000,91.9000,84.21084,-0.9371
607,"2026-09-16 08:01:49.512536+04","merchant_sample",85.0000,1000.00,90000.00,433,100.000,1,85.0000,91.9000,84.20184,-0.9479
608,"2026-09-16 08:04:03.343218+04","merchant_sample",85.0000,1000.00,90000.00,433,100.000,1,85.0000,91.9000,84.21594,-0.9310
609,"2026-09-16 08:06:23.913262+04","merchant_sample",85.0000,1000.00,90000.00,433,100.000,1,85.0000,91.2900,84.20572,-0.9433
610,"2026-09-16 08:08:43.872896+04","merchant_sample",85.0000,1000.00,90000.00,433,100.000,3,84.9900,91.5000,84.20432,-0.9449
611,"2026-09-16 08:11:03.34787+04","merchant_sample",85.0000,1000.00,90000.00,433,100.000,2,84.9900,91.7200,84.20144,-0.9484
612,"2026-09-16 08:13:23.859447+04","merchant_sample",85.0000,1000.00,90000.00,433,100.000,1,85.0000,91.7200,84.19767,-0.9529
613,"2026-09-16 08:15:44.25727+04","merchant_sample",85.0000,1000.00,90000.00,433,100.000,1,85.0000,91.9000,84.20565,-0.9433
614,"2026-09-16 08:18:03.351848+04","merchant_sample",85.0000,1000.00,90000.00,433,100.000,1,85.0000,91.8950,84.20402,-0.9453
615,"2026-09-16 08:20:23.87996+04","merchant_sample",85.0000,1000.00,90000.00,433,100.000,1,85.0000,91.7200,84.20839,-0.9401
616,"2026-09-16 08:22:43.914337+04","merchant_sample",85.0000,1000.00,90000.00,433,100.000,1,85.0000,91.8950,84.21105,-0.9369
617,"2026-09-16 08:25:03.357988+04","merchant_sample",85.0000,1000.00,90000.00,433,100.000,1,85.0000,91.9250,84.20499,-0.9441
618,"2026-09-16 08:27:23.985134+04","merchant_sample",85.0000,1000.00,90000.00,433,100.000,1,85.0000,91.9500,84.20104,-0.9489
619,"2026-09-16 08:29:43.880537+04","merchant_sample",85.0000,1000.00,90000.00,433,100.000,1,85.0000,91.8900,84.20936,-0.9389
620,"2026-09-16 08:32:03.361539+04","merchant_sample",85.0000,1000.00,90000.00,433,100.000,1,85.0000,91.7200,84.20070,-0.9493
621,"2026-09-16 08:34:23.895851+04","merchant_sample",85.0000,1000.00,90000.00,433,100.000,1,85.0000,91.9000,84.20063,-0.9494
622,"2026-09-16 08:36:43.882339+04","merchant_sample",85.0000,1000.00,90000.00,433,100.000,1,85.0000,91.7200,84.20810,-0.9404
623,"2026-09-16 08:39:03.369614+04","merchant_sample",85.0000,1000.00,90000.00,433,100.000,1,85.0000,91.3950,84.21068,-0.9373
624,"2026-09-16 08:41:23.923045+04","merchant_sample",85.0000,1000.00,90000.00,433,100.000,1,85.0000,91.5000,84.29640,-0.8347
625,"2026-09-16 08:43:43.862343+04","merchant_sample",85.0000,1000.00,90000.00,433,100.000,1,85.0000,91.5000,84.43874,-0.6647
626,"2026-09-16 08:46:03.371117+04","merchant_sample",85.0000,1000.00,90000.00,433,100.000,1,85.0000,91.5000,84.41129,-0.6974
627,"2026-09-16 08:48:23.878768+04","merchant_sample",85.0000,1000.00,90000.00,433,100.000,1,85.0000,91.5250,84.41021,-0.6987
628,"2026-09-16 08:50:43.911658+04","merchant_sample",85.0000,1000.00,90000.00,433,100.000,1,85.0000,91.5000,84.41583,-0.6920
629,"2026-09-16 08:53:03.377127+04","merchant_sample",85.0000,1000.00,90000.00,433,100.000,1,85.0000,91.2900,84.40894,-0.7002
630,"2026-09-16 08:55:23.954723+04","merchant_sample",85.0000,1000.00,90000.00,433,100.000,1,85.0000,91.2900,84.42047,-0.6865
631,"2026-09-16 08:57:43.902451+04","merchant_sample",85.0000,1000.00,90000.00,433,100.000,1,85.0000,91.5000,84.41697,-0.6907
632,"2026-09-16 09:00:03.382149+04","merchant_sample",85.0000,1000.00,90000.00,433,100.000,1,85.0000,91.5000,84.42096,-0.6859
633,"2026-09-16 09:02:23.959948+04","merchant_sample",85.0000,1000.00,90000.00,433,100.000,1,85.0000,91.5000,84.42663,-0.6791
634,"2026-09-16 09:04:43.875267+04","merchant_sample",85.0000,1000.00,90000.00,433,100.000,1,85.0000,91.5250,84.42865,-0.6767
635,"2026-09-16 09:07:03.386094+04","merchant_sample",85.0000,1000.00,90000.00,433,100.000,1,85.0000,91.9000,84.41932,-0.6879
636,"2026-09-16 09:09:23.989571+04","merchant_sample",85.0000,1000.00,90000.00,433,100.000,1,85.0000,91.9200,84.42617,-0.6797
637,"2026-09-16 09:11:43.912209+04","merchant_sample",85.0000,1000.00,90000.00,433,100.000,1,85.0000,91.9200,84.42655,-0.6792
638,"2026-09-16 09:14:03.390534+04","merchant_sample",85.0000,1000.00,90000.00,434,100.000,1,85.0000,91.8950,84.41580,-0.6921
639,"2026-09-16 09:16:23.901698+04","merchant_sample",85.0000,1000.00,90000.00,434,100.000,1,85.0000,91.8950,84.42013,-0.6869
640,"2026-09-16 09:18:43.991513+04","merchant_sample",85.0000,1000.00,90000.00,434,100.000,1,85.0000,91.9200,84.42027,-0.6867
641,"2026-09-16 09:21:03.399766+04","merchant_sample",85.0000,1000.00,90000.00,434,100.000,1,85.0000,91.9000,84.42397,-0.6823
642,"2026-09-16 09:23:23.963748+04","merchant_sample",85.0000,1000.00,90000.00,434,100.000,1,85.0000,91.8950,84.42383,-0.6825
643,"2026-09-16 09:25:43.901107+04","merchant_sample",85.0000,1000.00,90000.00,434,100.000,1,85.0000,91.6600,84.39055,-0.7222
644,"2026-09-16 09:28:03.402991+04","merchant_sample",85.0000,1000.00,90000.00,434,100.000,1,85.0000,91.7750,84.39216,-0.7203
645,"2026-09-16 09:30:23.961354+04","merchant_sample",85.0000,1000.00,90000.00,434,100.000,1,85.0000,91.5500,84.38968,-0.7232
646,"2026-09-16 09:32:43.95543+04","merchant_sample",85.0000,1000.00,90000.00,434,100.000,1,85.0000,91.0000,84.41566,-0.6922
647,"2026-09-16 09:35:03.407857+04","merchant_sample",85.0000,1000.00,90000.00,434,100.000,1,85.0000,91.5500,84.42961,-0.6756
648,"2026-09-16 09:37:24.046421+04","merchant_sample",85.0000,1000.00,90000.00,434,100.000,1,85.0000,91.7700,84.44015,-0.6630
649,"2026-09-16 09:39:43.916188+04","merchant_sample",85.0000,1000.00,90000.00,434,100.000,1,85.0000,91.7800,84.43054,-0.6745
650,"2026-09-16 09:42:03.412629+04","merchant_sample",85.0000,1000.00,90000.00,434,100.000,1,85.0000,91.3700,84.41224,-0.6963
651,"2026-09-16 09:44:23.942645+04","merchant_sample",85.0000,1000.00,90000.00,434,100.000,1,85.0000,91.4500,84.41743,-0.6901
652,"2026-09-16 09:46:43.951699+04","merchant_sample",85.0000,1000.00,90000.00,434,100.000,1,85.0000,91.5500,84.44105,-0.6619
653,"2026-09-16 09:49:03.418737+04","merchant_sample",85.0000,1000.00,90000.00,434,100.000,1,85.0000,91.5500,84.42113,-0.6857
654,"2026-09-16 09:51:23.959355+04","merchant_sample",85.0000,1000.00,90000.00,434,100.000,1,85.0000,91.7750,84.43018,-0.6749
655,"2026-09-16 09:53:43.940742+04","merchant_sample",85.0000,1000.00,90000.00,434,100.000,1,85.0000,91.5250,84.43218,-0.6725
656,"2026-09-16 09:56:03.427047+04","merchant_sample",85.0000,1000.00,90000.00,434,100.000,1,85.0000,91.5000,84.44254,-0.6602
657,"2026-09-16 09:58:23.957643+04","merchant_sample",85.0000,1000.00,90000.00,434,100.000,1,85.0000,91.3700,84.43798,-0.6656
658,"2026-09-16 10:00:43.971225+04","merchant_sample",85.0000,1000.00,90000.00,434,100.000,1,85.0000,91.4500,84.42932,-0.6759
659,"2026-09-16 10:03:03.429735+04","merchant_sample",85.0000,1000.00,90000.00,434,100.000,1,85.0000,91.5000,84.49477,-0.5979
660,"2026-09-16 10:05:24.011576+04","merchant_sample",85.0000,1000.00,90000.00,434,100.000,1,85.0000,91.5500,84.40152,-0.7091
661,"2026-09-16 10:07:44.028949+04","merchant_sample",85.0000,1000.00,90000.00,434,100.000,1,85.0000,91.6600,84.35242,-0.7677
662,"2026-09-16 10:10:03.433922+04","merchant_sample",85.0000,1000.00,90000.00,434,100.000,1,85.0000,91.9000,84.36874,-0.7482
663,"2026-09-16 10:12:23.944868+04","merchant_sample",85.0000,1000.00,90000.00,434,100.000,1,85.0000,91.7800,84.39725,-0.7142
664,"2026-09-16 10:14:45.012614+04","merchant_sample",85.0000,1000.00,90000.00,434,100.000,1,85.0000,91.8900,84.38504,-0.7288
665,"2026-09-16 10:17:03.438399+04","merchant_sample",85.0000,1000.00,90000.00,434,100.000,1,85.0000,91.7800,84.37586,-0.7397
666,"2026-09-16 10:19:23.938921+04","merchant_sample",85.0000,1000.00,90000.00,434,100.000,1,85.0000,91.3000,84.39315,-0.7191
667,"2026-09-16 10:21:43.94452+04","merchant_sample",85.0000,1000.00,90000.00,434,100.000,1,85.0000,91.3000,84.48206,-0.6131
668,"2026-09-16 10:24:03.444291+04","merchant_sample",85.0000,1000.00,90000.00,434,100.000,1,85.0000,91.2950,84.42272,-0.6838
669,"2026-09-16 10:26:23.959289+04","merchant_sample",85.0000,1000.00,90000.00,434,100.000,1,85.0000,91.5000,84.41897,-0.6883
670,"2026-09-16 10:28:43.94557+04","merchant_sample",85.0000,1000.00,90000.00,434,100.000,2,84.0000,91.7700,84.39863,-0.7125
671,"2026-09-16 10:31:03.449677+04","merchant_sample",85.0000,1000.00,90000.00,434,100.000,1,85.0000,91.4500,84.35772,-0.7614
672,"2026-09-16 10:33:23.987823+04","merchant_sample",85.0000,1000.00,90000.00,434,100.000,1,85.0000,91.8900,84.52436,-0.5627
673,"2026-09-16 10:35:43.948586+04","merchant_sample",85.0000,1000.00,90000.00,434,100.000,1,85.0000,91.4750,84.51747,-0.5709
674,"2026-09-16 10:38:03.455436+04","merchant_sample",85.0000,1000.00,90000.00,434,100.000,1,85.0000,91.7700,84.47310,-0.6237
675,"2026-09-16 10:40:23.979772+04","merchant_sample",85.0000,1000.00,90000.00,434,100.000,1,85.0000,91.6600,84.48836,-0.6056
676,"2026-09-16 10:42:43.956291+04","merchant_sample",85.0000,1000.00,90000.00,434,100.000,1,85.0000,91.7750,84.47335,-0.6235
677,"2026-09-16 10:45:03.45956+04","merchant_sample",85.0000,1000.00,90000.00,434,100.000,1,85.0000,91.4750,84.43636,-0.6675
678,"2026-09-16 10:47:23.985803+04","merchant_sample",85.0000,1000.00,90000.00,434,100.000,1,85.0000,91.5250,84.37169,-0.7447
679,"2026-09-16 10:49:43.967094+04","merchant_sample",85.0000,1000.00,90000.00,434,100.000,1,85.0000,91.5250,84.33627,-0.7870
680,"2026-09-16 10:52:03.465682+04","merchant_sample",85.0000,1000.00,90000.00,434,100.000,1,85.0000,91.9000,84.33710,-0.7860
681,"2026-09-16 10:54:23.986153+04","merchant_sample",85.0000,1000.00,90000.00,434,100.000,1,85.0000,91.8950,84.34235,-0.7797
682,"2026-09-16 10:56:43.973705+04","merchant_sample",85.0000,1000.00,90000.00,434,100.000,1,85.0000,91.8950,84.32800,-0.7969
683,"2026-09-16 10:59:03.469003+04","merchant_sample",85.0000,1000.00,90000.00,434,100.000,1,85.0000,91.8350,84.34402,-0.7777
684,"2026-09-16 11:01:23.985207+04","merchant_sample",85.0000,1000.00,90000.00,434,100.000,1,85.0000,91.9000,84.31309,-0.8147
685,"2026-09-16 11:03:43.96263+04","merchant_sample",85.0000,1000.00,90000.00,434,100.000,1,85.0000,91.9200,84.18455,-0.9686
686,"2026-09-16 11:06:03.474106+04","merchant_sample",85.0000,1000.00,90000.00,434,100.000,1,85.0000,91.7800,84.22778,-0.9168
687,"2026-09-16 11:08:23.968557+04","merchant_sample",85.0000,1000.00,90000.00,434,100.000,1,85.0000,91.9400,84.16165,-0.9961
688,"2026-09-16 11:10:44.004618+04","merchant_sample",85.0000,1000.00,90000.00,434,100.000,1,85.0000,91.9450,84.16220,-0.9955
689,"2026-09-16 11:13:03.479143+04","merchant_sample",85.0000,1000.00,90000.00,434,100.000,1,85.0000,91.7800,84.14676,-1.0140
690,"2026-09-16 11:15:23.986546+04","merchant_sample",85.0000,1000.00,90000.00,434,100.000,1,85.0000,91.5250,84.03564,-1.1476
691,"2026-09-16 11:17:43.980039+04","merchant_sample",85.0000,1000.00,90000.00,434,100.000,1,85.0000,91.7800,84.07876,-1.0957
692,"2026-09-16 11:20:03.483475+04","merchant_sample",85.0000,1000.00,90000.00,434,100.000,1,85.0000,91.9500,84.10502,-1.0641
693,"2026-09-16 11:22:24.065874+04","merchant_sample",85.0000,1000.00,90000.00,434,100.000,1,85.0000,91.9200,84.18291,-0.9706
694,"2026-09-16 11:24:43.825359+04","merchant_sample",85.0000,1000.00,90000.00,434,100.000,1,85.0000,91.8350,84.19173,-0.9600
695,"2026-09-16 11:27:03.487753+04","merchant_sample",85.0000,1000.00,90000.00,434,100.000,1,85.0000,91.4500,84.18000,-0.9741
696,"2026-09-16 11:29:24.007253+04","merchant_sample",85.0000,1000.00,90000.00,434,100.000,1,85.0000,91.4900,84.19216,-0.9595
697,"2026-09-16 11:31:44.018139+04","merchant_sample",85.0000,1000.00,90000.00,434,100.000,1,85.0000,91.4700,84.21975,-0.9264
699,"2026-09-16 18:09:41.340786+04","merchant_sample",85.0000,1000.00,90000.00,436,100.000,1,85.0000,91.0000,84.50780,-0.5824
700,"2026-09-16 18:16:12.509017+04","merchant_sample",85.0000,1000.00,90000.00,436,100.000,1,85.0000,91.0000,84.49049,-0.6030
701,"2026-09-16 18:18:32.516566+04","merchant_sample",85.0000,1000.00,90000.00,436,100.000,1,85.0000,91.0000,84.50252,-0.5887
702,"2026-09-16 18:20:52.519322+04","merchant_sample",85.0000,1000.00,90000.00,436,100.000,1,85.0000,91.0000,84.50279,-0.5884
703,"2026-09-16 18:23:12.87187+04","merchant_sample",85.0000,1000.00,90000.00,436,100.000,1,85.0000,91.0000,84.50318,-0.5879
704,"2026-09-16 18:25:32.905997+04","merchant_sample",85.0000,1000.00,90000.00,436,100.000,1,85.0000,91.0000,84.49706,-0.5952
705,"2026-09-16 18:27:52.523787+04","merchant_sample",85.0000,1000.00,90000.00,436,100.000,1,85.0000,91.0000,84.50482,-0.5860
706,"2026-09-16 18:30:12.948646+04","merchant_sample",85.0000,1000.00,90000.00,437,100.000,1,85.0000,91.0000,84.48362,-0.6112
707,"2026-09-16 18:32:32.894885+04","merchant_sample",85.0000,1000.00,90000.00,437,100.000,1,85.0000,91.0000,84.48585,-0.6086
708,"2026-09-16 18:34:52.533336+04","merchant_sample",85.0000,1000.00,90000.00,437,100.000,1,85.0000,91.0000,84.48726,-0.6069
709,"2026-09-16 18:37:12.952382+04","merchant_sample",85.0000,1000.00,90000.00,437,100.000,1,85.0000,91.0000,84.49511,-0.5975
710,"2026-09-16 18:39:32.886267+04","merchant_sample",85.0000,1000.00,90000.00,437,100.000,1,85.0000,91.0000,84.50272,-0.5885
711,"2026-09-16 18:41:52.534883+04","merchant_sample",85.0000,1000.00,90000.00,437,100.000,1,85.0000,91.2350,84.49448,-0.5983
712,"2026-09-16 18:44:12.906789+04","merchant_sample",85.0000,1000.00,90000.00,437,100.000,1,85.0000,91.2850,84.49415,-0.5987
713,"2026-09-16 18:46:32.902977+04","merchant_sample",85.0000,1000.00,90000.00,437,100.000,1,85.0000,91.5700,84.49891,-0.5930
714,"2026-09-16 18:48:52.53855+04","merchant_sample",85.0000,1000.00,90000.00,437,100.000,1,85.0000,91.6600,84.49989,-0.5918
715,"2026-09-16 18:51:12.92289+04","merchant_sample",85.0000,1000.00,90000.00,437,100.000,1,85.0000,91.6500,84.50511,-0.5856
716,"2026-09-16 18:53:32.915729+04","merchant_sample",85.0000,1000.00,90000.00,437,100.000,1,85.0000,91.8200,84.49410,-0.5987
717,"2026-09-16 18:55:52.542742+04","merchant_sample",85.0000,1000.00,90000.00,437,100.000,1,85.0000,91.8800,84.49706,-0.5952
718,"2026-09-16 18:58:12.900911+04","merchant_sample",85.0000,1000.00,90000.00,437,100.000,1,85.0000,91.4400,84.50255,-0.5887
719,"2026-09-16 19:00:34.24993+04","merchant_sample",85.0000,1000.00,90000.00,437,100.000,1,85.0000,91.5000,84.49817,-0.5939
720,"2026-09-16 19:02:52.895519+04","merchant_sample",85.0000,1000.00,90000.00,437,100.000,1,85.0000,91.5700,84.50128,-0.5902
721,"2026-09-16 19:05:12.913965+04","merchant_sample",85.0000,1000.00,90000.00,437,100.000,1,85.0000,91.4300,84.49867,-0.5933
722,"2026-09-16 19:07:32.928838+04","merchant_sample",85.0000,1000.00,90000.00,437,100.000,1,85.0000,91.8600,84.49989,-0.5918
723,"2026-09-16 19:09:52.55099+04","merchant_sample",85.0000,1000.00,90000.00,437,100.000,1,85.0000,91.8600,84.49449,-0.5983
724,"2026-09-16 19:12:12.906982+04","merchant_sample",85.0000,1000.00,90000.00,437,100.000,1,85.0000,91.8600,84.50319,-0.5879
725,"2026-09-16 19:14:32.932942+04","merchant_sample",85.0000,1000.00,90000.00,437,100.000,1,85.0000,91.7800,84.49626,-0.5962
726,"2026-09-16 19:16:52.560047+04","merchant_sample",85.0000,1000.00,90000.00,437,100.000,1,85.0000,91.3000,84.49938,-0.5925
727,"2026-09-16 19:19:12.931255+04","merchant_sample",85.0000,1000.00,90000.00,437,100.000,1,85.0000,91.4400,84.49320,-0.5998
728,"2026-09-16 19:21:32.922464+04","merchant_sample",85.0000,1000.00,90000.00,437,100.000,1,85.0000,91.0000,84.49633,-0.5961
729,"2026-09-16 19:23:52.562312+04","merchant_sample",85.0000,1000.00,90000.00,437,100.000,1,85.0000,91.0000,84.49433,-0.5985
730,"2026-09-16 19:26:12.913156+04","merchant_sample",85.0000,1000.00,90000.00,437,100.000,1,85.0000,91.0000,84.49918,-0.5927
731,"2026-09-16 19:28:32.960967+04","merchant_sample",85.0000,1000.00,90000.00,437,100.000,1,85.0000,91.0000,84.49852,-0.5935
732,"2026-09-16 19:30:52.566658+04","merchant_sample",85.0000,1000.00,90000.00,437,100.000,1,85.0000,91.0000,84.49996,-0.5918
733,"2026-09-16 19:33:12.931104+04","merchant_sample",85.0000,1000.00,90000.00,437,100.000,1,85.0000,91.0000,84.49076,-0.6027
734,"2026-09-16 19:35:32.944094+04","merchant_sample",85.0000,1000.00,90000.00,437,100.000,1,85.0000,91.0000,84.50101,-0.5905
735,"2026-09-16 19:37:52.570425+04","merchant_sample",85.0000,1000.00,90000.00,437,100.000,1,85.0000,91.0000,84.49312,-0.5999
736,"2026-09-16 19:40:13.119746+04","merchant_sample",85.0000,1000.00,90000.00,437,100.000,1,85.0000,91.0000,84.49874,-0.5932
737,"2026-09-16 19:42:33.079222+04","merchant_sample",85.0000,1000.00,90000.00,437,100.000,1,85.0000,91.1900,84.49911,-0.5928
738,"2026-09-16 19:44:52.575724+04","merchant_sample",85.0000,1000.00,90000.00,437,100.000,1,85.0000,91.2350,84.49066,-0.6028
739,"2026-09-16 19:47:12.973047+04","merchant_sample",85.0000,1000.00,90000.00,437,100.000,1,85.0000,91.1900,84.49785,-0.5943
740,"2026-09-16 19:49:33.113123+04","merchant_sample",85.0000,1000.00,90000.00,437,100.000,1,85.0000,91.0000,84.48973,-0.6039
741,"2026-09-16 19:51:52.584232+04","merchant_sample",85.0000,1000.00,90000.00,437,100.000,1,85.0000,91.0000,84.50289,-0.5883
742,"2026-09-16 19:54:13.135618+04","merchant_sample",85.0000,1000.00,90000.00,437,100.000,1,85.0000,91.0000,84.50025,-0.5914
743,"2026-09-16 19:56:32.933008+04","merchant_sample",85.0000,1000.00,90000.00,437,100.000,1,85.0000,91.0000,84.49896,-0.5930
744,"2026-09-16 19:58:52.586651+04","merchant_sample",85.0000,1000.00,90000.00,437,100.000,1,85.0000,91.0000,84.48464,-0.6100
745,"2026-09-16 20:01:21.832841+04","merchant_sample",85.0000,1000.00,90000.00,437,100.000,2,84.9300,91.0000,84.48731,-0.6068
746,"2026-09-16 20:03:33.056028+04","merchant_sample",85.0000,1000.00,90000.00,437,100.000,2,84.9300,91.0000,84.49276,-0.6003
747,"2026-09-16 20:05:52.591013+04","merchant_sample",85.0000,1000.00,90000.00,437,100.000,1,85.0000,91.0000,84.49571,-0.5968
748,"2026-09-16 20:08:12.967957+04","merchant_sample",85.0000,1000.00,90000.00,437,100.000,1,85.0000,91.0000,84.50185,-0.5895
749,"2026-09-16 20:10:32.945343+04","merchant_sample",85.0000,1000.00,90000.00,437,100.000,1,85.0000,91.0000,84.49924,-0.5926
750,"2026-09-16 20:12:52.595307+04","merchant_sample",85.0000,1000.00,90000.00,437,100.000,2,84.9300,91.0000,84.48885,-0.6050
751,"2026-09-16 20:15:13.227292+04","merchant_sample",85.0000,1000.00,90000.00,437,100.000,2,84.9300,91.0000,84.50382,-0.5872
752,"2026-09-16 20:17:33.167112+04","merchant_sample",85.0000,1000.00,90000.00,437,100.000,2,84.9300,91.0000,84.50091,-0.5906
753,"2026-09-16 20:19:52.601664+04","merchant_sample",85.0000,1000.00,90000.00,437,100.000,2,84.9300,91.0000,84.50363,-0.5874
754,"2026-09-16 20:22:12.976586+04","merchant_sample",85.0000,1000.00,90000.00,437,100.000,1,85.0000,91.0000,84.50003,-0.5917
755,"2026-09-16 20:24:33.002188+04","merchant_sample",85.0000,1000.00,90000.00,437,100.000,1,85.0000,91.0000,84.48972,-0.6040
756,"2026-09-16 20:26:52.605404+04","merchant_sample",85.0000,1000.00,90000.00,437,100.000,2,84.9300,91.0950,84.49861,-0.5934
757,"2026-09-16 20:29:12.989224+04","merchant_sample",85.0000,1000.00,90000.00,437,100.000,1,85.0000,91.0000,84.50474,-0.5861
758,"2026-09-16 20:31:32.950918+04","merchant_sample",85.0000,1000.00,90000.00,437,100.000,1,85.0000,91.2450,84.50351,-0.5875
759,"2026-09-16 20:33:52.611483+04","merchant_sample",85.0000,1000.00,90000.00,437,100.000,2,84.0000,91.0000,84.49162,-0.6017
760,"2026-09-16 20:36:12.966583+04","merchant_sample",85.0000,1000.00,90000.00,437,100.000,1,85.0000,91.0000,84.50130,-0.5902
761,"2026-09-16 20:38:33.135771+04","merchant_sample",85.0000,1000.00,90000.00,437,100.000,1,85.0000,90.9900,84.50154,-0.5899
762,"2026-09-16 20:40:52.615601+04","merchant_sample",85.0000,1000.00,90000.00,437,100.000,1,85.0000,90.9850,84.48179,-0.6134
763,"2026-09-16 20:43:13.125944+04","merchant_sample",85.0000,1000.00,90000.00,437,100.000,1,85.0000,91.0000,84.48987,-0.6038
764,"2026-09-16 20:45:32.998148+04","merchant_sample",85.0000,1000.00,90000.00,437,100.000,1,85.0000,90.9900,84.49984,-0.5919
765,"2026-09-16 20:47:52.621+04","merchant_sample",85.0000,1000.00,90000.00,437,100.000,1,85.0000,91.0000,84.49772,-0.5944
766,"2026-09-16 20:50:13.171097+04","merchant_sample",85.0000,1000.00,90000.00,438,100.000,1,85.0000,90.9950,84.49372,-0.5992
767,"2026-09-16 20:52:33.218425+04","merchant_sample",85.0000,1000.00,90000.00,438,100.000,1,85.0000,90.9400,84.49828,-0.5938
768,"2026-09-16 20:54:52.626433+04","merchant_sample",85.0000,1000.00,90000.00,438,100.000,1,85.0000,90.9850,84.49875,-0.5932
769,"2026-09-16 20:57:13.172448+04","merchant_sample",85.0000,1000.00,90000.00,438,100.000,1,85.0000,90.9950,84.49750,-0.5947
770,"2026-09-16 20:59:33.147281+04","merchant_sample",85.0000,1000.00,90000.00,438,100.000,1,85.0000,90.9950,84.49307,-0.6000
771,"2026-09-16 21:01:52.631841+04","merchant_sample",85.0000,1000.00,90000.00,438,100.000,1,85.0000,90.9800,84.50891,-0.5811
772,"2026-09-16 21:04:13.178832+04","merchant_sample",85.0000,1000.00,90000.00,438,100.000,1,85.0000,90.9000,84.50084,-0.5907
773,"2026-09-16 21:06:33.136658+04","merchant_sample",85.0000,1000.00,90000.00,438,100.000,1,85.0000,91.0000,84.50146,-0.5900
774,"2026-09-16 21:08:52.639858+04","merchant_sample",85.0000,1000.00,90000.00,438,100.000,2,84.9300,91.0000,84.50265,-0.5886
775,"2026-09-16 21:11:13.366509+04","merchant_sample",85.0000,1000.00,90000.00,438,100.000,1,85.0000,91.2700,84.49814,-0.5939
776,"2026-09-16 21:13:33.011909+04","merchant_sample",85.0000,1000.00,90000.00,438,100.000,1,85.0000,91.3850,84.50128,-0.5902
777,"2026-09-16 21:15:52.640721+04","merchant_sample",85.0000,1000.00,90000.00,438,100.000,1,85.0000,91.3400,84.49598,-0.5965
778,"2026-09-16 21:18:13.226993+04","merchant_sample",85.0000,1000.00,90000.00,438,100.000,1,85.0000,90.9850,84.50047,-0.5912
779,"2026-09-16 21:20:33.242167+04","merchant_sample",85.0000,1000.00,90000.00,438,100.000,1,85.0000,91.0000,84.48976,-0.6039
780,"2026-09-16 21:22:52.645435+04","merchant_sample",85.0000,1000.00,90000.00,439,100.000,1,85.0000,91.4700,84.50248,-0.5888
781,"2026-09-16 21:25:13.27899+04","merchant_sample",85.0000,1000.00,90000.00,439,100.000,2,84.0000,91.4000,84.50146,-0.5900
782,"2026-09-16 21:27:33.336898+04","merchant_sample",85.0000,1000.00,90000.00,439,100.000,1,85.0000,91.0000,84.50026,-0.5914
783,"2026-09-16 21:29:52.654864+04","merchant_sample",85.0000,1000.00,90000.00,439,100.000,1,85.0000,91.0000,84.48605,-0.6083
784,"2026-09-16 21:32:13.228422+04","merchant_sample",85.0000,1000.00,90000.00,439,100.000,1,85.0000,91.0000,84.49338,-0.5996
785,"2026-09-16 21:34:33.322479+04","merchant_sample",85.0000,1000.00,90000.00,439,100.000,1,85.0000,91.1900,84.50282,-0.5884
786,"2026-09-16 21:36:52.676043+04","merchant_sample",85.0000,1000.00,90000.00,439,100.000,1,85.0000,91.0000,84.49616,-0.5963
787,"2026-09-16 21:39:13.370057+04","merchant_sample",85.0000,1000.00,90000.00,439,100.000,1,85.0000,91.0000,84.50158,-0.5898
788,"2026-09-16 21:41:33.240395+04","merchant_sample",85.0000,1000.00,90000.00,439,100.000,1,85.0000,91.2950,84.50207,-0.5893
789,"2026-09-16 21:43:52.681541+04","merchant_sample",85.0000,1000.00,90000.00,439,100.000,1,85.0000,91.0000,84.51006,-0.5797
790,"2026-09-16 21:46:13.187846+04","merchant_sample",85.0000,1000.00,90000.00,440,100.000,1,85.0000,91.4500,84.49734,-0.5949
791,"2026-09-16 21:48:33.37277+04","merchant_sample",85.0000,1000.00,90000.00,440,100.000,1,85.0000,91.8200,84.50024,-0.5914
792,"2026-09-16 21:50:52.694636+04","merchant_sample",85.0000,1000.00,90000.00,440,100.000,1,85.0000,91.4950,84.49691,-0.5954
793,"2026-09-16 21:53:13.341745+04","merchant_sample",85.0000,1000.00,90000.00,440,100.000,1,85.0000,91.5700,84.48826,-0.6057
794,"2026-09-16 21:55:33.373825+04","merchant_sample",85.0000,1000.00,90000.00,440,100.000,1,85.0000,91.8600,84.50146,-0.5900
795,"2026-09-16 21:57:52.703814+04","merchant_sample",85.0000,1000.00,90000.00,440,100.000,1,85.0000,91.6950,84.50335,-0.5877
796,"2026-09-16 22:00:13.583004+04","merchant_sample",85.0000,1000.00,90000.00,440,100.000,1,85.0000,91.4500,84.48390,-0.6109
797,"2026-09-16 22:02:33.400038+04","merchant_sample",85.0000,1000.00,90000.00,440,100.000,1,85.0000,91.4500,84.50001,-0.5917
798,"2026-09-16 22:04:52.710377+04","merchant_sample",85.0000,1000.00,90000.00,440,100.000,1,85.0000,91.4250,84.49606,-0.5964
799,"2026-09-16 22:07:13.367922+04","merchant_sample",85.0000,1000.00,90000.00,440,100.000,1,85.0000,91.2700,84.50020,-0.5915
800,"2026-09-16 22:09:33.426299+04","merchant_sample",85.0000,1000.00,90000.00,440,100.000,1,85.0000,91.3400,84.49626,-0.5962
801,"2026-09-16 22:11:52.724895+04","merchant_sample",85.0000,1000.00,90000.00,440,100.000,1,85.0000,91.4950,84.49160,-0.6017
802,"2026-09-16 22:14:13.423507+04","merchant_sample",85.0000,1000.00,90000.00,440,100.000,1,85.0000,91.8650,84.50625,-0.5843
803,"2026-09-16 22:16:33.230571+04","merchant_sample",85.0000,1000.00,90000.00,440,100.000,1,85.0000,91.8750,84.50022,-0.5915
804,"2026-09-16 22:18:52.732607+04","merchant_sample",85.0000,1000.00,90000.00,440,100.000,2,83.9000,91.8650,84.50576,-0.5849
805,"2026-09-16 22:21:13.407163+04","merchant_sample",85.0000,1000.00,90000.00,440,100.000,1,85.0000,91.7650,84.49387,-0.5990
806,"2026-09-16 22:23:33.417126+04","merchant_sample",85.0000,1000.00,90000.00,440,100.000,1,85.0000,91.4700,84.48470,-0.6099
807,"2026-09-16 22:25:52.747421+04","merchant_sample",85.0000,1000.00,90000.00,440,100.000,1,85.0000,91.4900,84.48739,-0.6067
808,"2026-09-16 22:28:13.33743+04","merchant_sample",85.0000,1000.00,90000.00,440,100.000,1,85.0000,91.5700,84.50427,-0.5866
809,"2026-09-16 22:30:33.324577+04","merchant_sample",85.0000,1000.00,90000.00,440,100.000,2,84.9900,91.1000,84.49175,-0.6015
810,"2026-09-16 22:32:52.752748+04","merchant_sample",85.0000,1000.00,90000.00,440,100.000,2,84.9900,91.2700,84.50314,-0.5880
811,"2026-09-16 22:35:13.432503+04","merchant_sample",85.0000,1000.00,90000.00,440,100.000,1,85.0000,91.4700,84.50072,-0.5909
812,"2026-09-16 22:37:33.460462+04","merchant_sample",85.0000,1000.00,90000.00,440,100.000,1,85.0000,91.4250,84.50252,-0.5887
813,"2026-09-16 22:39:52.762885+04","merchant_sample",85.0000,1000.00,90000.00,440,100.000,1,85.0000,91.0000,84.49007,-0.6035
814,"2026-09-16 22:42:13.47784+04","merchant_sample",85.0000,1000.00,90000.00,440,100.000,1,85.0000,91.4000,84.50313,-0.5880
815,"2026-09-16 22:44:33.392111+04","merchant_sample",85.0000,1000.00,90000.00,440,100.000,2,84.0000,91.5000,84.49152,-0.6018
816,"2026-09-16 22:46:52.774318+04","merchant_sample",85.0000,1000.00,90000.00,440,100.000,1,85.0000,91.4900,84.49861,-0.5934
817,"2026-09-16 22:49:13.298392+04","merchant_sample",85.0000,1000.00,90000.00,440,100.000,1,85.0000,91.4950,84.49084,-0.6026
818,"2026-09-16 22:51:33.31095+04","merchant_sample",85.0000,1000.00,90000.00,440,100.000,1,85.0000,91.5700,84.48547,-0.6090
819,"2026-09-16 22:53:52.770553+04","merchant_sample",85.0000,1000.00,90000.00,440,100.000,1,85.0000,91.8200,84.50124,-0.5902
820,"2026-09-16 22:56:13.297334+04","merchant_sample",85.0000,1000.00,90000.00,440,100.000,1,85.0000,91.8600,84.49377,-0.5991
821,"2026-09-16 22:58:33.284989+04","merchant_sample",85.0000,1000.00,90000.00,440,100.000,1,85.0000,91.8650,84.49374,-0.5992
822,"2026-09-16 23:00:52.777488+04","merchant_sample",85.0000,1000.00,90000.00,440,100.000,1,85.0000,91.6950,84.48536,-0.6091
823,"2026-09-16 23:03:13.284572+04","merchant_sample",85.0000,1000.00,90000.00,440,100.000,1,85.0000,91.5000,84.48826,-0.6057
824,"2026-09-16 23:05:33.329677+04","merchant_sample",85.0000,1000.00,90000.00,440,100.000,1,85.0000,91.5000,84.48526,-0.6093
825,"2026-09-16 23:07:52.781307+04","merchant_sample",85.0000,1000.00,90000.00,440,100.000,1,85.0000,91.7500,84.48138,-0.6139
826,"2026-09-16 23:10:13.283789+04","merchant_sample",85.0000,1000.00,90000.00,440,100.000,2,84.0000,91.8750,84.50114,-0.5904
827,"2026-09-16 23:12:33.190907+04","merchant_sample",85.0000,1000.00,90000.00,440,100.000,1,85.0000,91.4500,84.49897,-0.5929
828,"2026-09-16 23:14:52.78563+04","merchant_sample",85.0000,1000.00,90000.00,440,100.000,1,85.0000,91.4950,84.50548,-0.5852
829,"2026-09-16 23:17:13.316223+04","merchant_sample",85.0000,1000.00,90000.00,440,100.000,1,85.0000,91.6950,84.50085,-0.5907
830,"2026-09-16 23:19:33.313085+04","merchant_sample",85.0000,1000.00,90000.00,440,100.000,1,85.0000,91.7500,84.48776,-0.6063
831,"2026-09-16 23:21:52.789753+04","merchant_sample",85.0000,1000.00,90000.00,440,100.000,1,85.0000,91.4000,84.50349,-0.5876
832,"2026-09-16 23:24:13.158543+04","merchant_sample",85.0000,1000.00,90000.00,440,100.000,1,85.0000,91.7500,84.49346,-0.5995
833,"2026-09-16 23:26:33.35781+04","merchant_sample",85.0000,1000.00,90000.00,440,100.000,1,85.0000,91.7650,84.50080,-0.5908
834,"2026-09-16 23:28:52.796393+04","merchant_sample",85.0000,1000.00,90000.00,440,100.000,1,85.0000,91.6400,84.50349,-0.5876
835,"2026-09-16 23:31:13.182063+04","merchant_sample",85.0000,1000.00,90000.00,440,100.000,1,85.0000,91.7500,84.48753,-0.6066
836,"2026-09-16 23:33:33.315325+04","merchant_sample",85.0000,1000.00,90000.00,440,100.000,1,85.0000,91.8750,84.50219,-0.5891
837,"2026-09-16 23:35:52.80113+04","merchant_sample",85.0000,1000.00,90000.00,440,100.000,1,85.0000,91.9000,84.49176,-0.6015
838,"2026-09-16 23:38:13.319315+04","merchant_sample",85.0000,1000.00,90000.00,440,100.000,1,85.0000,91.9000,84.50522,-0.5855
839,"2026-09-16 23:40:33.350547+04","merchant_sample",85.0000,1000.00,90000.00,440,100.000,1,85.0000,91.7650,84.48539,-0.6091
840,"2026-09-16 23:42:52.805678+04","merchant_sample",85.0000,1000.00,90000.00,440,100.000,1,85.0000,91.8750,84.49195,-0.6013
841,"2026-09-16 23:45:13.457217+04","merchant_sample",85.0000,1000.00,90000.00,440,100.000,1,85.0000,91.9000,84.49392,-0.5990
842,"2026-09-16 23:47:33.395317+04","merchant_sample",85.0000,1000.00,90000.00,440,100.000,1,85.0000,91.8700,84.49193,-0.6013
843,"2026-09-16 23:49:52.812558+04","merchant_sample",85.0000,1000.00,90000.00,440,100.000,1,85.0000,91.7800,84.49506,-0.5976
844,"2026-09-16 23:52:13.379175+04","merchant_sample",85.0000,1000.00,90000.00,440,100.000,1,85.0000,91.6950,84.50344,-0.5876
845,"2026-09-16 23:54:33.367131+04","merchant_sample",85.0000,1000.00,90000.00,440,100.000,1,85.0000,91.5700,84.50376,-0.5872
846,"2026-09-16 23:56:52.819147+04","merchant_sample",85.0000,1000.00,90000.00,440,100.000,1,85.0000,91.8900,84.49662,-0.5957
847,"2026-09-16 23:59:13.328175+04","merchant_sample",85.0000,1000.00,90000.00,440,100.000,1,85.0000,91.8650,84.49606,-0.5964
848,"2026-09-17 00:01:35.821183+04","merchant_sample",85.0000,1000.00,90000.00,440,100.000,1,85.0000,91.8800,84.48544,-0.6091
849,"2026-09-17 00:03:53.348296+04","merchant_sample",85.0000,1000.00,90000.00,440,100.000,1,85.0000,91.8900,84.48928,-0.6045
850,"2026-09-17 00:06:13.350738+04","merchant_sample",85.0000,1000.00,90000.00,440,100.000,1,85.0000,91.9000,84.49530,-0.5973
851,"2026-09-17 00:08:33.520855+04","merchant_sample",85.0000,1000.00,90000.00,440,100.000,1,85.0000,91.8700,84.49759,-0.5946
852,"2026-09-17 00:10:53.419477+04","merchant_sample",85.0000,1000.00,90000.00,440,100.000,1,85.0000,91.9900,84.49366,-0.5993
853,"2026-09-17 00:13:13.357354+04","merchant_sample",85.0000,1000.00,90000.00,440,100.000,1,85.0000,91.9000,84.49012,-0.6035
854,"2026-09-17 00:15:33.207629+04","merchant_sample",85.0000,1000.00,90000.00,440,100.000,1,85.0000,91.9900,84.49092,-0.6025
855,"2026-09-17 00:17:53.378059+04","merchant_sample",85.0000,1000.00,90000.00,440,100.000,1,85.0000,91.9000,84.50225,-0.5890
856,"2026-09-17 00:20:13.395568+04","merchant_sample",85.0000,1000.00,90000.00,440,100.000,1,85.0000,92.0000,84.49942,-0.5924
857,"2026-09-17 00:22:33.394171+04","merchant_sample",85.0000,1000.00,90000.00,440,100.000,1,85.0000,92.0000,84.50130,-0.5902
858,"2026-09-17 00:24:53.441847+04","merchant_sample",85.0000,1000.00,90000.00,440,100.000,1,85.0000,92.0000,84.50049,-0.5911
859,"2026-09-17 00:27:13.414371+04","merchant_sample",85.0000,1000.00,90000.00,440,100.000,1,85.0000,91.9000,84.49193,-0.6013
860,"2026-09-17 00:29:33.403918+04","merchant_sample",85.0000,1000.00,90000.00,440,100.000,1,85.0000,91.9400,84.50062,-0.5910
861,"2026-09-17 00:31:53.386049+04","merchant_sample",85.0000,1000.00,90000.00,440,100.000,1,85.0000,91.9850,84.50630,-0.5842
862,"2026-09-17 00:34:13.417627+04","merchant_sample",85.0000,1000.00,90000.00,440,100.000,1,85.0000,91.9800,84.50406,-0.5869
863,"2026-09-17 00:36:33.37367+04","merchant_sample",85.0000,1000.00,90000.00,440,100.000,1,85.0000,91.5000,84.47873,-0.6170
864,"2026-09-17 00:38:53.416419+04","merchant_sample",85.0000,1000.00,90000.00,440,100.000,1,85.0000,91.7500,84.50609,-0.5845
865,"2026-09-17 00:41:13.376555+04","merchant_sample",85.0000,1000.00,90000.00,440,100.000,1,85.0000,91.5000,84.48694,-0.6073
866,"2026-09-17 00:43:33.355513+04","merchant_sample",85.0000,1000.00,90000.00,440,100.000,1,85.0000,91.4500,84.50036,-0.5913
867,"2026-09-17 00:45:53.234001+04","merchant_sample",85.0000,1000.00,90000.00,440,100.000,1,85.0000,91.1700,84.48338,-0.6115
868,"2026-09-17 00:48:13.387764+04","merchant_sample",85.0000,1000.00,90000.00,440,100.000,1,85.0000,91.4500,84.49883,-0.5931
869,"2026-09-17 00:50:33.363696+04","merchant_sample",85.0000,1000.00,90000.00,440,100.000,1,85.0000,91.7500,84.49699,-0.5953
870,"2026-09-17 00:52:53.401921+04","merchant_sample",85.0000,1000.00,90000.00,440,100.000,1,85.0000,91.5000,84.49858,-0.5934
871,"2026-09-17 00:55:13.221128+04","merchant_sample",85.0000,1000.00,90000.00,440,100.000,1,85.0000,91.4900,84.48734,-0.6068
872,"2026-09-17 00:57:33.376171+04","merchant_sample",85.0000,1000.00,90000.00,440,100.000,1,85.0000,91.6000,84.50351,-0.5875
873,"2026-09-17 00:59:53.384255+04","merchant_sample",85.0000,1000.00,90000.00,440,100.000,1,85.0000,91.5000,84.50112,-0.5904
874,"2026-09-17 01:02:13.377991+04","merchant_sample",85.0000,1000.00,90000.00,440,100.000,1,85.0000,91.7650,84.48050,-0.6149
875,"2026-09-17 01:04:33.403252+04","merchant_sample",85.0000,1000.00,90000.00,440,100.000,1,85.0000,91.8300,84.50090,-0.5906
876,"2026-09-17 01:06:53.407076+04","merchant_sample",85.0000,1000.00,90000.00,440,100.000,1,85.0000,91.7800,84.48386,-0.6109
877,"2026-09-17 01:09:13.379886+04","merchant_sample",85.0000,1000.00,90000.00,440,100.000,1,85.0000,91.7250,84.49137,-0.6020
878,"2026-09-17 01:11:33.416494+04","merchant_sample",85.0000,1000.00,90000.00,440,100.000,1,85.0000,91.7250,84.49258,-0.6005
879,"2026-09-17 01:13:53.390106+04","merchant_sample",85.0000,1000.00,90000.00,440,100.000,1,85.0000,91.8300,84.49833,-0.5937
880,"2026-09-17 01:16:13.240693+04","merchant_sample",85.0000,1000.00,90000.00,441,100.000,1,85.0000,91.7000,84.49167,-0.6016
881,"2026-09-17 01:18:33.417627+04","merchant_sample",85.0000,1000.00,90000.00,441,100.000,1,85.0000,91.7800,84.49743,-0.5948
882,"2026-09-17 01:20:53.391399+04","merchant_sample",85.0000,1000.00,90000.00,441,100.000,1,85.0000,91.7000,84.49607,-0.5964
883,"2026-09-17 01:23:13.396322+04","merchant_sample",85.0000,1000.00,90000.00,441,100.000,1,85.0000,91.7250,84.49941,-0.5924
884,"2026-09-17 01:25:33.398771+04","merchant_sample",85.0000,1000.00,90000.00,441,100.000,1,85.0000,91.7800,84.49970,-0.5921
885,"2026-09-17 01:27:53.409492+04","merchant_sample",85.0000,1000.00,90000.00,441,100.000,1,85.0000,91.7000,84.49193,-0.6013
886,"2026-09-17 01:30:13.433776+04","merchant_sample",85.0000,1000.00,90000.00,441,100.000,1,85.0000,91.7000,84.49168,-0.6016
887,"2026-09-17 01:32:33.389401+04","merchant_sample",85.0000,1000.00,90000.00,441,100.000,1,85.0000,91.7000,84.50067,-0.5909
888,"2026-09-17 01:34:53.4434+04","merchant_sample",85.0000,1000.00,90000.00,441,100.000,1,85.0000,91.4450,84.50244,-0.5888
889,"2026-09-17 01:37:13.402835+04","merchant_sample",85.0000,1000.00,90000.00,441,100.000,1,85.0000,91.5000,84.49322,-0.5998
890,"2026-09-17 01:39:33.454938+04","merchant_sample",85.0000,1000.00,90000.00,441,100.000,1,85.0000,91.4900,84.47987,-0.6157
891,"2026-09-17 01:41:53.414264+04","merchant_sample",85.0000,1000.00,90000.00,441,100.000,1,85.0000,91.3900,84.48278,-0.6122
892,"2026-09-17 01:44:13.415656+04","merchant_sample",85.0000,1000.00,90000.00,441,100.000,1,85.0000,90.6150,84.49694,-0.5954
893,"2026-09-17 01:46:33.255706+04","merchant_sample",85.0000,1000.00,90000.00,441,100.000,1,85.0000,90.9900,84.49538,-0.5972
894,"2026-09-17 01:48:53.435996+04","merchant_sample",85.0000,1000.00,90000.00,441,100.000,2,84.9900,91.0000,84.48196,-0.6132
895,"2026-09-17 01:51:13.267326+04","merchant_sample",85.0000,1000.00,90000.00,441,100.000,1,85.0000,90.9900,84.49387,-0.5990
896,"2026-09-17 01:53:33.419527+04","merchant_sample",85.0000,1000.00,90000.00,441,100.000,1,85.0000,90.9950,84.49090,-0.6026
897,"2026-09-17 01:55:53.436083+04","merchant_sample",85.0000,1000.00,90000.00,441,100.000,1,85.0000,90.9900,84.48564,-0.6088
898,"2026-09-17 01:58:13.4267+04","merchant_sample",85.0000,1000.00,90000.00,441,100.000,1,85.0000,91.0000,84.49169,-0.6016
899,"2026-09-17 02:00:33.34446+04","merchant_sample",85.0000,1000.00,90000.00,441,100.000,1,85.0000,91.2450,84.49676,-0.5956
900,"2026-09-17 02:02:53.450505+04","merchant_sample",85.0000,1000.00,90000.00,441,100.000,1,85.0000,91.5000,84.50212,-0.5892
901,"2026-09-17 02:05:13.429844+04","merchant_sample",85.0000,1000.00,90000.00,441,100.000,1,85.0000,91.4950,84.48153,-0.6137
902,"2026-09-17 02:07:33.449051+04","merchant_sample",85.0000,1000.00,90000.00,441,100.000,1,85.0000,91.6000,84.50743,-0.5829
903,"2026-09-17 02:09:53.431857+04","merchant_sample",85.0000,1000.00,90000.00,441,100.000,1,85.0000,91.6000,84.50556,-0.5851
904,"2026-09-17 02:12:13.436626+04","merchant_sample",85.0000,1000.00,90000.00,441,100.000,1,85.0000,91.0000,84.50363,-0.5874
905,"2026-09-17 02:14:33.439447+04","merchant_sample",85.0000,1000.00,90000.00,441,100.000,1,85.0000,91.0000,84.48416,-0.6106
906,"2026-09-17 02:16:53.445387+04","merchant_sample",85.0000,1000.00,90000.00,441,100.000,1,85.0000,91.4900,84.49756,-0.5946
907,"2026-09-17 02:19:13.422025+04","merchant_sample",85.0000,1000.00,90000.00,441,100.000,1,85.0000,90.8500,84.48731,-0.6068
908,"2026-09-17 02:21:33.444039+04","merchant_sample",85.0000,1000.00,90000.00,441,100.000,1,85.0000,90.9000,84.47974,-0.6158
909,"2026-09-17 02:23:53.461842+04","merchant_sample",85.0000,1000.00,90000.00,441,100.000,1,85.0000,90.9000,84.50147,-0.5900
910,"2026-09-17 02:26:13.441311+04","merchant_sample",85.0000,1000.00,90000.00,441,100.000,1,85.0000,90.8500,84.50119,-0.5903
911,"2026-09-17 02:28:33.459184+04","merchant_sample",85.0000,1000.00,90000.00,441,100.000,1,85.0000,90.9000,84.48532,-0.6092
912,"2026-09-17 02:30:53.315397+04","merchant_sample",85.0000,1000.00,90000.00,441,100.000,1,85.0000,90.9000,84.49772,-0.5944
913,"2026-09-17 02:33:13.457323+04","merchant_sample",85.0000,1000.00,90000.00,441,100.000,1,85.0000,90.8000,84.49079,-0.6027
914,"2026-09-17 02:35:33.462155+04","merchant_sample",85.0000,1000.00,90000.00,441,100.000,1,85.0000,90.9950,84.48738,-0.6067
915,"2026-09-17 02:37:53.445237+04","merchant_sample",85.0000,1000.00,90000.00,441,100.000,1,85.0000,90.8500,84.46716,-0.6308
916,"2026-09-17 02:40:13.453805+04","merchant_sample",85.0000,1000.00,90000.00,441,100.000,2,84.8000,90.9450,84.47878,-0.6170
917,"2026-09-17 02:42:33.460462+04","merchant_sample",85.0000,1000.00,90000.00,441,100.000,1,85.0000,90.9450,84.46973,-0.6278
918,"2026-09-17 02:44:53.477752+04","merchant_sample",85.0000,1000.00,90000.00,441,100.000,1,85.0000,90.5000,84.48645,-0.6078
919,"2026-09-17 02:47:14.694079+04","merchant_sample",85.0000,1000.00,90000.00,441,100.000,1,85.0000,90.7650,84.47532,-0.6211
920,"2026-09-17 02:49:34.682214+04","merchant_sample",85.0000,1000.00,90000.00,441,100.000,1,85.0000,90.7650,84.47778,-0.6182
921,"2026-09-17 02:51:54.69591+04","merchant_sample",85.0000,1000.00,90000.00,441,100.000,1,85.0000,90.5000,84.47475,-0.6218
922,"2026-09-17 02:54:14.70124+04","merchant_sample",85.0000,1000.00,90000.00,441,100.000,1,85.0000,90.5000,84.49879,-0.5932
923,"2026-09-17 02:56:34.697086+04","merchant_sample",85.0000,1000.00,90000.00,441,100.000,1,85.0000,90.5000,84.47667,-0.6195
924,"2026-09-17 02:58:54.710684+04","merchant_sample",85.0000,1000.00,90000.00,441,100.000,1,85.0000,90.8000,84.50011,-0.5916
925,"2026-09-17 03:01:14.566575+04","merchant_sample",85.0000,1000.00,90000.00,441,100.000,1,85.0000,90.9500,84.50280,-0.5884
926,"2026-09-17 03:03:34.722093+04","merchant_sample",85.0000,1000.00,90000.00,441,100.000,1,85.0000,90.8500,84.49848,-0.5935
927,"2026-09-17 03:05:54.723072+04","merchant_sample",85.0000,1000.00,90000.00,441,100.000,1,85.0000,91.0000,84.49561,-0.5969
928,"2026-09-17 03:08:14.719627+04","merchant_sample",85.0000,1000.00,90000.00,441,100.000,1,85.0000,90.8000,84.50058,-0.5910
929,"2026-09-17 03:10:34.705811+04","merchant_sample",85.0000,1000.00,90000.00,441,100.000,1,85.0000,90.8000,84.49827,-0.5938
930,"2026-09-17 03:12:54.70995+04","merchant_sample",85.0000,1000.00,90000.00,441,100.000,1,85.0000,91.0000,84.50112,-0.5904
931,"2026-09-17 03:15:14.721011+04","merchant_sample",85.0000,1000.00,90000.00,441,100.000,1,85.0000,90.9000,84.49834,-0.5937
932,"2026-09-17 03:17:34.709034+04","merchant_sample",85.0000,1000.00,90000.00,441,100.000,1,85.0000,90.9000,84.50060,-0.5910
933,"2026-09-17 03:19:54.712253+04","merchant_sample",85.0000,1000.00,90000.00,441,100.000,1,85.0000,91.0000,84.49429,-0.5985
934,"2026-09-17 03:22:14.727368+04","merchant_sample",85.0000,1000.00,90000.00,441,100.000,1,85.0000,90.6500,84.48886,-0.6050
935,"2026-09-17 03:24:34.748956+04","merchant_sample",85.0000,1000.00,90000.00,441,100.000,1,85.0000,91.1500,84.50185,-0.5895
936,"2026-09-17 03:26:54.734591+04","merchant_sample",85.0000,1000.00,90000.00,441,100.000,1,85.0000,90.9500,84.50527,-0.5854
937,"2026-09-17 03:29:14.73689+04","merchant_sample",85.0000,1000.00,90000.00,441,100.000,1,85.0000,91.3950,84.49484,-0.5979
938,"2026-09-17 03:31:34.583695+04","merchant_sample",85.0000,1000.00,90000.00,441,100.000,1,85.0000,91.4950,84.49721,-0.5950
939,"2026-09-17 03:33:54.724212+04","merchant_sample",85.0000,1000.00,90000.00,441,100.000,1,85.0000,91.4900,84.50025,-0.5914
940,"2026-09-17 03:36:14.73302+04","merchant_sample",85.0000,1000.00,90000.00,441,100.000,2,84.9900,91.0000,84.49577,-0.5968
941,"2026-09-17 03:38:34.716388+04","merchant_sample",85.0000,1000.00,90000.00,441,100.000,1,85.0000,91.2450,84.49165,-0.6017
942,"2026-09-17 03:40:54.741652+04","merchant_sample",85.0000,1000.00,90000.00,441,100.000,1,85.0000,91.6000,84.49380,-0.5991
943,"2026-09-17 03:43:14.73124+04","merchant_sample",85.0000,1000.00,90000.00,441,100.000,1,85.0000,91.7000,84.49971,-0.5921
944,"2026-09-17 03:45:34.568901+04","merchant_sample",85.0000,1000.00,90000.00,441,100.000,1,85.0000,91.7000,84.49869,-0.5933
945,"2026-09-17 03:47:54.750807+04","merchant_sample",85.0000,1000.00,90000.00,441,100.000,1,85.0000,91.2500,84.50250,-0.5887
946,"2026-09-17 03:50:14.727439+04","merchant_sample",85.0000,1000.00,90000.00,441,100.000,1,85.0000,91.7000,84.50589,-0.5847
947,"2026-09-17 03:52:34.74638+04","merchant_sample",85.0000,1000.00,90000.00,441,100.000,2,84.8700,91.5000,84.50704,-0.5833
948,"2026-09-17 03:54:54.767913+04","merchant_sample",85.0000,1000.00,90000.00,441,100.000,2,84.3000,91.0000,84.50610,-0.5845
949,"2026-09-17 03:57:14.735581+04","merchant_sample",85.0000,1000.00,90000.00,441,100.000,3,84.3000,90.9000,84.50003,-0.5917
950,"2026-09-17 03:59:34.722595+04","merchant_sample",85.0000,1000.00,90000.00,441,100.000,2,84.8700,91.0000,84.50390,-0.5871
951,"2026-09-17 04:01:55.03648+04","merchant_sample",85.0000,1000.00,90000.00,441,100.000,1,85.0000,91.0000,84.49963,-0.5922
952,"2026-09-17 04:04:14.775905+04","merchant_sample",85.0000,1000.00,90000.00,441,100.000,1,85.0000,91.6000,84.47178,-0.6253
953,"2026-09-17 04:06:34.742155+04","merchant_sample",85.0000,1000.00,90000.00,441,100.000,2,84.5000,91.0000,84.47569,-0.6207
954,"2026-09-17 04:08:54.764019+04","merchant_sample",85.0000,1000.00,90000.00,441,100.000,1,85.0000,91.0000,84.48243,-0.6126
955,"2026-09-17 04:11:14.733923+04","merchant_sample",85.0000,1000.00,90000.00,441,100.000,2,84.5000,91.0000,84.48483,-0.6098
956,"2026-09-17 04:13:34.75172+04","merchant_sample",85.0000,1000.00,90000.00,441,100.000,1,85.0000,91.5000,84.48281,-0.6122
957,"2026-09-17 04:15:54.614926+04","merchant_sample",85.0000,1000.00,90000.00,441,100.000,1,85.0000,91.2500,84.50366,-0.5874
958,"2026-09-17 04:18:14.773333+04","merchant_sample",85.0000,1000.00,90000.00,441,100.000,1,85.0000,91.0000,84.50237,-0.5889
959,"2026-09-17 04:20:34.742692+04","merchant_sample",85.0000,1000.00,90000.00,441,100.000,1,85.0000,91.0000,84.49226,-0.6009
960,"2026-09-17 04:22:54.779089+04","merchant_sample",85.0000,1000.00,90000.00,441,100.000,2,84.5000,91.0000,84.50398,-0.5870
961,"2026-09-17 04:25:14.798994+04","merchant_sample",85.0000,1000.00,90000.00,441,100.000,1,85.0000,91.6000,84.50260,-0.5886
962,"2026-09-17 04:27:34.780354+04","merchant_sample",85.0000,1000.00,90000.00,441,100.000,1,85.0000,91.0000,84.50216,-0.5891
963,"2026-09-17 04:29:54.765176+04","merchant_sample",85.0000,1000.00,90000.00,441,100.000,1,85.0000,91.7800,84.50773,-0.5825
964,"2026-09-17 04:32:14.749409+04","merchant_sample",85.0000,1000.00,90000.00,441,100.000,1,85.0000,91.7000,84.49918,-0.5927
965,"2026-09-17 04:34:34.768112+04","merchant_sample",85.0000,1000.00,90000.00,441,100.000,1,85.0000,91.7000,84.50242,-0.5888
966,"2026-09-17 04:36:54.794081+04","merchant_sample",85.0000,1000.00,90000.00,441,100.000,1,85.0000,91.8300,84.48595,-0.6084
967,"2026-09-17 04:39:14.766313+04","merchant_sample",85.0000,1000.00,90000.00,441,100.000,1,85.0000,91.6000,84.50027,-0.5914
968,"2026-09-17 04:41:34.797533+04","merchant_sample",85.0000,1000.00,90000.00,441,100.000,1,85.0000,91.6000,84.49239,-0.6008
969,"2026-09-17 04:43:54.809431+04","merchant_sample",85.0000,1000.00,90000.00,441,100.000,1,85.0000,91.7800,84.49966,-0.5921
970,"2026-09-17 04:46:14.741189+04","merchant_sample",85.0000,1000.00,90000.00,441,100.000,1,85.0000,91.9000,84.50104,-0.5905
971,"2026-09-17 04:48:34.794968+04","merchant_sample",85.0000,1000.00,90000.00,441,100.000,1,85.0000,92.0000,84.48679,-0.6074
972,"2026-09-17 04:50:54.770686+04","merchant_sample",85.0000,1000.00,90000.00,441,100.000,1,85.0000,91.8300,84.49517,-0.5975
973,"2026-09-17 04:53:14.798765+04","merchant_sample",85.0000,1000.00,90000.00,441,100.000,1,85.0000,91.9000,84.50238,-0.5889
974,"2026-09-17 04:55:34.778721+04","merchant_sample",85.0000,1000.00,90000.00,441,100.000,1,85.0000,91.9600,84.50199,-0.5893
975,"2026-09-17 04:57:54.800621+04","merchant_sample",85.0000,1000.00,90000.00,441,100.000,1,85.0000,91.9200,84.50236,-0.5889
976,"2026-09-17 05:00:14.932762+04","merchant_sample",85.0000,1000.00,90000.00,441,100.000,1,85.0000,91.9100,84.49995,-0.5918
977,"2026-09-17 05:02:34.766679+04","merchant_sample",85.0000,1000.00,90000.00,441,100.000,1,85.0000,91.9100,84.50313,-0.5880
978,"2026-09-17 05:04:54.785457+04","merchant_sample",85.0000,1000.00,90000.00,441,100.000,1,85.0000,91.7400,84.49901,-0.5929
979,"2026-09-17 05:07:14.776836+04","merchant_sample",85.0000,1000.00,90000.00,441,100.000,2,84.9900,91.8900,84.49480,-0.5979
980,"2026-09-17 05:09:34.777477+04","merchant_sample",85.0000,1000.00,90000.00,441,100.000,1,85.0000,91.7800,84.50589,-0.5847
981,"2026-09-17 05:11:54.798878+04","merchant_sample",85.0000,1000.00,90000.00,441,100.000,1,85.0000,91.9600,84.48877,-0.6051
982,"2026-09-17 05:14:14.802155+04","merchant_sample",85.0000,1000.00,90000.00,441,100.000,1,85.0000,91.8900,84.50086,-0.5907
983,"2026-09-17 05:16:34.651051+04","merchant_sample",85.0000,1000.00,90000.00,441,100.000,1,85.0000,91.7800,84.49687,-0.5954
984,"2026-09-17 05:18:54.819664+04","merchant_sample",85.0000,1000.00,90000.00,441,100.000,1,85.0000,91.8900,84.50228,-0.5890
985,"2026-09-17 05:21:14.794151+04","merchant_sample",85.0000,1000.00,90000.00,441,100.000,1,85.0000,91.8800,84.51064,-0.5791
986,"2026-09-17 05:23:34.809543+04","merchant_sample",85.0000,1000.00,90000.00,441,100.000,1,85.0000,91.4750,84.50241,-0.5888
987,"2026-09-17 05:25:54.818047+04","merchant_sample",85.0000,1000.00,90000.00,441,100.000,1,85.0000,91.5000,84.50216,-0.5891
988,"2026-09-17 05:28:14.781826+04","merchant_sample",85.0000,1000.00,90000.00,441,100.000,1,85.0000,91.7000,84.49234,-0.6008
989,"2026-09-17 05:30:34.647947+04","merchant_sample",85.0000,1000.00,90000.00,441,100.000,1,85.0000,91.8300,84.49930,-0.5925
990,"2026-09-17 05:32:54.799926+04","merchant_sample",85.0000,1000.00,90000.00,441,100.000,1,85.0000,91.7000,84.49391,-0.5990
991,"2026-09-17 05:35:14.809937+04","merchant_sample",85.0000,1000.00,90000.00,441,100.000,2,84.9900,91.7000,84.50430,-0.5866
992,"2026-09-17 05:37:34.828797+04","merchant_sample",85.0000,1000.00,90000.00,441,100.000,1,85.0000,91.8800,84.50204,-0.5893
993,"2026-09-17 05:39:54.828756+04","merchant_sample",85.0000,1000.00,90000.00,441,100.000,1,85.0000,91.8900,84.49251,-0.6006
994,"2026-09-17 05:42:14.802215+04","merchant_sample",85.0000,1000.00,90000.00,441,100.000,1,85.0000,91.7400,84.50130,-0.5902
995,"2026-09-17 05:44:34.792795+04","merchant_sample",85.0000,1000.00,90000.00,441,100.000,1,85.0000,91.7000,84.50157,-0.5898
996,"2026-09-17 05:46:54.814474+04","merchant_sample",85.0000,1000.00,90000.00,441,100.000,1,85.0000,91.3500,84.49615,-0.5963
997,"2026-09-17 05:49:14.840636+04","merchant_sample",85.0000,1000.00,90000.00,441,100.000,1,85.0000,91.1200,84.49843,-0.5936
998,"2026-09-17 05:51:34.823594+04","merchant_sample",85.0000,1000.00,90000.00,441,100.000,1,85.0000,91.6000,84.48845,-0.6055
999,"2026-09-17 05:53:54.850868+04","merchant_sample",85.0000,1000.00,90000.00,441,100.000,1,85.0000,91.6000,84.50170,-0.5897
1000,"2026-09-17 05:56:14.837722+04","merchant_sample",85.0000,1000.00,90000.00,441,100.000,1,85.0000,91.7000,84.48656,-0.6077
1001,"2026-09-17 05:58:34.825702+04","merchant_sample",85.0000,1000.00,90000.00,441,100.000,1,85.0000,91.7000,84.50466,-0.5862
1002,"2026-09-17 06:00:54.697026+04","merchant_sample",85.0000,1000.00,90000.00,441,100.000,1,85.0000,91.8800,84.51355,-0.5756
1003,"2026-09-17 06:03:14.815858+04","merchant_sample",85.0000,1000.00,90000.00,441,100.000,1,85.0000,91.8850,84.49795,-0.5942
1004,"2026-09-17 06:05:34.8425+04","merchant_sample",85.0000,1000.00,90000.00,441,100.000,1,85.0000,91.8850,84.50746,-0.5828
1005,"2026-09-17 06:07:54.830456+04","merchant_sample",85.0000,1000.00,90000.00,441,100.000,2,84.5000,91.7400,84.49971,-0.5921
1006,"2026-09-17 06:10:14.825301+04","merchant_sample",85.0000,1000.00,90000.00,441,100.000,1,85.0000,91.7800,84.50481,-0.5860
1007,"2026-09-17 06:12:34.842818+04","merchant_sample",85.0000,1000.00,90000.00,441,100.000,1,85.0000,91.7000,84.50015,-0.5915
1008,"2026-09-17 06:14:54.837081+04","merchant_sample",85.0000,1000.00,90000.00,441,100.000,1,85.0000,91.5000,84.49998,-0.5917
1009,"2026-09-17 06:17:14.854987+04","merchant_sample",85.0000,1000.00,90000.00,441,100.000,1,85.0000,91.7400,84.49560,-0.5970
1010,"2026-09-17 06:19:34.905953+04","merchant_sample",85.0000,1000.00,90000.00,441,100.000,1,85.0000,91.7000,84.50091,-0.5906
1011,"2026-09-17 06:21:54.838288+04","merchant_sample",85.0000,1000.00,90000.00,441,100.000,1,85.0000,91.1200,84.49621,-0.5962
1012,"2026-09-17 06:24:14.861211+04","merchant_sample",85.0000,1000.00,90000.00,441,100.000,1,85.0000,91.6000,84.50150,-0.5899
1013,"2026-09-17 06:26:34.840239+04","merchant_sample",85.0000,1000.00,90000.00,441,100.000,1,85.0000,91.7000,84.49954,-0.5923
1014,"2026-09-17 06:28:54.857194+04","merchant_sample",85.0000,1000.00,90000.00,441,100.000,1,85.0000,91.7000,84.49523,-0.5974
1015,"2026-09-17 06:31:14.832589+04","merchant_sample",85.0000,1000.00,90000.00,441,100.000,1,85.0000,91.7000,84.49686,-0.5955
1016,"2026-09-17 06:33:34.84121+04","merchant_sample",85.0000,1000.00,90000.00,441,100.000,1,85.0000,91.8850,84.48830,-0.6056
1017,"2026-09-17 06:35:54.859076+04","merchant_sample",85.0000,1000.00,90000.00,441,100.000,1,85.0000,91.8800,84.49845,-0.5936
1018,"2026-09-17 06:38:14.880029+04","merchant_sample",85.0000,1000.00,90000.00,441,100.000,1,85.0000,92.0000,84.48111,-0.6142
1019,"2026-09-17 06:40:34.846753+04","merchant_sample",85.0000,1000.00,90000.00,441,100.000,1,85.0000,91.8850,84.48128,-0.6140
1020,"2026-09-17 06:42:54.848824+04","merchant_sample",85.0000,1000.00,90000.00,432,100.000,2,84.9400,91.8950,84.48880,-0.6051
1021,"2026-09-17 06:45:14.866444+04","merchant_sample",85.0000,1000.00,90000.00,432,100.000,1,85.0000,91.8300,84.49156,-0.6018
1022,"2026-09-17 06:47:34.853105+04","merchant_sample",85.0000,1000.00,90000.00,432,100.000,1,85.0000,91.9100,84.49021,-0.6034
1023,"2026-09-17 06:49:54.881081+04","merchant_sample",85.0000,1000.00,90000.00,432,100.000,1,85.0000,92.0000,84.50402,-0.5869
1024,"2026-09-17 06:52:14.881982+04","merchant_sample",85.0000,1000.00,90000.00,432,100.000,1,85.0000,91.8850,84.49751,-0.5947
1025,"2026-09-17 06:54:34.860825+04","merchant_sample",85.0000,1000.00,90000.00,432,100.000,2,84.9400,91.9100,84.50208,-0.5892
1026,"2026-09-17 06:56:54.882866+04","merchant_sample",85.0000,1000.00,90000.00,432,100.000,1,85.0000,91.8900,84.50188,-0.5895
1027,"2026-09-17 06:59:14.864201+04","merchant_sample",85.0000,1000.00,90000.00,432,100.000,1,85.0000,91.8300,84.49994,-0.5918
1028,"2026-09-17 07:01:34.708041+04","merchant_sample",85.0000,1000.00,90000.00,432,100.000,1,85.0000,91.9100,84.50071,-0.5909
1029,"2026-09-17 07:03:54.872306+04","merchant_sample",85.0000,1000.00,90000.00,432,100.000,2,84.9500,91.8900,84.49213,-0.6011
1030,"2026-09-17 07:06:14.869992+04","merchant_sample",85.0000,1000.00,90000.00,432,100.000,2,84.9500,91.8950,84.49045,-0.6031
1031,"2026-09-17 07:08:34.878695+04","merchant_sample",85.0000,1000.00,90000.00,432,100.000,2,84.9500,91.9000,84.49924,-0.5926
1032,"2026-09-17 07:10:54.908264+04","merchant_sample",85.0000,1000.00,90000.00,432,100.000,2,84.9500,91.9000,84.48718,-0.6070
1033,"2026-09-17 07:13:14.89712+04","merchant_sample",85.0000,1000.00,90000.00,432,100.000,2,84.9500,91.8900,84.49419,-0.5986
1034,"2026-09-17 07:15:34.733262+04","merchant_sample",85.0000,1000.00,90000.00,432,100.000,2,84.9500,91.8950,84.50091,-0.5906
1035,"2026-09-17 07:17:54.876124+04","merchant_sample",85.0000,1000.00,90000.00,432,100.000,2,84.9500,91.9000,84.49615,-0.5963
1036,"2026-09-17 07:20:14.872897+04","merchant_sample",85.0000,1000.00,90000.00,432,100.000,2,84.9500,91.9100,84.49925,-0.5926
1037,"2026-09-17 07:22:34.901993+04","merchant_sample",85.0000,1000.00,90000.00,432,100.000,4,84.3800,91.9000,84.48746,-0.6066
1038,"2026-09-17 07:24:54.877936+04","merchant_sample",85.0000,1000.00,90000.00,432,100.000,2,84.9500,91.9000,84.49826,-0.5938
1039,"2026-09-17 07:27:14.892598+04","merchant_sample",85.0000,1000.00,90000.00,432,100.000,3,84.3800,91.8300,84.48958,-0.6041
1040,"2026-09-17 07:29:34.721551+04","merchant_sample",85.0000,1000.00,90000.00,432,100.000,3,84.3800,91.8850,84.50182,-0.5895
1041,"2026-09-17 07:31:54.771122+04","merchant_sample",85.0000,1000.00,90000.00,432,100.000,2,84.7000,91.8800,84.50091,-0.5906
1042,"2026-09-17 07:34:14.909472+04","merchant_sample",85.0000,1000.00,90000.00,432,100.000,4,84.7000,91.7000,84.49901,-0.5929
1043,"2026-09-17 07:36:34.908503+04","merchant_sample",85.0000,1000.00,90000.00,432,100.000,2,84.7000,91.7000,84.50047,-0.5912
1044,"2026-09-17 07:38:54.929137+04","merchant_sample",85.0000,1000.00,90000.00,432,100.000,2,84.7000,91.7000,84.49612,-0.5963
1045,"2026-09-17 07:41:14.900571+04","merchant_sample",85.0000,1000.00,90000.00,432,100.000,2,84.7000,91.7800,84.50085,-0.5907
1046,"2026-09-17 07:43:34.902019+04","merchant_sample",85.0000,1000.00,90000.00,432,100.000,2,84.7000,91.7000,84.50120,-0.5903
1047,"2026-09-17 07:45:54.793249+04","merchant_sample",85.0000,1000.00,90000.00,432,100.000,3,84.0000,91.8900,84.49098,-0.6025
1048,"2026-09-17 07:48:14.919672+04","merchant_sample",85.0000,1000.00,90000.00,432,100.000,1,85.0000,91.9000,84.50037,-0.5913
1049,"2026-09-17 07:50:34.930979+04","merchant_sample",85.0000,1000.00,90000.00,432,100.000,1,85.0000,91.8900,84.49677,-0.5956
1050,"2026-09-17 07:52:54.904601+04","merchant_sample",85.0000,1000.00,90000.00,432,100.000,1,85.0000,91.9000,84.49830,-0.5937
1051,"2026-09-17 07:55:14.922474+04","merchant_sample",85.0000,1000.00,90000.00,432,100.000,2,84.0000,91.7000,84.40105,-0.7096
1052,"2026-09-17 07:57:34.921122+04","merchant_sample",85.0000,1000.00,90000.00,432,100.000,1,85.0000,91.8850,84.31925,-0.8073
1053,"2026-09-17 07:59:54.911692+04","merchant_sample",85.0000,1000.00,90000.00,432,100.000,1,85.0000,91.7800,84.38612,-0.7275
1054,"2026-09-17 08:02:15.085618+04","merchant_sample",85.0000,1000.00,90000.00,432,100.000,1,85.0000,91.8300,84.38766,-0.7256
1055,"2026-09-17 08:04:34.919651+04","merchant_sample",85.0000,1000.00,90000.00,432,100.000,1,85.0000,91.8900,84.39125,-0.7213
1056,"2026-09-17 08:06:54.912651+04","merchant_sample",85.0000,1000.00,90000.00,432,100.000,2,84.5000,91.9100,84.41602,-0.6918
1057,"2026-09-17 08:09:14.937666+04","merchant_sample",85.0000,1000.00,90000.00,432,100.000,2,84.5000,91.9200,84.34486,-0.7767
1058,"2026-09-17 08:11:34.932227+04","merchant_sample",85.0000,1000.00,90000.00,432,100.000,1,85.0000,91.8850,84.34318,-0.7787
1059,"2026-09-17 08:13:54.908573+04","merchant_sample",85.0000,1000.00,90000.00,432,100.000,1,85.0000,91.8850,84.40498,-0.7050
1060,"2026-09-17 08:16:14.855381+04","merchant_sample",85.0000,1000.00,90000.00,432,100.000,1,85.0000,91.8900,84.40697,-0.7026
1061,"2026-09-17 08:18:34.940447+04","merchant_sample",85.0000,1000.00,90000.00,432,100.000,1,85.0000,91.8950,84.27789,-0.8568
1062,"2026-09-17 08:20:54.932878+04","merchant_sample",85.0000,1000.00,90000.00,432,100.000,2,84.9900,91.6600,84.36669,-0.7507
1063,"2026-09-17 08:23:14.950111+04","merchant_sample",85.0000,1000.00,90000.00,432,100.000,1,85.0000,91.7000,84.37439,-0.7415
1064,"2026-09-17 08:25:34.942074+04","merchant_sample",85.0000,1000.00,90000.00,432,100.000,1,85.0000,91.8850,84.41829,-0.6891
1065,"2026-09-17 08:27:54.928575+04","merchant_sample",85.0000,1000.00,90000.00,432,100.000,2,84.5000,91.8800,84.35471,-0.7650
1066,"2026-09-17 08:30:14.943065+04","merchant_sample",85.0000,1000.00,90000.00,432,100.000,1,85.0000,92.0000,84.32073,-0.8056
1067,"2026-09-17 08:32:34.936019+04","merchant_sample",85.0000,1000.00,90000.00,432,100.000,1,85.0000,91.8850,84.28457,-0.8488
1068,"2026-09-17 08:34:54.934948+04","merchant_sample",85.0000,1000.00,90000.00,432,100.000,1,85.0000,91.9200,84.40463,-0.7054
1069,"2026-09-17 08:37:14.938193+04","merchant_sample",85.0000,1000.00,90000.00,432,100.000,1,85.0000,91.8900,84.36253,-0.7556
1070,"2026-09-17 08:39:34.959838+04","merchant_sample",85.0000,1000.00,90000.00,432,100.000,1,85.0000,91.9050,84.41665,-0.6910
1071,"2026-09-17 08:41:54.962518+04","merchant_sample",85.0000,1000.00,90000.00,432,100.000,1,85.0000,91.9050,84.32942,-0.7952
1072,"2026-09-17 08:44:14.937676+04","merchant_sample",85.0000,1000.00,90000.00,432,100.000,1,85.0000,91.8850,84.39754,-0.7138
1073,"2026-09-17 08:46:34.960923+04","merchant_sample",85.0000,1000.00,90000.00,432,100.000,1,85.0000,91.9200,84.42122,-0.6856
1074,"2026-09-17 08:48:54.935173+04","merchant_sample",85.0000,1000.00,90000.00,432,100.000,1,85.0000,92.0000,84.40449,-0.7055
1075,"2026-09-17 08:51:14.96452+04","merchant_sample",85.0000,1000.00,90000.00,432,100.000,1,85.0000,92.0000,84.40073,-0.7100
1076,"2026-09-17 08:53:34.932391+04","merchant_sample",85.0000,1000.00,90000.00,432,100.000,3,84.5000,92.0000,84.53913,-0.5452
1077,"2026-09-17 08:55:54.967804+04","merchant_sample",85.0000,1000.00,90000.00,432,100.000,1,85.0000,92.0000,84.50136,-0.5901
1078,"2026-09-17 08:58:14.960177+04","merchant_sample",85.0000,1000.00,90000.00,432,100.000,1,85.0000,92.0000,84.49419,-0.5986
1079,"2026-09-17 09:00:34.857449+04","merchant_sample",85.0000,1000.00,90000.00,432,100.000,1,85.0000,91.8850,84.50172,-0.5897
1080,"2026-09-17 09:02:54.985747+04","merchant_sample",85.0000,1000.00,90000.00,432,100.000,1,85.0000,91.9050,84.48794,-0.6061
1081,"2026-09-17 09:05:14.977684+04","merchant_sample",85.0000,1000.00,90000.00,432,100.000,2,84.5000,92.0000,84.46168,-0.6374
1082,"2026-09-17 09:07:34.956876+04","merchant_sample",85.0000,1000.00,90000.00,432,100.000,1,85.0000,91.9600,84.49857,-0.5934
1083,"2026-09-17 09:09:54.998841+04","merchant_sample",85.0000,1000.00,90000.00,432,100.000,1,85.0000,92.0000,84.50442,-0.5865
1084,"2026-09-17 09:12:14.968585+04","merchant_sample",85.0000,1000.00,90000.00,432,100.000,1,85.0000,91.8800,84.48873,-0.6051
1085,"2026-09-17 09:14:34.961297+04","merchant_sample",85.0000,1000.00,90000.00,432,100.000,1,85.0000,92.0000,84.49876,-0.5932
1086,"2026-09-17 09:16:54.987351+04","merchant_sample",85.0000,1000.00,90000.00,432,100.000,1,85.0000,92.0000,84.49657,-0.5958
1087,"2026-09-17 09:19:14.98763+04","merchant_sample",85.0000,1000.00,90000.00,432,100.000,1,85.0000,92.0000,84.49696,-0.5953
1088,"2026-09-17 09:21:34.954294+04","merchant_sample",85.0000,1000.00,90000.00,432,100.000,1,85.0000,91.7000,84.48996,-0.6037
1089,"2026-09-17 09:23:54.996951+04","merchant_sample",85.0000,1000.00,90000.00,432,100.000,1,85.0000,91.7000,84.48407,-0.6107
1090,"2026-09-17 09:26:14.97437+04","merchant_sample",85.0000,1000.00,90000.00,432,100.000,1,85.0000,91.6600,84.47881,-0.6169
1091,"2026-09-17 09:28:34.965612+04","merchant_sample",85.0000,1000.00,90000.00,432,100.000,1,85.0000,91.6000,84.50678,-0.5836
1092,"2026-09-17 09:30:54.843283+04","merchant_sample",85.0000,1000.00,90000.00,432,100.000,1,85.0000,91.5000,84.56846,-0.5103
1093,"2026-09-17 09:33:14.97375+04","merchant_sample",85.0000,1000.00,90000.00,432,100.000,1,85.0000,91.5000,84.54198,-0.5418
1094,"2026-09-17 09:35:34.978741+04","merchant_sample",85.0000,1000.00,90000.00,432,100.000,1,85.0000,91.6800,84.55981,-0.5206
1095,"2026-09-17 09:37:55.008965+04","merchant_sample",85.0000,1000.00,90000.00,432,100.000,1,85.0000,91.5000,84.54860,-0.5339
1096,"2026-09-17 09:40:14.981555+04","merchant_sample",85.0000,1000.00,90000.00,432,100.000,1,85.0000,91.6800,84.57799,-0.4990
1097,"2026-09-17 09:42:34.989905+04","merchant_sample",85.0000,1000.00,90000.00,432,100.000,1,85.0000,91.7400,84.55261,-0.5291
1098,"2026-09-17 09:44:55.010856+04","merchant_sample",85.0000,1000.00,90000.00,432,100.000,1,85.0000,91.7000,84.60495,-0.4669
1099,"2026-09-17 09:47:14.990539+04","merchant_sample",85.0000,1000.00,74495.50,432,100.000,1,85.0000,91.7000,84.59647,-0.4770
1100,"2026-09-17 09:49:34.978331+04","merchant_sample",85.0000,1000.00,74495.50,432,100.000,1,85.0000,91.9000,84.58827,-0.4867
1101,"2026-09-17 09:51:55.027014+04","merchant_sample",85.0000,1000.00,70091.35,432,100.000,1,85.0000,91.9000,84.58553,-0.4900
1102,"2026-09-17 09:54:14.992866+04","merchant_sample",85.0000,1000.00,70091.35,433,100.000,1,85.0000,92.0000,84.60494,-0.4669
1103,"2026-09-17 09:56:35.01355+04","merchant_sample",85.0000,1000.00,70091.35,433,100.000,1,85.0000,92.0000,84.62506,-0.4431
1104,"2026-09-17 09:58:55.013368+04","merchant_sample",85.0000,1000.00,70091.35,433,100.000,1,85.0000,92.0000,84.56683,-0.5122
1105,"2026-09-17 10:01:14.93361+04","merchant_sample",85.0000,1000.00,70091.35,433,100.000,1,85.0000,91.8800,84.57559,-0.5018
1106,"2026-09-17 10:03:35.002166+04","merchant_sample",85.0000,1000.00,70091.35,433,100.000,1,85.0000,92.0000,84.57280,-0.5051
1107,"2026-09-17 10:05:55.010368+04","merchant_sample",85.0000,1000.00,70091.35,433,100.000,1,85.0000,91.9400,84.58512,-0.4905
1108,"2026-09-17 10:08:15.015585+04","merchant_sample",85.0000,1000.00,70091.35,433,100.000,1,85.0000,91.9700,84.55090,-0.5312
1109,"2026-09-17 10:10:35.001725+04","merchant_sample",85.0000,1000.00,70091.35,433,100.000,1,85.0000,92.0000,84.46571,-0.6326
1110,"2026-09-17 10:12:55.030564+04","merchant_sample",85.0000,1000.00,70091.35,433,100.000,1,85.0000,92.0000,84.41685,-0.6908
1111,"2026-09-17 10:15:15.032249+04","merchant_sample",85.0000,1000.00,70091.35,433,100.000,1,85.0000,92.0000,84.39823,-0.7130
1112,"2026-09-17 10:17:34.996728+04","merchant_sample",85.0000,1000.00,70091.35,433,100.000,1,85.0000,92.0000,84.48506,-0.6095
1113,"2026-09-17 10:19:55.015575+04","merchant_sample",85.0000,1000.00,70091.35,433,100.000,1,85.0000,91.9300,84.47428,-0.6223
1114,"2026-09-17 10:22:15.046659+04","merchant_sample",85.0000,1000.00,70091.35,433,100.000,1,85.0000,91.9300,84.48919,-0.6046
1115,"2026-09-17 10:24:35.016181+04","merchant_sample",85.0000,1000.00,70091.35,433,100.000,1,85.0000,92.0000,84.54733,-0.5354
1116,"2026-09-17 10:26:55.025702+04","merchant_sample",85.0000,1000.00,70091.35,433,100.000,1,85.0000,92.0000,84.48180,-0.6134
1117,"2026-09-17 10:29:15.016336+04","merchant_sample",85.0000,1000.00,70091.35,433,100.000,1,85.0000,91.9400,84.45529,-0.6450
1118,"2026-09-17 10:31:34.932047+04","merchant_sample",85.0000,1000.00,70091.35,433,100.000,1,85.0000,91.9700,84.46743,-0.6305
1119,"2026-09-17 10:33:55.034579+04","merchant_sample",85.0000,1000.00,70091.35,433,100.000,1,85.0000,92.0000,84.42902,-0.6763
1120,"2026-09-17 10:36:15.025074+04","merchant_sample",85.0000,1000.00,70091.35,433,100.000,1,85.0000,92.0000,84.45873,-0.6409
1121,"2026-09-17 10:38:35.036723+04","merchant_sample",85.0000,1000.00,70091.35,433,100.000,1,85.0000,92.0000,84.45665,-0.6433
1122,"2026-09-17 10:40:55.075904+04","merchant_sample",85.0000,1000.00,70091.35,433,100.000,1,85.0000,92.0000,84.48287,-0.6121
1123,"2026-09-17 10:43:15.095268+04","merchant_sample",85.0000,1000.00,70091.35,433,100.000,1,85.0000,92.0000,84.47724,-0.6188
1124,"2026-09-17 10:45:34.872403+04","merchant_sample",85.0000,1000.00,70091.35,433,100.000,1,85.0000,92.0000,84.46687,-0.6312
1125,"2026-09-17 10:47:55.040992+04","merchant_sample",85.0000,1000.00,70091.35,433,100.000,1,85.0000,92.0000,84.47602,-0.6203
1126,"2026-09-17 10:50:15.042653+04","merchant_sample",85.0000,1000.00,70091.35,433,100.000,2,84.0000,91.8800,84.44961,-0.6517
1127,"2026-09-17 10:52:35.04307+04","merchant_sample",85.0000,1000.00,70091.35,433,100.000,1,85.0000,91.8800,84.45446,-0.6460
1128,"2026-09-17 10:54:55.039029+04","merchant_sample",85.0000,1000.00,70091.35,433,100.000,1,85.0000,91.7500,84.48634,-0.6080
1129,"2026-09-17 10:57:15.068482+04","merchant_sample",85.0000,1000.00,70091.35,433,100.000,1,85.0000,91.5000,84.43780,-0.6658
1130,"2026-09-17 10:59:35.040367+04","merchant_sample",85.0000,1000.00,70091.35,433,100.000,1,85.0000,91.5000,84.49448,-0.5983
1131,"2026-09-17 11:01:55.035603+04","merchant_sample",85.0000,1000.00,70091.35,433,100.000,1,85.0000,91.5000,84.50374,-0.5873
1132,"2026-09-17 11:04:15.054306+04","merchant_sample",85.0000,1000.00,70091.35,433,100.000,1,85.0000,91.5000,84.45865,-0.6410
1133,"2026-09-17 11:06:35.062819+04","merchant_sample",85.0000,1000.00,70091.35,433,100.000,2,84.0000,91.5000,84.35357,-0.7663
1134,"2026-09-17 11:08:55.085808+04","merchant_sample",85.0000,1000.00,70091.35,433,100.000,1,85.0000,91.5000,84.33552,-0.7879
1135,"2026-09-17 11:11:15.064847+04","merchant_sample",85.0000,1000.00,70091.35,433,100.000,1,85.0000,91.7650,84.38634,-0.7272
1136,"2026-09-17 11:13:34.907001+04","merchant_sample",85.0000,1000.00,70091.35,433,100.000,1,85.0000,91.7800,84.39801,-0.7133
1137,"2026-09-17 11:15:54.900373+04","merchant_sample",85.0000,1000.00,70091.35,433,100.000,1,85.0000,91.7000,84.35458,-0.7651
1138,"2026-09-17 11:18:15.049904+04","merchant_sample",85.0000,1000.00,70091.35,433,100.000,1,85.0000,91.5000,84.35142,-0.7689
1139,"2026-09-17 11:20:35.049191+04","merchant_sample",85.0000,1000.00,70091.35,433,100.000,1,85.0000,91.6600,84.20423,-0.9450
1140,"2026-09-17 11:22:55.096738+04","merchant_sample",85.0000,1000.00,70091.35,433,100.000,1,85.0000,91.7150,84.24649,-0.8944
1141,"2026-09-17 11:25:15.055323+04","merchant_sample",85.0000,1000.00,70091.35,433,100.000,1,85.0000,91.6600,84.21369,-0.9337
1142,"2026-09-17 15:46:02.51582+04","merchant_sample",85.0000,1000.00,90000.00,434,100.000,1,85.0000,91.0000,84.64603,-0.4182
1143,"2026-09-17 15:48:09.637392+04","merchant_sample",85.0000,1000.00,90000.00,434,100.000,1,85.0000,91.0000,84.62320,-0.4453
1144,"2026-09-17 15:49:09.637399+04","merchant_sample",85.0000,1000.00,90000.00,434,100.000,1,85.0000,91.2700,84.62320,-0.4453
1145,"2026-09-17 15:50:09.637678+04","merchant_sample",85.0000,1000.00,90000.00,434,100.000,1,85.0000,91.1900,84.62320,-0.4453
1146,"2026-09-17 15:51:09.638528+04","merchant_sample",85.0000,1000.00,90000.00,434,100.000,1,85.0000,91.3900,84.67335,-0.3858
1147,"2026-09-17 15:52:09.638728+04","merchant_sample",85.0000,1000.00,90000.00,434,100.000,1,85.0000,91.3900,84.67335,-0.3858
1148,"2026-09-17 15:53:09.638951+04","merchant_sample",85.0000,1000.00,90000.00,434,100.000,1,85.0000,91.2700,84.67335,-0.3858
1149,"2026-09-17 15:54:09.639127+04","merchant_sample",85.0000,1000.00,90000.00,434,100.000,1,85.0000,91.4300,84.68108,-0.3766
1150,"2026-09-17 15:55:09.6391+04","merchant_sample",85.0000,1000.00,90000.00,434,100.000,1,85.0000,91.3000,84.68108,-0.3766
1151,"2026-09-17 16:16:12.26535+04","merchant_sample",85.0000,1000.00,90000.00,434,100.000,1,85.0000,91.3250,84.59264,-0.4816
1152,"2026-09-17 16:17:12.266212+04","merchant_sample",85.0000,1000.00,90000.00,434,100.000,1,85.0000,91.3250,84.59264,-0.4816
1153,"2026-09-17 16:24:54.877917+04","merchant_sample",85.0000,1000.00,90000.00,434,100.000,1,85.0000,91.3750,84.50305,-0.5881
1154,"2026-09-17 16:25:54.878311+04","merchant_sample",85.0000,1000.00,90000.00,434,100.000,1,85.0000,91.4450,84.50305,-0.5881
1155,"2026-09-17 16:26:54.878845+04","merchant_sample",85.0000,1000.00,90000.00,434,100.000,1,85.0000,91.5000,84.53066,-0.5552
1156,"2026-09-17 16:27:54.879463+04","merchant_sample",85.0000,1000.00,90000.00,434,100.000,1,85.0000,91.4850,84.53066,-0.5552
1157,"2026-09-17 16:28:54.87985+04","merchant_sample",85.0000,1000.00,90000.00,434,100.000,1,85.0000,91.4800,84.52683,-0.5598
1158,"2026-09-17 16:29:54.881424+04","merchant_sample",85.0000,1000.00,90000.00,434,100.000,1,85.0000,91.4800,84.52683,-0.5598
1159,"2026-09-17 16:30:54.883307+04","merchant_sample",85.0000,1000.00,90000.00,434,100.000,1,85.0000,91.4000,84.50816,-0.5820
1160,"2026-09-17 16:31:54.885009+04","merchant_sample",85.0000,1000.00,90000.00,434,100.000,1,85.0000,91.4350,84.50816,-0.5820
1161,"2026-09-17 16:32:54.886622+04","merchant_sample",85.0000,1000.00,90000.00,434,100.000,1,85.0000,91.3750,84.53876,-0.5456
1162,"2026-09-17 16:33:54.888296+04","merchant_sample",85.0000,1000.00,90000.00,434,100.000,1,85.0000,91.4650,84.53876,-0.5456
1163,"2026-09-17 16:34:54.889857+04","merchant_sample",85.0000,1000.00,90000.00,434,100.000,1,85.0000,91.4650,84.53944,-0.5448
1164,"2026-09-17 16:35:54.893864+04","merchant_sample",85.0000,1000.00,90000.00,434,100.000,1,85.0000,91.4900,84.53944,-0.5448
1165,"2026-09-17 16:36:54.897776+04","merchant_sample",85.0000,1000.00,90000.00,434,100.000,1,85.0000,91.4950,84.54273,-0.5409
1166,"2026-09-17 16:37:54.896968+04","merchant_sample",85.0000,1000.00,90000.00,434,100.000,1,85.0000,91.5500,84.54273,-0.5409
1167,"2026-09-17 16:38:54.89869+04","merchant_sample",85.0000,1000.00,90000.00,434,100.000,1,85.0000,91.4850,84.54071,-0.5433
1168,"2026-09-17 16:39:54.900127+04","merchant_sample",85.0000,1000.00,90000.00,434,100.000,1,85.0000,91.5500,84.54071,-0.5433
1169,"2026-09-17 16:40:54.900136+04","merchant_sample",85.0000,1000.00,90000.00,434,100.000,1,85.0000,91.4650,84.54015,-0.5439
1170,"2026-09-17 16:41:54.900547+04","merchant_sample",85.0000,1000.00,90000.00,434,100.000,1,85.0000,91.4800,84.54015,-0.5439
1171,"2026-09-17 16:42:54.901281+04","merchant_sample",85.0000,1000.00,90000.00,434,100.000,1,85.0000,91.4400,84.54664,-0.5362
1172,"2026-09-17 16:43:54.901903+04","merchant_sample",85.0000,1000.00,90000.00,434,100.000,1,85.0000,91.4450,84.54664,-0.5362
1173,"2026-09-17 16:44:54.902107+04","merchant_sample",85.0000,1000.00,90000.00,434,100.000,1,85.0000,91.4650,84.54112,-0.5428
1174,"2026-09-17 16:45:54.902871+04","merchant_sample",85.0000,1000.00,90000.00,434,100.000,1,85.0000,91.4800,84.54112,-0.5428
1175,"2026-09-17 16:46:54.90356+04","merchant_sample",85.0000,1000.00,90000.00,434,100.000,1,85.0000,91.4500,84.54407,-0.5393
1176,"2026-09-17 16:47:54.903976+04","merchant_sample",85.0000,1000.00,90000.00,434,100.000,1,85.0000,91.4650,84.54407,-0.5393
1177,"2026-09-17 16:48:54.90446+04","merchant_sample",85.0000,1000.00,90000.00,434,100.000,1,85.0000,91.4800,84.53863,-0.5458
1178,"2026-09-17 16:49:54.905252+04","merchant_sample",85.0000,1000.00,90000.00,434,100.000,1,85.0000,91.4650,84.53863,-0.5458
1179,"2026-09-17 16:50:54.905659+04","merchant_sample",85.0000,1000.00,90000.00,434,100.000,1,85.0000,91.4900,84.53863,-0.5458
1180,"2026-09-17 16:51:54.906339+04","merchant_sample",85.0000,1000.00,90000.00,434,100.000,1,85.0000,91.4450,84.54328,-0.5402
1181,"2026-09-17 16:52:54.907278+04","merchant_sample",85.0000,1000.00,90000.00,434,100.000,1,85.0000,91.4500,84.54328,-0.5402
1182,"2026-09-17 16:53:54.907678+04","merchant_sample",85.0000,1000.00,90000.00,434,100.000,2,82.8000,91.4400,84.54158,-0.5422
1183,"2026-09-17 16:54:54.908652+04","merchant_sample",85.0000,1000.00,90000.00,434,100.000,2,82.8000,91.4400,84.54158,-0.5422
1184,"2026-09-17 16:55:54.909584+04","merchant_sample",85.0000,1000.00,90000.00,434,100.000,1,85.0000,91.4000,84.52892,-0.5573
1185,"2026-09-17 16:56:54.910031+04","merchant_sample",85.0000,1000.00,90000.00,434,100.000,1,85.0000,91.4000,84.52892,-0.5573
1186,"2026-09-17 16:57:54.910441+04","merchant_sample",85.0000,1000.00,90000.00,434,100.000,1,85.0000,91.3500,84.53162,-0.5541
1187,"2026-09-17 16:58:54.910958+04","merchant_sample",85.0000,1000.00,90000.00,434,100.000,1,85.0000,91.4150,84.53162,-0.5541
1188,"2026-09-17 16:59:54.911205+04","merchant_sample",85.0000,1000.00,90000.00,434,100.000,1,85.0000,91.4000,84.53595,-0.5489
1189,"2026-09-17 17:00:54.912377+04","merchant_sample",85.0000,1000.00,90000.00,434,100.000,1,85.0000,91.4350,84.53595,-0.5489
1190,"2026-09-17 17:01:54.912909+04","merchant_sample",85.0000,1000.00,90000.00,434,100.000,1,85.0000,91.4050,84.53396,-0.5513
1191,"2026-09-17 17:02:54.913624+04","merchant_sample",85.0000,1000.00,90000.00,434,100.000,1,85.0000,91.4100,84.53396,-0.5513
1192,"2026-09-17 17:03:54.91401+04","merchant_sample",85.0000,1000.00,90000.00,434,100.000,1,85.0000,91.4350,84.54061,-0.5434
1193,"2026-09-17 17:04:54.91428+04","merchant_sample",85.0000,1000.00,90000.00,434,100.000,1,85.0000,91.4300,84.54061,-0.5434
1194,"2026-09-17 17:05:54.915092+04","merchant_sample",85.0000,1000.00,90000.00,434,100.000,1,85.0000,91.4050,84.53968,-0.5445
1195,"2026-09-17 17:06:54.915582+04","merchant_sample",85.0000,1000.00,90000.00,434,100.000,1,85.0000,91.4000,84.53968,-0.5445
1196,"2026-09-17 17:07:54.916264+04","merchant_sample",85.0000,1000.00,90000.00,434,100.000,1,85.0000,91.4000,84.53253,-0.5530
1197,"2026-09-17 17:08:54.91658+04","merchant_sample",85.0000,1000.00,90000.00,434,100.000,1,85.0000,91.3250,84.53253,-0.5530
1198,"2026-09-17 17:09:54.917391+04","merchant_sample",85.0000,1000.00,90000.00,434,100.000,1,85.0000,91.4000,84.52896,-0.5573
1199,"2026-09-17 17:10:54.918093+04","merchant_sample",85.0000,1000.00,90000.00,434,100.000,1,85.0000,91.3750,84.52896,-0.5573
1200,"2026-09-17 17:11:54.918169+04","merchant_sample",85.0000,1000.00,90000.00,434,100.000,1,85.0000,91.4150,84.52369,-0.5635
1201,"2026-09-17 17:12:54.919103+04","merchant_sample",85.0000,1000.00,90000.00,434,100.000,1,85.0000,91.4800,84.52369,-0.5635
1202,"2026-09-17 17:13:54.919725+04","merchant_sample",85.0000,1000.00,90000.00,434,100.000,2,84.0000,91.8000,84.52571,-0.5611
1203,"2026-09-17 17:14:54.920179+04","merchant_sample",85.0000,1000.00,90000.00,434,100.000,1,85.0000,91.5500,84.52571,-0.5611
1204,"2026-09-17 17:15:54.920633+04","merchant_sample",85.0000,1000.00,90000.00,434,100.000,1,85.0000,91.6000,84.52711,-0.5595
1205,"2026-09-17 17:16:54.921271+04","merchant_sample",85.0000,1000.00,90000.00,434,100.000,1,85.0000,91.5000,84.52711,-0.5595
1206,"2026-09-17 17:17:54.921784+04","merchant_sample",85.0000,1000.00,90000.00,434,100.000,1,85.0000,91.4650,84.52757,-0.5589
1207,"2026-09-17 17:18:54.922553+04","merchant_sample",85.0000,1000.00,90000.00,434,100.000,1,85.0000,91.4300,84.52757,-0.5589
1208,"2026-09-17 17:19:54.923038+04","merchant_sample",85.0000,1000.00,90000.00,434,100.000,1,85.0000,91.4000,84.52187,-0.5657
1209,"2026-09-17 17:20:54.923486+04","merchant_sample",85.0000,1000.00,90000.00,434,100.000,1,85.0000,91.4650,84.52187,-0.5657
1210,"2026-09-17 17:21:54.923967+04","merchant_sample",85.0000,1000.00,90000.00,434,100.000,1,85.0000,91.4650,84.52602,-0.5608
1211,"2026-09-17 17:22:54.924466+04","merchant_sample",85.0000,1000.00,90000.00,434,100.000,1,85.0000,91.4400,84.52602,-0.5608
1212,"2026-09-17 17:23:54.92515+04","merchant_sample",85.0000,1000.00,90000.00,434,100.000,1,85.0000,91.4000,84.52131,-0.5664
1213,"2026-09-17 17:24:54.925382+04","merchant_sample",85.0000,1000.00,90000.00,434,100.000,1,85.0000,91.3800,84.52131,-0.5664
1214,"2026-09-17 17:25:54.92603+04","merchant_sample",85.0000,1000.00,90000.00,434,100.000,1,85.0000,91.4500,84.52304,-0.5643
1215,"2026-09-17 17:26:54.926536+04","merchant_sample",85.0000,1000.00,90000.00,434,100.000,1,85.0000,91.4800,84.52304,-0.5643
1216,"2026-09-17 17:27:54.927216+04","merchant_sample",85.0000,1000.00,90000.00,434,100.000,1,85.0000,91.4650,84.52304,-0.5643
1217,"2026-09-17 17:28:54.927755+04","merchant_sample",85.0000,1000.00,90000.00,434,100.000,1,85.0000,91.4850,84.52699,-0.5596
1218,"2026-09-17 17:29:54.92876+04","merchant_sample",85.0000,1000.00,90000.00,434,100.000,1,85.0000,91.6000,84.52699,-0.5596
1219,"2026-09-17 17:30:54.929266+04","merchant_sample",85.0000,1000.00,90000.00,434,100.000,1,85.0000,91.5000,84.52229,-0.5652
1220,"2026-09-17 17:31:54.929706+04","merchant_sample",85.0000,1000.00,90000.00,434,100.000,1,85.0000,91.4500,84.52229,-0.5652
1221,"2026-09-17 17:32:54.930391+04","merchant_sample",85.0000,1000.00,90000.00,434,100.000,1,85.0000,91.6700,84.52359,-0.5636
1222,"2026-09-17 17:33:54.930831+04","merchant_sample",85.0000,1000.00,90000.00,434,100.000,1,85.0000,91.4950,84.52359,-0.5636
1223,"2026-09-17 17:34:54.931277+04","merchant_sample",85.0000,1000.00,90000.00,434,100.000,1,85.0000,91.6000,84.52274,-0.5647
1224,"2026-09-17 17:35:54.932091+04","merchant_sample",85.0000,1000.00,90000.00,434,100.000,1,85.0000,91.7650,84.52274,-0.5647
1225,"2026-09-17 17:36:54.933391+04","merchant_sample",85.0000,1000.00,90000.00,434,100.000,2,84.4900,91.6000,84.52604,-0.5607
1226,"2026-09-17 17:37:54.933799+04","merchant_sample",85.0000,1000.00,90000.00,434,100.000,2,84.4900,91.6000,84.52604,-0.5607
1227,"2026-09-17 17:38:54.934274+04","merchant_sample",85.0000,1000.00,90000.00,434,100.000,2,84.4900,91.4800,84.51846,-0.5697
1228,"2026-09-17 17:39:54.935786+04","merchant_sample",85.0000,1000.00,90000.00,434,100.000,2,84.4900,91.4900,84.51846,-0.5697
1229,"2026-09-17 17:40:54.936531+04","merchant_sample",85.0000,1000.00,90000.00,434,100.000,2,84.4900,91.5000,84.52510,-0.5618
1230,"2026-09-17 17:41:54.937129+04","merchant_sample",85.0000,1000.00,90000.00,434,100.000,2,84.4900,91.7400,84.52510,-0.5618
1231,"2026-09-17 17:42:54.937464+04","merchant_sample",85.0000,1000.00,90000.00,434,100.000,2,84.4900,91.5000,84.52628,-0.5604
1232,"2026-09-17 17:43:54.938108+04","merchant_sample",85.0000,1000.00,90000.00,434,100.000,2,84.4900,91.4650,84.52628,-0.5604
1233,"2026-09-17 17:44:54.93874+04","merchant_sample",85.0000,1000.00,90000.00,434,100.000,2,84.4900,91.4900,84.52358,-0.5637
1234,"2026-09-17 17:45:54.939262+04","merchant_sample",85.0000,1000.00,90000.00,434,100.000,2,84.4900,91.4850,84.52358,-0.5637
1235,"2026-09-17 17:46:54.939746+04","merchant_sample",85.0000,1000.00,90000.00,434,100.000,2,84.4900,91.3400,84.52692,-0.5597
1236,"2026-09-17 17:47:54.940352+04","merchant_sample",85.0000,1000.00,90000.00,434,100.000,2,84.4900,91.3400,84.52692,-0.5597
1237,"2026-09-17 17:48:54.940902+04","merchant_sample",85.0000,1000.00,90000.00,434,100.000,2,84.4900,91.4850,84.52758,-0.5589
1238,"2026-09-17 17:49:54.941356+04","merchant_sample",85.0000,1000.00,90000.00,434,100.000,2,84.4900,91.4150,84.52758,-0.5589
1239,"2026-09-17 17:50:54.942423+04","merchant_sample",85.0000,1000.00,90000.00,434,100.000,2,84.4900,91.4500,84.52056,-0.5672
1240,"2026-09-17 17:51:54.942804+04","merchant_sample",85.0000,1000.00,90000.00,434,100.000,2,84.4900,91.4300,84.52056,-0.5672
1241,"2026-09-17 17:52:54.943232+04","merchant_sample",85.0000,1000.00,90000.00,434,100.000,2,84.4900,91.4150,84.52759,-0.5589
1242,"2026-09-17 17:53:54.943877+04","merchant_sample",85.0000,1000.00,90000.00,434,100.000,2,84.4900,91.4000,84.52759,-0.5589
1243,"2026-09-17 17:54:54.943967+04","merchant_sample",85.0000,1000.00,90000.00,434,100.000,2,84.4900,91.3500,84.52553,-0.5613
1244,"2026-09-17 17:55:54.94492+04","merchant_sample",85.0000,1000.00,90000.00,434,100.000,2,84.4900,91.3500,84.52553,-0.5613
1245,"2026-09-17 17:56:54.94519+04","merchant_sample",85.0000,1000.00,90000.00,434,100.000,2,84.4900,91.3400,84.52327,-0.5640
1246,"2026-09-17 17:57:54.945633+04","merchant_sample",85.0000,1000.00,90000.00,434,100.000,2,84.4900,91.3450,84.52327,-0.5640
1247,"2026-09-17 17:58:54.94671+04","merchant_sample",85.0000,1000.00,90000.00,434,100.000,2,84.4900,91.0100,84.52609,-0.5607
1248,"2026-09-17 17:59:54.947209+04","merchant_sample",85.0000,1000.00,90000.00,434,100.000,2,84.4900,91.3800,84.52609,-0.5607
1249,"2026-09-17 18:00:54.947922+04","merchant_sample",85.0000,1000.00,90000.00,434,100.000,3,84.4900,91.3400,84.52609,-0.5607
1250,"2026-09-17 18:01:54.948251+04","merchant_sample",85.0000,1000.00,90000.00,434,100.000,2,84.4900,91.3500,84.52657,-0.5601
1251,"2026-09-17 18:02:54.948608+04","merchant_sample",85.0000,1000.00,90000.00,434,100.000,2,84.4900,91.4800,84.52657,-0.5601
1252,"2026-09-17 18:03:54.9493+04","merchant_sample",85.0000,1000.00,90000.00,434,100.000,2,84.4900,91.4000,84.52536,-0.5615
1253,"2026-09-17 18:04:54.950101+04","merchant_sample",85.0000,1000.00,90000.00,434,100.000,2,84.4900,91.3900,84.52536,-0.5615
1254,"2026-09-17 18:05:54.950999+04","merchant_sample",85.0000,1000.00,90000.00,434,100.000,2,84.4900,91.4150,84.52685,-0.5598
1255,"2026-09-17 18:06:54.951591+04","merchant_sample",85.0000,1000.00,90000.00,434,100.000,2,84.4900,91.4850,84.52685,-0.5598
1256,"2026-09-17 18:07:54.952153+04","merchant_sample",85.0000,1000.00,90000.00,434,100.000,2,84.4900,91.6000,84.52636,-0.5603
1257,"2026-09-17 18:08:54.953532+04","merchant_sample",85.0000,1000.00,90000.00,434,100.000,2,84.4900,91.5000,84.52636,-0.5603
1258,"2026-09-17 18:09:54.954016+04","merchant_sample",85.0000,1000.00,90000.00,434,100.000,2,84.4900,91.4800,84.52797,-0.5584
1259,"2026-09-17 18:10:54.954348+04","merchant_sample",85.0000,1000.00,90000.00,434,100.000,2,84.4900,91.4500,84.52797,-0.5584
1260,"2026-09-17 18:11:54.954944+04","merchant_sample",85.0000,1000.00,90000.00,434,100.000,2,84.4900,91.4800,84.52983,-0.5562
1261,"2026-09-17 18:12:54.955623+04","merchant_sample",85.0000,1000.00,90000.00,434,100.000,2,84.4900,91.4800,84.52983,-0.5562
1262,"2026-09-17 18:13:54.956218+04","merchant_sample",85.0000,1000.00,90000.00,434,100.000,2,84.4900,91.4500,84.52944,-0.5567
1263,"2026-09-17 18:14:54.956685+04","merchant_sample",85.0000,1000.00,90000.00,434,100.000,2,84.4900,91.4800,84.52944,-0.5567
1264,"2026-09-17 18:15:54.956953+04","merchant_sample",85.0000,1000.00,90000.00,434,100.000,2,84.4900,91.3450,84.52872,-0.5575
1265,"2026-09-17 18:16:54.957706+04","merchant_sample",85.0000,1000.00,90000.00,434,100.000,2,84.4900,91.3450,84.52872,-0.5575
1266,"2026-09-17 18:17:54.958062+04","merchant_sample",85.0000,1000.00,90000.00,434,100.000,2,84.4900,91.3400,84.53040,-0.5555
1267,"2026-09-17 18:18:54.958836+04","merchant_sample",85.0000,1000.00,90000.00,434,100.000,2,84.4900,91.5000,84.53040,-0.5555
1268,"2026-09-17 18:19:54.959638+04","merchant_sample",85.0000,1000.00,90000.00,434,100.000,2,84.4900,91.4150,84.52678,-0.5598
1269,"2026-09-17 18:20:54.960025+04","merchant_sample",85.0000,1000.00,90000.00,434,100.000,2,84.4900,91.4400,84.52678,-0.5598
1270,"2026-09-17 18:21:54.960469+04","merchant_sample",85.0000,1000.00,90000.00,434,100.000,2,84.4900,91.4850,84.52948,-0.5566
1271,"2026-09-17 18:22:54.960819+04","merchant_sample",85.0000,1000.00,90000.00,434,100.000,2,84.4900,91.4950,84.52948,-0.5566
1272,"2026-09-17 18:23:54.961815+04","merchant_sample",85.0000,1000.00,90000.00,434,100.000,3,84.0000,91.5000,84.52165,-0.5659
1273,"2026-09-17 18:24:54.961991+04","merchant_sample",85.0000,1000.00,90000.00,434,100.000,2,84.4900,91.4900,84.52165,-0.5659
1274,"2026-09-17 18:25:54.962967+04","merchant_sample",85.0000,1000.00,90000.00,434,100.000,2,84.4900,91.4650,84.52232,-0.5652
1275,"2026-09-17 18:26:54.963394+04","merchant_sample",85.0000,1000.00,90000.00,434,100.000,2,84.4900,91.4500,84.52232,-0.5652
1276,"2026-09-17 18:27:54.963454+04","merchant_sample",85.0000,1000.00,90000.00,434,100.000,2,84.4900,91.7000,84.52970,-0.5564
1277,"2026-09-17 18:28:54.964602+04","merchant_sample",85.0000,1000.00,90000.00,434,100.000,2,84.4900,91.5000,84.52970,-0.5564
1278,"2026-09-17 18:29:54.964687+04","merchant_sample",85.0000,1000.00,90000.00,434,100.000,2,84.4900,91.7000,84.52624,-0.5605
1279,"2026-09-17 18:30:54.965069+04","merchant_sample",85.0000,1000.00,90000.00,434,100.000,2,84.4900,91.4900,84.52624,-0.5605
1280,"2026-09-17 18:31:54.966045+04","merchant_sample",85.0000,1000.00,90000.00,434,100.000,2,84.4900,91.4950,84.52624,-0.5605
1281,"2026-09-17 18:32:54.966414+04","merchant_sample",85.0000,1000.00,90000.00,434,100.000,2,84.4900,91.7000,84.53039,-0.5556
1282,"2026-09-17 18:33:54.967896+04","merchant_sample",85.0000,1000.00,90000.00,434,100.000,2,84.4900,91.4300,84.53039,-0.5556
1283,"2026-09-17 18:34:54.968529+04","merchant_sample",85.0000,1000.00,90000.00,434,100.000,2,84.4900,91.3400,84.52759,-0.5589
1284,"2026-09-17 18:35:54.968871+04","merchant_sample",85.0000,1000.00,90000.00,434,100.000,2,84.4900,91.3400,84.52759,-0.5589
1285,"2026-09-17 18:36:54.969673+04","merchant_sample",85.0000,1000.00,90000.00,434,100.000,2,84.4900,91.3650,84.52857,-0.5577
1286,"2026-09-17 18:37:54.969993+04","merchant_sample",85.0000,1000.00,90000.00,434,100.000,2,84.4900,91.3300,84.52857,-0.5577
1287,"2026-09-17 18:38:54.970318+04","merchant_sample",85.0000,1000.00,90000.00,434,100.000,2,84.4900,91.3650,84.52917,-0.5570
1288,"2026-09-17 18:39:54.970979+04","merchant_sample",85.0000,1000.00,90000.00,434,100.000,2,84.4900,91.3900,84.52917,-0.5570
1289,"2026-09-17 18:40:54.972573+04","merchant_sample",85.0000,1000.00,90000.00,434,100.000,3,83.4000,91.3500,84.52957,-0.5565
1290,"2026-09-17 18:41:54.973101+04","merchant_sample",85.0000,1000.00,90000.00,434,100.000,2,84.4900,91.3150,84.52957,-0.5565
1291,"2026-09-17 18:42:54.973556+04","merchant_sample",85.0000,1000.00,90000.00,434,100.000,2,84.4900,91.3350,84.52556,-0.5613
1292,"2026-09-17 18:43:54.973728+04","merchant_sample",85.0000,1000.00,90000.00,434,100.000,2,84.4900,91.0100,84.52556,-0.5613
1293,"2026-09-17 18:44:54.975346+04","merchant_sample",85.0000,1000.00,90000.00,434,100.000,2,84.4900,91.0000,84.52854,-0.5578
1294,"2026-09-17 18:45:54.97637+04","merchant_sample",85.0000,1000.00,90000.00,434,100.000,2,84.4900,91.0000,84.52854,-0.5578
1295,"2026-09-17 18:46:54.976892+04","merchant_sample",85.0000,1000.00,90000.00,434,100.000,2,84.4900,91.2800,84.52590,-0.5609
1296,"2026-09-17 18:47:54.977438+04","merchant_sample",85.0000,1000.00,90000.00,434,100.000,2,84.4900,91.2950,84.52590,-0.5609
1297,"2026-09-17 18:48:54.978197+04","merchant_sample",85.0000,1000.00,90000.00,434,100.000,2,84.4900,91.0100,84.52810,-0.5583
1298,"2026-09-17 18:49:54.978968+04","merchant_sample",85.0000,1000.00,90000.00,434,100.000,2,84.4900,91.3400,84.52810,-0.5583
1299,"2026-09-17 18:50:54.979062+04","merchant_sample",85.0000,1000.00,90000.00,434,100.000,2,84.4900,91.3300,84.52971,-0.5564
1300,"2026-09-17 18:51:54.979783+04","merchant_sample",85.0000,1000.00,90000.00,434,100.000,2,84.4900,91.3300,84.52971,-0.5564
1301,"2026-09-17 18:52:54.98018+04","merchant_sample",85.0000,1000.00,90000.00,434,100.000,3,84.4900,91.3400,84.52853,-0.5578
1302,"2026-09-17 18:53:54.980904+04","merchant_sample",85.0000,1000.00,90000.00,434,100.000,2,84.4900,91.2700,84.52853,-0.5578
1303,"2026-09-17 18:54:54.98163+04","merchant_sample",85.0000,1000.00,90000.00,434,100.000,2,84.4900,91.3400,84.52831,-0.5580
1304,"2026-09-17 18:55:54.981579+04","merchant_sample",85.0000,1000.00,90000.00,434,100.000,2,84.4900,91.3400,84.52831,-0.5580
1305,"2026-09-17 18:56:54.982246+04","merchant_sample",85.0000,1000.00,90000.00,434,100.000,2,84.4900,91.3400,84.52816,-0.5582
1306,"2026-09-17 18:57:54.982744+04","merchant_sample",85.0000,1000.00,90000.00,434,100.000,2,84.4900,91.3500,84.52816,-0.5582
1307,"2026-09-17 18:58:54.983501+04","merchant_sample",85.0000,1000.00,90000.00,434,100.000,2,84.4900,91.3900,84.52654,-0.5601
1308,"2026-09-17 18:59:54.983884+04","merchant_sample",85.0000,1000.00,90000.00,434,100.000,3,76.1000,91.3000,84.52654,-0.5601
1309,"2026-09-17 19:00:54.984603+04","merchant_sample",85.0000,1000.00,90000.00,434,100.000,2,84.4900,91.3500,84.52911,-0.5571
1310,"2026-09-17 19:01:54.98543+04","merchant_sample",85.0000,1000.00,90000.00,434,100.000,3,84.0000,91.3400,84.52911,-0.5571
1311,"2026-09-17 19:02:54.985652+04","merchant_sample",85.0000,1000.00,90000.00,434,100.000,2,84.4900,91.2600,84.52911,-0.5571
1312,"2026-09-17 19:03:54.986494+04","merchant_sample",85.0000,1000.00,90000.00,434,100.000,2,84.4900,91.1300,84.52856,-0.5577
1313,"2026-09-17 19:04:54.987168+04","merchant_sample",85.0000,1000.00,90000.00,434,100.000,2,84.4900,91.3150,84.52856,-0.5577
1314,"2026-09-17 19:05:54.988624+04","merchant_sample",85.0000,1000.00,90000.00,434,100.000,2,84.4900,91.3600,84.51661,-0.5719
1315,"2026-09-17 19:06:54.988923+04","merchant_sample",85.0000,1000.00,90000.00,434,100.000,2,84.4900,91.3800,84.51661,-0.5719
1316,"2026-09-17 19:07:54.989525+04","merchant_sample",85.0000,1000.00,90000.00,434,100.000,2,84.4900,91.4000,84.52602,-0.5608
1317,"2026-09-17 19:08:54.990515+04","merchant_sample",85.0000,1000.00,90000.00,434,100.000,2,84.4900,91.4300,84.52602,-0.5608
1318,"2026-09-17 19:09:54.990892+04","merchant_sample",85.0000,1000.00,90000.00,434,100.000,2,84.4900,91.3400,84.52343,-0.5638
1319,"2026-09-17 19:10:54.991456+04","merchant_sample",85.0000,1000.00,90000.00,434,100.000,2,84.4900,91.4900,84.52343,-0.5638
1320,"2026-09-17 19:11:54.992352+04","merchant_sample",85.0000,1000.00,90000.00,434,100.000,2,84.4900,91.6000,84.52693,-0.5597
1321,"2026-09-17 19:12:54.992835+04","merchant_sample",85.0000,1000.00,90000.00,434,100.000,2,84.4900,91.7000,84.52693,-0.5597
1322,"2026-09-17 19:13:54.993385+04","merchant_sample",85.0000,1000.00,90000.00,434,100.000,2,84.4900,91.4950,84.52677,-0.5599
1323,"2026-09-17 19:14:54.99466+04","merchant_sample",85.0000,1000.00,90000.00,434,100.000,2,84.4900,91.4450,84.52677,-0.5599
1324,"2026-09-17 19:15:54.995316+04","merchant_sample",85.0000,1000.00,90000.00,434,100.000,3,84.4900,91.4700,84.52902,-0.5572
1325,"2026-09-17 19:16:54.996826+04","merchant_sample",85.0000,1000.00,90000.00,434,100.000,2,84.4900,91.4900,84.52902,-0.5572
1326,"2026-09-17 19:17:54.997304+04","merchant_sample",85.0000,1000.00,90000.00,434,100.000,2,84.4900,91.4500,84.52887,-0.5574
1327,"2026-09-17 19:18:54.997796+04","merchant_sample",85.0000,1000.00,90000.00,434,100.000,2,84.4900,91.4400,84.52887,-0.5574
1328,"2026-09-17 19:19:54.999375+04","merchant_sample",85.0000,1000.00,90000.00,434,100.000,2,84.4900,91.4950,84.52955,-0.5566
1329,"2026-09-17 19:20:54.999647+04","merchant_sample",85.0000,1000.00,90000.00,434,100.000,2,84.4900,91.4900,84.52955,-0.5566
1330,"2026-09-17 19:21:55.001505+04","merchant_sample",85.0000,1000.00,90000.00,434,100.000,2,84.4900,91.5000,84.52555,-0.5613
1331,"2026-09-17 19:22:55.002982+04","merchant_sample",85.0000,1000.00,90000.00,434,100.000,2,84.4900,91.6000,84.52555,-0.5613
1332,"2026-09-17 19:23:55.003629+04","merchant_sample",85.0000,1000.00,90000.00,434,100.000,2,84.4900,91.3800,84.52862,-0.5577
1333,"2026-09-17 19:24:55.005971+04","merchant_sample",85.0000,1000.00,90000.00,434,100.000,2,84.4900,91.4900,84.52862,-0.5577
1334,"2026-09-17 19:25:55.005621+04","merchant_sample",85.0000,1000.00,90000.00,434,100.000,2,84.4900,91.3700,84.52826,-0.5581
1335,"2026-09-17 19:26:55.006065+04","merchant_sample",85.0000,1000.00,90000.00,434,100.000,2,84.4900,91.3700,84.52826,-0.5581
1336,"2026-09-17 19:27:55.006746+04","merchant_sample",85.0000,1000.00,90000.00,434,100.000,2,84.4900,91.1350,84.52908,-0.5571
1337,"2026-09-17 19:28:55.007182+04","merchant_sample",85.0000,1000.00,90000.00,434,100.000,2,84.4900,91.2500,84.52908,-0.5571
1338,"2026-09-17 19:29:55.010001+04","merchant_sample",85.0000,1000.00,90000.00,434,100.000,2,84.4900,91.4150,84.52658,-0.5601
1339,"2026-09-17 19:30:55.009033+04","merchant_sample",85.0000,1000.00,90000.00,434,100.000,2,84.4900,91.4000,84.52658,-0.5601
1340,"2026-09-17 19:31:55.010418+04","merchant_sample",85.0000,1000.00,90000.00,434,100.000,2,84.4900,91.0100,84.52674,-0.5599
1341,"2026-09-17 19:32:55.010606+04","merchant_sample",85.0000,1000.00,90000.00,434,100.000,2,84.4900,91.3700,84.52674,-0.5599
1342,"2026-09-17 19:33:55.011517+04","merchant_sample",85.0000,1000.00,90000.00,434,100.000,2,84.4900,91.4000,84.52724,-0.5593
1343,"2026-09-17 19:34:55.013239+04","merchant_sample",85.0000,1000.00,90000.00,434,100.000,2,84.4900,91.2850,84.52724,-0.5593
1344,"2026-09-17 19:35:55.013502+04","merchant_sample",85.0000,1000.00,90000.00,434,100.000,2,84.4900,91.0200,84.52744,-0.5591
1345,"2026-09-17 19:36:55.014423+04","merchant_sample",85.0000,1000.00,90000.00,434,100.000,2,84.4900,91.2500,84.52744,-0.5591
1346,"2026-09-17 19:37:55.015945+04","merchant_sample",85.0000,1000.00,90000.00,434,100.000,2,84.4900,90.9950,84.52863,-0.5576
1347,"2026-09-17 19:38:55.016142+04","merchant_sample",85.0000,1000.00,90000.00,434,100.000,2,84.4900,91.2700,84.52863,-0.5576
1348,"2026-09-17 19:39:55.017479+04","merchant_sample",85.0000,1000.00,90000.00,434,100.000,2,84.4900,91.3350,84.52563,-0.5612
1349,"2026-09-17 19:40:55.021004+04","merchant_sample",85.0000,1000.00,90000.00,434,100.000,2,84.4900,91.4000,84.52563,-0.5612
1350,"2026-09-17 19:41:55.019473+04","merchant_sample",85.0000,1000.00,90000.00,434,100.000,2,84.4900,91.2500,84.52742,-0.5591
1351,"2026-09-17 19:42:55.020111+04","merchant_sample",85.0000,1000.00,90000.00,434,100.000,2,84.4900,91.0000,84.52742,-0.5591
1352,"2026-09-17 19:43:55.020793+04","merchant_sample",85.0000,1000.00,90000.00,434,100.000,2,84.4900,91.0000,84.52742,-0.5591
1353,"2026-09-17 19:44:55.021718+04","merchant_sample",85.0000,1000.00,90000.00,434,100.000,2,84.4900,91.4000,84.52756,-0.5589
1354,"2026-09-17 19:45:55.023003+04","merchant_sample",85.0000,1000.00,90000.00,434,100.000,2,84.4900,91.3800,84.52756,-0.5589
1355,"2026-09-17 19:46:55.022821+04","merchant_sample",85.0000,1000.00,90000.00,434,100.000,2,84.4900,91.0100,84.52847,-0.5578
1356,"2026-09-17 19:47:55.024067+04","merchant_sample",85.0000,1000.00,90000.00,434,100.000,2,84.4900,91.0000,84.52847,-0.5578
1357,"2026-09-17 19:48:55.02441+04","merchant_sample",85.0000,1000.00,90000.00,434,100.000,2,84.4900,91.3750,84.52614,-0.5606
1358,"2026-09-17 19:49:55.025114+04","merchant_sample",85.0000,1000.00,90000.00,434,100.000,2,84.4900,91.2500,84.52614,-0.5606
1359,"2026-09-17 19:50:55.025772+04","merchant_sample",85.0000,1000.00,90000.00,434,100.000,2,84.4900,91.3700,84.52840,-0.5579
1360,"2026-09-17 19:51:55.0264+04","merchant_sample",85.0000,1000.00,90000.00,434,100.000,2,84.4900,91.4150,84.52840,-0.5579
1361,"2026-09-17 19:52:55.02785+04","merchant_sample",85.0000,1000.00,90000.00,434,100.000,2,84.4900,91.4350,84.52965,-0.5564
1362,"2026-09-17 19:53:55.029211+04","merchant_sample",85.0000,1000.00,90000.00,434,100.000,2,84.4900,91.4500,84.52965,-0.5564
1363,"2026-09-17 19:54:55.030505+04","merchant_sample",85.0000,1000.00,90000.00,434,100.000,2,84.4900,91.4500,84.52054,-0.5673
1364,"2026-09-17 19:55:55.031527+04","merchant_sample",85.0000,1000.00,90000.00,434,100.000,2,84.4900,91.4150,84.52054,-0.5673
1365,"2026-09-17 19:56:55.031836+04","merchant_sample",85.0000,1000.00,90000.00,434,100.000,2,84.4900,91.4500,84.52624,-0.5605
1366,"2026-09-17 19:57:55.032309+04","merchant_sample",85.0000,1000.00,90000.00,434,100.000,2,84.4900,91.3800,84.52624,-0.5605
1367,"2026-09-17 19:58:55.032837+04","merchant_sample",85.0000,1000.00,90000.00,434,100.000,2,84.4900,91.0050,84.52299,-0.5644
1368,"2026-09-17 19:59:55.032946+04","merchant_sample",85.0000,1000.00,90000.00,434,100.000,2,84.4900,91.3800,84.52299,-0.5644
1369,"2026-09-17 20:00:55.033985+04","merchant_sample",85.0000,1000.00,90000.00,434,100.000,2,84.4900,91.3700,84.52340,-0.5639
1370,"2026-09-17 20:01:55.035012+04","merchant_sample",85.0000,1000.00,90000.00,434,100.000,2,84.4900,91.1300,84.52340,-0.5639
1371,"2026-09-17 20:02:55.036359+04","merchant_sample",85.0000,1000.00,90000.00,434,100.000,2,84.4900,91.0000,84.52358,-0.5637
1372,"2026-09-17 20:03:55.03764+04","merchant_sample",85.0000,1000.00,90000.00,434,100.000,2,84.4900,91.0000,84.52358,-0.5637
1373,"2026-09-17 20:04:55.039513+04","merchant_sample",85.0000,1000.00,90000.00,434,100.000,2,84.4900,91.0000,84.52853,-0.5578
1374,"2026-09-17 20:05:55.040705+04","merchant_sample",85.0000,1000.00,90000.00,434,100.000,2,84.4900,91.0000,84.52853,-0.5578
1375,"2026-09-17 20:06:55.041487+04","merchant_sample",85.0000,1000.00,90000.00,434,100.000,2,84.4900,91.0000,84.52514,-0.5618
1376,"2026-09-17 20:07:55.042742+04","merchant_sample",85.0000,1000.00,90000.00,434,100.000,2,84.4900,91.0000,84.52514,-0.5618
1377,"2026-09-17 20:08:55.04421+04","merchant_sample",85.0000,1000.00,90000.00,434,100.000,2,84.4900,91.0000,84.52765,-0.5588
1378,"2026-09-17 20:09:55.045026+04","merchant_sample",85.0000,1000.00,90000.00,434,100.000,2,84.4900,91.0000,84.52765,-0.5588
1379,"2026-09-17 20:10:55.046199+04","merchant_sample",85.0000,1000.00,90000.00,434,100.000,2,84.4900,91.0000,84.52663,-0.5600
1380,"2026-09-17 20:11:55.047228+04","merchant_sample",85.0000,1000.00,90000.00,434,100.000,2,84.4900,91.0000,84.52663,-0.5600
1381,"2026-09-17 20:12:55.047752+04","merchant_sample",85.0000,1000.00,90000.00,434,100.000,2,84.4900,91.0000,84.52872,-0.5575
1382,"2026-09-17 20:13:55.048526+04","merchant_sample",85.0000,1000.00,90000.00,434,100.000,2,84.4900,91.0000,84.52872,-0.5575
1383,"2026-09-17 20:14:55.050918+04","merchant_sample",85.0000,1000.00,90000.00,434,100.000,2,84.4900,91.1300,84.52872,-0.5575
1384,"2026-09-17 20:15:55.049785+04","merchant_sample",85.0000,1000.00,90000.00,435,100.000,2,84.4900,91.0100,84.52229,-0.5652
1385,"2026-09-17 20:16:55.051212+04","merchant_sample",85.0000,1000.00,90000.00,435,100.000,2,84.4900,91.1300,84.52229,-0.5652
1386,"2026-09-17 20:17:55.052539+04","merchant_sample",85.0000,1000.00,90000.00,435,100.000,2,84.4900,91.0100,84.52448,-0.5626
1387,"2026-09-17 20:18:55.052711+04","merchant_sample",85.0000,1000.00,90000.00,435,100.000,2,84.4900,91.3700,84.52448,-0.5626
1388,"2026-09-17 20:19:55.053968+04","merchant_sample",85.0000,1000.00,90000.00,435,100.000,2,84.4900,91.0000,84.52497,-0.5620
1389,"2026-09-17 20:20:55.055179+04","merchant_sample",85.0000,1000.00,90000.00,435,100.000,2,84.4900,91.0050,84.52497,-0.5620
1390,"2026-09-17 20:21:55.056466+04","merchant_sample",85.0000,1000.00,90000.00,435,100.000,2,84.4900,91.4000,84.52132,-0.5663
1391,"2026-09-17 20:22:55.057159+04","merchant_sample",85.0000,1000.00,90000.00,435,100.000,3,84.0000,91.3200,84.52132,-0.5663
1392,"2026-09-17 20:23:55.058069+04","merchant_sample",85.0000,1000.00,90000.00,435,100.000,2,84.4900,91.3200,84.52147,-0.5662
1393,"2026-09-17 20:24:55.0586+04","merchant_sample",85.0000,1000.00,90000.00,435,100.000,2,84.4900,91.4400,84.52147,-0.5662
1394,"2026-09-17 20:25:55.059317+04","merchant_sample",85.0000,1000.00,90000.00,435,100.000,2,84.4900,91.2700,84.52685,-0.5598
1395,"2026-09-17 20:26:55.061332+04","merchant_sample",85.0000,1000.00,90000.00,435,100.000,2,84.4900,91.1400,84.52685,-0.5598
1396,"2026-09-17 20:27:55.062347+04","merchant_sample",85.0000,1000.00,90000.00,435,100.000,2,84.4900,91.2700,84.52032,-0.5675
1397,"2026-09-17 20:28:55.063337+04","merchant_sample",85.0000,1000.00,90000.00,435,100.000,2,84.4900,91.3800,84.52032,-0.5675
1398,"2026-09-17 20:29:55.064178+04","merchant_sample",85.0000,1000.00,90000.00,435,100.000,2,84.4900,91.0000,84.52459,-0.5625
1399,"2026-09-17 20:30:55.065519+04","merchant_sample",85.0000,1000.00,90000.00,435,100.000,2,84.4900,91.0050,84.52459,-0.5625
1400,"2026-09-17 20:31:55.066885+04","merchant_sample",85.0000,1000.00,90000.00,435,100.000,2,84.4900,91.3800,84.52714,-0.5594
1401,"2026-09-17 20:32:55.066908+04","merchant_sample",85.0000,1000.00,90000.00,436,100.000,2,84.4900,91.5000,84.52714,-0.5594
1402,"2026-09-17 20:33:55.067913+04","merchant_sample",85.0000,1000.00,90000.00,436,100.000,2,84.4900,91.4000,84.52287,-0.5645
1403,"2026-09-17 20:34:55.068852+04","merchant_sample",85.0000,1000.00,90000.00,436,100.000,2,84.4900,91.0100,84.52287,-0.5645
1404,"2026-09-17 20:35:55.069499+04","merchant_sample",85.0000,1000.00,90000.00,436,100.000,2,84.4900,91.3800,84.52436,-0.5627
1405,"2026-09-17 20:36:55.069911+04","merchant_sample",85.0000,1000.00,90000.00,436,100.000,2,84.4900,91.4700,84.52436,-0.5627
1406,"2026-09-17 20:37:55.070554+04","merchant_sample",85.0000,1000.00,90000.00,436,100.000,2,84.4900,91.0100,84.52596,-0.5608
1407,"2026-09-17 20:38:55.071163+04","merchant_sample",85.0000,1000.00,90000.00,436,100.000,2,84.4900,91.2650,84.52596,-0.5608
1408,"2026-09-17 20:39:55.072712+04","merchant_sample",85.0000,1000.00,90000.00,436,100.000,2,84.4900,91.3800,84.52591,-0.5609
1409,"2026-09-17 20:40:55.074823+04","merchant_sample",85.0000,1000.00,90000.00,436,100.000,2,84.4900,91.4700,84.52591,-0.5609
1410,"2026-09-17 20:41:55.074619+04","merchant_sample",85.0000,1000.00,90000.00,436,100.000,2,84.4900,91.7100,84.52691,-0.5597
1411,"2026-09-17 20:42:55.074702+04","merchant_sample",85.0000,1000.00,90000.00,436,100.000,2,84.4900,91.7000,84.52691,-0.5597
1412,"2026-09-17 20:43:55.075911+04","merchant_sample",85.0000,1000.00,90000.00,436,100.000,2,84.4900,91.5000,84.52658,-0.5601
1413,"2026-09-17 20:44:55.077397+04","merchant_sample",85.0000,1000.00,90000.00,436,100.000,2,84.4900,91.5000,84.52658,-0.5601
1414,"2026-09-17 20:45:55.079078+04","merchant_sample",85.0000,1000.00,90000.00,436,100.000,2,84.4900,91.5000,84.52658,-0.5601
1415,"2026-09-17 20:46:55.079936+04","merchant_sample",85.0000,1000.00,90000.00,436,100.000,2,84.4900,91.3800,84.52333,-0.5640
1416,"2026-09-17 20:47:55.080353+04","merchant_sample",85.0000,1000.00,90000.00,436,100.000,2,84.4900,91.4950,84.52333,-0.5640
1417,"2026-09-17 20:48:55.080951+04","merchant_sample",85.0000,1000.00,90000.00,436,100.000,2,84.4900,91.4000,84.52636,-0.5603
1418,"2026-09-17 20:49:55.082528+04","merchant_sample",85.0000,1000.00,90000.00,436,100.000,2,84.4900,91.4700,84.52636,-0.5603
1419,"2026-09-17 20:50:55.083221+04","merchant_sample",85.0000,1000.00,90000.00,436,100.000,2,84.4900,91.5000,84.52320,-0.5641
1420,"2026-09-17 20:51:55.085516+04","merchant_sample",85.0000,1000.00,90000.00,436,100.000,2,84.4900,91.4250,84.52320,-0.5641
1421,"2026-09-17 20:52:55.0881+04","merchant_sample",85.0000,1000.00,90000.00,436,100.000,2,84.4900,91.5000,84.52788,-0.5585
1422,"2026-09-17 20:53:55.088671+04","merchant_sample",85.0000,1000.00,90000.00,436,100.000,2,84.4900,91.4900,84.52788,-0.5585
1423,"2026-09-17 20:54:55.088268+04","merchant_sample",85.0000,1000.00,90000.00,436,100.000,2,84.4900,91.5000,84.52978,-0.5563
1424,"2026-09-17 20:55:55.08899+04","merchant_sample",85.0000,1000.00,90000.00,436,100.000,2,84.4900,91.5000,84.52978,-0.5563
1425,"2026-09-17 20:56:55.089081+04","merchant_sample",85.0000,1000.00,90000.00,436,100.000,2,84.4900,91.5000,84.53091,-0.5549
1426,"2026-09-17 20:57:55.089695+04","merchant_sample",85.0000,1000.00,90000.00,436,100.000,2,84.4900,91.6000,84.53091,-0.5549
1427,"2026-09-17 20:58:55.090484+04","merchant_sample",85.0000,1000.00,90000.00,436,100.000,2,84.4900,91.7000,84.52424,-0.5629
1428,"2026-09-17 20:59:55.090797+04","merchant_sample",85.0000,1000.00,90000.00,436,100.000,2,84.4900,91.4700,84.52424,-0.5629
1429,"2026-09-17 21:00:55.091286+04","merchant_sample",85.0000,1000.00,90000.00,436,100.000,2,84.4900,91.4950,84.52726,-0.5593
1430,"2026-09-17 21:01:55.09148+04","merchant_sample",85.0000,1000.00,90000.00,436,100.000,2,84.4900,91.4900,84.52726,-0.5593
1431,"2026-09-17 21:02:55.093028+04","merchant_sample",85.0000,1000.00,90000.00,436,100.000,2,84.4900,91.4000,84.52772,-0.5587
1432,"2026-09-17 21:03:55.093619+04","merchant_sample",85.0000,1000.00,90000.00,436,100.000,2,84.4900,91.4250,84.52772,-0.5587
1433,"2026-09-17 21:04:55.093627+04","merchant_sample",85.0000,1000.00,90000.00,436,100.000,2,84.4900,91.3700,84.52889,-0.5573
1434,"2026-09-17 21:05:55.094817+04","merchant_sample",85.0000,1000.00,90000.00,436,100.000,2,84.4900,91.4950,84.52889,-0.5573
1435,"2026-09-17 21:06:55.09577+04","merchant_sample",85.0000,1000.00,90000.00,436,100.000,2,84.4900,91.4900,84.52623,-0.5605
1436,"2026-09-17 21:07:55.09613+04","merchant_sample",85.0000,1000.00,90000.00,436,100.000,2,84.4900,91.5000,84.52623,-0.5605
1437,"2026-09-17 21:08:55.096807+04","merchant_sample",85.0000,1000.00,90000.00,436,100.000,2,84.4900,91.4950,84.52865,-0.5576
1438,"2026-09-17 21:09:55.097858+04","merchant_sample",85.0000,1000.00,90000.00,436,100.000,2,84.4900,91.4900,84.52865,-0.5576
1439,"2026-09-17 21:10:55.09849+04","merchant_sample",85.0000,1000.00,90000.00,436,100.000,2,84.4900,91.4500,84.52977,-0.5563
1440,"2026-09-17 21:11:55.100023+04","merchant_sample",85.0000,1000.00,90000.00,436,100.000,2,84.4900,91.3900,84.52977,-0.5563
1441,"2026-09-17 21:12:55.100683+04","merchant_sample",85.0000,1000.00,90000.00,436,100.000,2,84.4900,91.4500,84.52841,-0.5579
1442,"2026-09-17 21:13:55.101049+04","merchant_sample",85.0000,1000.00,90000.00,436,100.000,2,84.4900,91.4700,84.52841,-0.5579
1443,"2026-09-17 21:14:55.101469+04","merchant_sample",85.0000,1000.00,90000.00,436,100.000,2,84.4900,91.4000,84.52841,-0.5579
1444,"2026-09-17 21:15:55.102379+04","merchant_sample",85.0000,1000.00,90000.00,436,100.000,2,84.4900,91.0050,84.52831,-0.5580
1445,"2026-09-17 21:16:55.102685+04","merchant_sample",85.0000,1000.00,90000.00,436,100.000,2,84.4900,91.3900,84.52831,-0.5580
1446,"2026-09-17 21:17:55.103011+04","merchant_sample",85.0000,1000.00,90000.00,436,100.000,2,84.4900,91.3900,84.52850,-0.5578
1447,"2026-09-17 21:18:55.103723+04","merchant_sample",85.0000,1000.00,90000.00,436,100.000,2,84.4900,91.3900,84.52850,-0.5578
1448,"2026-09-17 21:19:55.104056+04","merchant_sample",85.0000,1000.00,90000.00,436,100.000,2,84.4900,91.3200,84.52358,-0.5637
1449,"2026-09-17 21:20:55.104857+04","merchant_sample",85.0000,1000.00,90000.00,436,100.000,2,84.4900,91.3200,84.52358,-0.5637
1450,"2026-09-17 21:21:55.105311+04","merchant_sample",85.0000,1000.00,90000.00,436,100.000,2,84.4900,91.0000,84.52679,-0.5598
1451,"2026-09-17 21:22:55.106253+04","merchant_sample",85.0000,1000.00,90000.00,436,100.000,2,84.4900,91.0000,84.52679,-0.5598
1452,"2026-09-17 21:23:55.106723+04","merchant_sample",85.0000,1000.00,16421.83,436,100.000,2,84.4900,91.0000,84.52429,-0.5628
1453,"2026-09-17 21:24:55.106911+04","merchant_sample",85.0000,1000.00,16421.83,436,100.000,2,84.4900,91.0000,84.52429,-0.5628
1454,"2026-09-17 21:25:55.107394+04","merchant_sample",85.0000,1000.00,16421.83,436,100.000,2,84.4900,91.0000,84.51996,-0.5680
1455,"2026-09-17 21:26:55.107916+04","merchant_sample",85.0000,1000.00,16421.83,436,100.000,2,84.4900,91.0000,84.51996,-0.5680
1456,"2026-09-17 21:27:55.109669+04","merchant_sample",85.0000,1000.00,16421.83,436,100.000,2,84.4900,91.3750,84.52413,-0.5630
1457,"2026-09-17 21:28:55.110564+04","merchant_sample",85.0000,1000.00,16421.83,436,100.000,2,84.4900,91.5000,84.52413,-0.5630
1458,"2026-09-17 21:29:55.111365+04","merchant_sample",85.0000,1000.00,16421.83,436,100.000,2,84.4900,91.5000,84.52213,-0.5654
1459,"2026-09-17 21:30:55.111691+04","merchant_sample",85.0000,1000.00,16421.83,436,100.000,2,84.4900,91.5000,84.52213,-0.5654
1460,"2026-09-17 21:31:55.112205+04","merchant_sample",85.0000,1000.00,16421.83,436,100.000,2,84.4900,91.4700,84.52496,-0.5620
1461,"2026-09-17 21:32:55.112865+04","merchant_sample",85.0000,1000.00,16421.83,436,100.000,2,84.4900,91.4000,84.52496,-0.5620
1462,"2026-09-17 21:33:55.113454+04","merchant_sample",85.0000,1000.00,16421.83,436,100.000,2,84.4900,91.4250,84.52926,-0.5569
1463,"2026-09-17 21:34:55.113844+04","merchant_sample",85.0000,1000.00,16421.83,436,100.000,2,84.4900,91.9200,84.52926,-0.5569
1464,"2026-09-17 21:35:55.114273+04","merchant_sample",85.0000,1000.00,16421.83,436,100.000,2,84.4900,91.3900,84.52517,-0.5618
1465,"2026-09-17 21:36:55.114856+04","merchant_sample",85.0000,1000.00,16421.83,436,100.000,3,83.0000,91.4000,84.52517,-0.5618
1466,"2026-09-17 21:37:55.115332+04","merchant_sample",85.0000,1000.00,16421.83,436,100.000,2,84.4900,91.3200,84.52029,-0.5676
1467,"2026-09-17 21:38:55.116131+04","merchant_sample",85.0000,1000.00,16421.83,436,100.000,2,84.4900,91.0000,84.52029,-0.5676
1468,"2026-09-17 21:39:55.116587+04","merchant_sample",85.0000,1000.00,16421.83,436,100.000,2,84.4900,91.2700,84.52029,-0.5676
1469,"2026-09-17 21:40:55.117056+04","merchant_sample",85.0000,1000.00,16421.83,436,100.000,2,84.4900,91.3750,84.52723,-0.5593
1470,"2026-09-17 21:41:55.117542+04","merchant_sample",85.0000,1000.00,16421.83,436,100.000,2,84.4900,91.0100,84.52723,-0.5593
1471,"2026-09-17 21:42:55.11855+04","merchant_sample",85.0000,1000.00,16421.83,436,100.000,2,84.4900,91.0000,84.52342,-0.5638
1472,"2026-09-17 21:43:55.118917+04","merchant_sample",85.0000,1000.00,16421.83,436,100.000,2,84.4900,91.0000,84.52342,-0.5638
1473,"2026-09-17 21:44:55.119367+04","merchant_sample",85.0000,1000.00,16421.83,436,100.000,2,84.4900,91.3750,84.51873,-0.5694
1474,"2026-09-17 21:45:55.120812+04","merchant_sample",85.0000,1000.00,16421.83,436,100.000,2,84.4900,91.0100,84.51873,-0.5694
1475,"2026-09-17 21:46:55.121275+04","merchant_sample",85.0000,1000.00,16421.83,436,100.000,2,84.4900,91.3900,84.52711,-0.5595
1476,"2026-09-17 21:47:55.122411+04","merchant_sample",85.0000,1000.00,90000.00,436,100.000,2,84.4900,91.3750,84.52711,-0.5595
1477,"2026-09-17 21:48:55.123233+04","merchant_sample",85.0000,1000.00,90000.00,436,100.000,2,84.4900,91.2700,84.52536,-0.5615
1478,"2026-09-17 21:49:55.123777+04","merchant_sample",85.0000,1000.00,90000.00,436,100.000,2,84.4900,91.4500,84.52536,-0.5615
1479,"2026-09-17 21:50:55.124281+04","merchant_sample",85.0000,1000.00,90000.00,437,100.000,3,83.0000,91.4000,84.52751,-0.5590
1480,"2026-09-17 21:51:55.125175+04","merchant_sample",85.0000,1000.00,90000.00,437,100.000,2,84.4900,91.3900,84.52751,-0.5590
1481,"2026-09-17 21:52:55.125574+04","merchant_sample",85.0000,1000.00,90000.00,437,100.000,2,84.4900,91.4900,84.52979,-0.5563
1482,"2026-09-17 21:53:55.126369+04","merchant_sample",85.0000,1000.00,90000.00,437,100.000,2,84.4900,91.4450,84.52979,-0.5563
1483,"2026-09-17 21:54:55.127052+04","merchant_sample",85.0000,1000.00,90000.00,437,100.000,2,84.4900,91.3800,84.52722,-0.5593
1484,"2026-09-17 21:55:55.126942+04","merchant_sample",85.0000,1000.00,90000.00,437,100.000,2,84.4900,91.0000,84.52722,-0.5593
1485,"2026-09-17 21:56:55.127915+04","merchant_sample",85.0000,1000.00,90000.00,437,100.000,2,84.4900,91.4200,84.52597,-0.5608
1486,"2026-09-17 21:57:55.128281+04","merchant_sample",85.0000,1000.00,90000.00,437,100.000,2,84.4900,91.0000,84.52597,-0.5608
1487,"2026-09-17 21:58:55.128839+04","merchant_sample",85.0000,1000.00,90000.00,437,100.000,2,84.4900,91.0000,84.52879,-0.5575
1488,"2026-09-17 21:59:55.129508+04","merchant_sample",85.0000,1000.00,90000.00,437,100.000,2,84.4900,91.1400,84.52879,-0.5575
1489,"2026-09-17 22:00:55.130176+04","merchant_sample",85.0000,1000.00,90000.00,437,100.000,2,84.4900,91.4200,84.52941,-0.5567
1490,"2026-09-17 22:01:55.130698+04","merchant_sample",85.0000,1000.00,90000.00,437,100.000,2,84.4900,91.0000,84.52941,-0.5567
1491,"2026-09-17 22:02:55.131399+04","merchant_sample",85.0000,1000.00,90000.00,437,100.000,2,84.4900,91.0000,84.52615,-0.5606
1492,"2026-09-17 22:03:55.131608+04","merchant_sample",85.0000,1000.00,90000.00,437,100.000,2,84.4900,91.0000,84.52615,-0.5606
1493,"2026-09-17 22:04:55.13241+04","merchant_sample",85.0000,1000.00,90000.00,437,100.000,2,84.4900,91.0000,84.52492,-0.5621
1494,"2026-09-17 22:05:55.132871+04","merchant_sample",85.0000,1000.00,90000.00,437,100.000,2,84.4900,91.3700,84.52492,-0.5621
1495,"2026-09-17 22:06:55.133598+04","merchant_sample",85.0000,1000.00,90000.00,437,100.000,2,84.4900,91.1400,84.52794,-0.5585
1496,"2026-09-17 22:07:55.134264+04","merchant_sample",85.0000,1000.00,90000.00,437,100.000,2,84.4900,91.2700,84.52794,-0.5585
1497,"2026-09-17 22:08:55.134432+04","merchant_sample",85.0000,1000.00,90000.00,437,100.000,2,84.4900,91.3750,84.52794,-0.5585
1498,"2026-09-17 22:09:55.135297+04","merchant_sample",85.0000,1000.00,90000.00,437,100.000,2,84.4900,91.0050,84.52856,-0.5577
1499,"2026-09-17 22:10:55.135791+04","merchant_sample",85.0000,1000.00,90000.00,437,100.000,2,84.4900,91.3200,84.52856,-0.5577
1500,"2026-09-17 22:11:55.136512+04","merchant_sample",85.0000,1000.00,90000.00,437,100.000,2,84.4900,91.0000,84.52859,-0.5577
1501,"2026-09-17 22:12:55.137274+04","merchant_sample",85.0000,1000.00,90000.00,437,100.000,2,84.4900,91.0000,84.52859,-0.5577
1502,"2026-09-17 22:13:55.137509+04","merchant_sample",85.0000,1000.00,90000.00,437,100.000,2,84.4900,91.3200,84.52987,-0.5562
1503,"2026-09-17 22:14:55.139707+04","merchant_sample",85.0000,1000.00,90000.00,437,100.000,3,84.0000,91.0000,84.52987,-0.5562
1504,"2026-09-17 22:15:55.139393+04","merchant_sample",85.0000,1000.00,90000.00,437,100.000,2,84.4900,91.3800,84.52812,-0.5583
1505,"2026-09-17 22:16:55.140135+04","merchant_sample",85.0000,1000.00,90000.00,437,100.000,2,84.4900,91.3700,84.52812,-0.5583
1506,"2026-09-17 22:17:55.140308+04","merchant_sample",85.0000,1000.00,90000.00,437,100.000,2,84.4900,91.4000,84.52927,-0.5569
1507,"2026-09-17 22:18:55.141078+04","merchant_sample",85.0000,1000.00,90000.00,437,100.000,2,84.4900,91.3800,84.52927,-0.5569
1508,"2026-09-17 22:19:55.141473+04","merchant_sample",85.0000,1000.00,90000.00,437,100.000,2,84.4900,91.3900,84.52917,-0.5570
1509,"2026-09-17 22:20:55.141979+04","merchant_sample",85.0000,1000.00,90000.00,437,100.000,2,84.4900,91.4000,84.52917,-0.5570
1510,"2026-09-17 22:21:55.14273+04","merchant_sample",85.0000,1000.00,90000.00,437,100.000,3,84.0000,91.4450,84.52742,-0.5591
1511,"2026-09-17 22:22:55.14296+04","merchant_sample",85.0000,1000.00,90000.00,437,100.000,2,84.4900,91.4500,84.52742,-0.5591
1512,"2026-09-17 22:23:55.143927+04","merchant_sample",85.0000,1000.00,90000.00,437,100.000,2,84.4900,91.4900,84.52572,-0.5611
1513,"2026-09-17 22:24:55.144464+04","merchant_sample",85.0000,1000.00,90000.00,437,100.000,2,84.4900,91.4400,84.52572,-0.5611
1514,"2026-09-17 22:25:55.145056+04","merchant_sample",85.0000,1000.00,90000.00,437,100.000,2,84.4900,91.4500,84.52894,-0.5573
1515,"2026-09-17 22:26:55.146026+04","merchant_sample",85.0000,1000.00,90000.00,437,100.000,2,84.4900,91.5000,84.52894,-0.5573
1516,"2026-09-17 22:27:55.146528+04","merchant_sample",85.0000,1000.00,90000.00,437,100.000,2,84.4900,91.0000,84.52864,-0.5576
1517,"2026-09-17 22:28:55.147002+04","merchant_sample",85.0000,1000.00,90000.00,437,100.000,2,84.4900,91.4400,84.52864,-0.5576
1518,"2026-09-17 22:29:55.147575+04","merchant_sample",85.0000,1000.00,90000.00,437,100.000,2,84.4900,91.5000,84.52810,-0.5583
1519,"2026-09-17 22:30:55.148262+04","merchant_sample",85.0000,1000.00,90000.00,437,100.000,2,84.4900,91.4700,84.52810,-0.5583
1520,"2026-09-17 22:31:55.148601+04","merchant_sample",85.0000,1000.00,90000.00,437,100.000,2,84.4900,91.4500,84.52810,-0.5583
1521,"2026-09-17 22:32:55.149036+04","merchant_sample",85.0000,1000.00,90000.00,437,100.000,2,84.4900,91.9000,84.52601,-0.5608
1522,"2026-09-17 22:33:55.1497+04","merchant_sample",85.0000,1000.00,90000.00,437,100.000,2,84.4900,91.8900,84.52601,-0.5608
1523,"2026-09-17 22:34:55.149828+04","merchant_sample",85.0000,1000.00,90000.00,437,100.000,2,84.4900,91.5700,84.52863,-0.5576
1524,"2026-09-17 22:35:55.150753+04","merchant_sample",85.0000,1000.00,90000.00,437,100.000,2,84.4900,91.4500,84.52863,-0.5576
1525,"2026-09-17 22:36:55.151541+04","merchant_sample",85.0000,1000.00,90000.00,437,100.000,2,84.4900,91.5000,84.52149,-0.5661
1526,"2026-09-17 22:37:55.151852+04","merchant_sample",85.0000,1000.00,90000.00,437,100.000,2,84.4900,91.4950,84.52149,-0.5661
1527,"2026-09-17 22:38:55.152307+04","merchant_sample",85.0000,1000.00,90000.00,437,100.000,2,84.4900,91.4900,84.52814,-0.5582
1528,"2026-09-17 22:39:55.152869+04","merchant_sample",85.0000,1000.00,90000.00,437,100.000,2,84.4900,91.5000,84.52814,-0.5582
1529,"2026-09-17 22:40:55.153202+04","merchant_sample",85.0000,1000.00,90000.00,437,100.000,2,84.4900,91.4950,84.52885,-0.5574
1530,"2026-09-17 22:41:55.154506+04","merchant_sample",85.0000,1000.00,90000.00,437,100.000,2,84.4900,91.6400,84.52885,-0.5574
1531,"2026-09-17 22:42:55.155253+04","merchant_sample",85.0000,1000.00,90000.00,437,100.000,2,84.4900,91.5700,84.52956,-0.5565
1532,"2026-09-17 22:43:55.155547+04","merchant_sample",85.0000,1000.00,90000.00,437,100.000,2,84.4900,91.5000,84.52956,-0.5565
1533,"2026-09-17 22:44:55.156399+04","merchant_sample",85.0000,1000.00,90000.00,437,100.000,2,84.4900,91.9000,84.52468,-0.5623
1534,"2026-09-17 22:45:55.156647+04","merchant_sample",85.0000,1000.00,90000.00,437,100.000,2,84.4900,91.6400,84.52468,-0.5623
1535,"2026-09-17 22:46:55.157533+04","merchant_sample",85.0000,1000.00,90000.00,437,100.000,2,84.4900,91.4850,84.52836,-0.5580
1536,"2026-09-17 22:47:55.158018+04","merchant_sample",85.0000,1000.00,90000.00,437,100.000,2,84.4900,91.8900,84.52836,-0.5580
1537,"2026-09-17 22:48:55.158424+04","merchant_sample",85.0000,1000.00,90000.00,437,100.000,2,84.4900,91.4950,84.52754,-0.5589
1538,"2026-09-17 22:49:55.159146+04","merchant_sample",85.0000,1000.00,90000.00,437,100.000,2,84.4900,91.5000,84.52754,-0.5589
1539,"2026-09-17 22:50:55.159814+04","merchant_sample",85.0000,1000.00,90000.00,437,100.000,2,84.4900,91.4900,84.52838,-0.5579
1540,"2026-09-17 22:51:55.160163+04","merchant_sample",85.0000,1000.00,90000.00,437,100.000,2,84.4900,91.5000,84.52838,-0.5579
1541,"2026-09-17 22:52:55.160855+04","merchant_sample",85.0000,1000.00,90000.00,437,100.000,2,84.4900,91.5000,84.52999,-0.5560
1542,"2026-09-17 22:53:55.161336+04","merchant_sample",85.0000,1000.00,90000.00,437,100.000,2,84.4900,91.4400,84.52999,-0.5560
1543,"2026-09-17 22:54:55.161731+04","merchant_sample",85.0000,1000.00,90000.00,438,100.000,2,84.4900,91.4000,84.53090,-0.5549
1544,"2026-09-17 22:55:55.162306+04","merchant_sample",85.0000,1000.00,90000.00,438,100.000,2,84.4900,91.3900,84.53090,-0.5549
1545,"2026-09-17 22:56:55.162742+04","merchant_sample",85.0000,1000.00,90000.00,438,100.000,2,84.4900,91.0000,84.52835,-0.5580
1546,"2026-09-17 22:57:55.163038+04","merchant_sample",85.0000,1000.00,90000.00,438,100.000,2,84.4900,91.4450,84.52835,-0.5580
1547,"2026-09-17 22:58:55.163791+04","merchant_sample",85.0000,1000.00,90000.00,438,100.000,2,84.4900,91.4300,84.52835,-0.5580
1548,"2026-09-17 22:59:55.164178+04","merchant_sample",85.0000,1000.00,90000.00,438,100.000,2,84.4900,91.4450,84.52864,-0.5576
1549,"2026-09-17 23:00:55.164651+04","merchant_sample",85.0000,1000.00,90000.00,438,100.000,2,84.4900,91.4500,84.52864,-0.5576
1550,"2026-09-17 23:01:55.165255+04","merchant_sample",85.0000,1000.00,90000.00,438,100.000,2,84.4900,91.3950,84.52538,-0.5615
1551,"2026-09-17 23:02:55.165808+04","merchant_sample",85.0000,1000.00,90000.00,438,100.000,2,84.4900,91.1400,84.52538,-0.5615
1552,"2026-09-17 23:03:55.166084+04","merchant_sample",85.0000,1000.00,90000.00,438,100.000,2,84.4900,91.0100,84.52926,-0.5569
1553,"2026-09-17 23:04:55.166814+04","merchant_sample",85.0000,1000.00,90000.00,438,100.000,2,84.4900,91.1400,84.52926,-0.5569
1554,"2026-09-17 23:05:55.167489+04","merchant_sample",85.0000,1000.00,90000.00,438,100.000,2,84.4900,91.0000,84.52217,-0.5653
1555,"2026-09-17 23:06:55.168028+04","merchant_sample",85.0000,1000.00,90000.00,438,100.000,2,84.4900,91.0000,84.52217,-0.5653
1556,"2026-09-17 23:07:55.168561+04","merchant_sample",85.0000,1000.00,90000.00,438,100.000,2,84.4900,91.0050,84.52823,-0.5581
1557,"2026-09-17 23:08:55.169192+04","merchant_sample",85.0000,1000.00,90000.00,438,100.000,2,84.4900,91.0050,84.52823,-0.5581
1558,"2026-09-17 23:09:55.169493+04","merchant_sample",85.0000,1000.00,90000.00,438,100.000,2,84.4900,91.3800,84.52923,-0.5569
1559,"2026-09-17 23:10:55.1702+04","merchant_sample",85.0000,1000.00,90000.00,438,100.000,2,84.4900,91.4350,84.52923,-0.5569
1560,"2026-09-17 23:11:55.170683+04","merchant_sample",85.0000,1000.00,90000.00,438,100.000,2,84.4900,91.3800,84.52919,-0.5570
1561,"2026-09-17 23:12:55.171322+04","merchant_sample",85.0000,1000.00,90000.00,438,100.000,2,84.4900,91.4350,84.52919,-0.5570
1562,"2026-09-17 23:13:55.171582+04","merchant_sample",85.0000,1000.00,90000.00,438,100.000,2,84.4900,91.4050,84.52812,-0.5583
1563,"2026-09-17 23:14:55.172321+04","merchant_sample",85.0000,1000.00,90000.00,438,100.000,2,84.4900,91.3250,84.52812,-0.5583
1564,"2026-09-17 23:15:55.172624+04","merchant_sample",85.0000,1000.00,90000.00,438,100.000,2,84.4900,91.4500,84.52238,-0.5651
1565,"2026-09-17 23:16:55.173187+04","merchant_sample",85.0000,1000.00,90000.00,438,100.000,2,84.4900,91.4500,84.52238,-0.5651
1566,"2026-09-17 23:17:55.173645+04","merchant_sample",85.0000,1000.00,90000.00,438,100.000,2,84.4900,91.2700,84.52437,-0.5627
1567,"2026-09-17 23:18:55.174366+04","merchant_sample",85.0000,1000.00,90000.00,438,100.000,2,84.4900,91.0000,84.52437,-0.5627
1568,"2026-09-17 23:19:55.175108+04","merchant_sample",85.0000,1000.00,90000.00,438,100.000,2,84.4900,91.4050,84.52904,-0.5572
1569,"2026-09-17 23:20:55.176752+04","merchant_sample",85.0000,1000.00,90000.00,438,100.000,2,84.4900,91.4400,84.52904,-0.5572
1570,"2026-09-17 23:21:55.176666+04","merchant_sample",85.0000,1000.00,90000.00,438,100.000,2,84.4900,91.4050,84.53007,-0.5559
1571,"2026-09-17 23:22:55.177589+04","merchant_sample",85.0000,1000.00,90000.00,438,100.000,2,84.4900,91.2700,84.53007,-0.5559
1572,"2026-09-17 23:23:55.178047+04","merchant_sample",85.0000,1000.00,90000.00,438,100.000,2,84.4900,91.0000,84.53007,-0.5559
1573,"2026-09-17 23:24:55.178779+04","merchant_sample",85.0000,1000.00,90000.00,438,100.000,2,84.4900,91.0050,84.52490,-0.5621
1574,"2026-09-17 23:25:55.180223+04","merchant_sample",85.0000,1000.00,90000.00,438,100.000,2,84.4900,91.0100,84.52490,-0.5621
1575,"2026-09-17 23:26:55.18067+04","merchant_sample",85.0000,1000.00,90000.00,438,100.000,2,84.4900,91.0000,84.52845,-0.5579
1576,"2026-09-17 23:27:55.181121+04","merchant_sample",85.0000,1000.00,90000.00,438,100.000,2,84.4900,91.0000,84.52845,-0.5579
1577,"2026-09-17 23:28:55.181656+04","merchant_sample",85.0000,1000.00,90000.00,438,100.000,2,84.4900,91.0000,84.52575,-0.5611
1578,"2026-09-17 23:29:55.182416+04","merchant_sample",85.0000,1000.00,90000.00,438,100.000,2,84.4900,91.4400,84.52575,-0.5611
1579,"2026-09-17 23:30:55.182536+04","merchant_sample",85.0000,1000.00,90000.00,438,100.000,2,84.4900,91.4350,84.52801,-0.5584
1580,"2026-09-17 23:31:55.183206+04","merchant_sample",85.0000,1000.00,90000.00,438,100.000,2,84.4900,91.3800,84.52801,-0.5584
1581,"2026-09-17 23:32:55.183993+04","merchant_sample",85.0000,1000.00,90000.00,438,100.000,2,84.4900,91.3250,84.52303,-0.5643
1582,"2026-09-17 23:33:55.184749+04","merchant_sample",85.0000,1000.00,90000.00,438,100.000,2,84.4900,91.3800,84.52303,-0.5643
1583,"2026-09-17 23:34:55.185083+04","merchant_sample",85.0000,1000.00,90000.00,438,100.000,2,84.4900,91.4300,84.52711,-0.5595
1584,"2026-09-17 23:35:55.185618+04","merchant_sample",85.0000,1000.00,90000.00,438,100.000,2,84.4900,91.3800,84.52711,-0.5595
1585,"2026-09-17 23:36:55.185889+04","merchant_sample",85.0000,1000.00,90000.00,438,100.000,2,84.4900,91.3250,84.52881,-0.5574
1586,"2026-09-17 23:37:55.186774+04","merchant_sample",85.0000,1000.00,90000.00,438,100.000,2,84.4900,91.4050,84.52881,-0.5574
1587,"2026-09-17 23:38:55.187135+04","merchant_sample",85.0000,1000.00,90000.00,438,100.000,2,84.4900,91.4500,84.52560,-0.5613
1588,"2026-09-17 23:39:55.188082+04","merchant_sample",85.0000,1000.00,90000.00,438,100.000,2,84.4900,91.4950,84.52560,-0.5613
1589,"2026-09-17 23:40:55.188226+04","merchant_sample",85.0000,1000.00,90000.00,438,100.000,2,84.4900,91.5000,84.52893,-0.5573
1590,"2026-09-17 23:41:55.188534+04","merchant_sample",85.0000,1000.00,90000.00,438,100.000,2,84.4900,91.4450,84.52893,-0.5573
1591,"2026-09-17 23:42:55.188983+04","merchant_sample",85.0000,1000.00,90000.00,438,100.000,2,84.4900,91.1400,84.52132,-0.5663
1592,"2026-09-17 23:43:55.190026+04","merchant_sample",85.0000,1000.00,90000.00,438,100.000,2,84.4900,91.4950,84.52132,-0.5663
1593,"2026-09-17 23:44:55.190566+04","merchant_sample",85.0000,1000.00,90000.00,438,100.000,2,84.4900,91.4350,84.52320,-0.5641
1594,"2026-09-17 23:45:55.190995+04","merchant_sample",85.0000,1000.00,90000.00,438,100.000,2,84.4900,91.4450,84.52320,-0.5641
1595,"2026-09-17 23:46:55.191357+04","merchant_sample",85.0000,1000.00,90000.00,438,100.000,2,84.4900,91.5000,84.52572,-0.5611
1596,"2026-09-17 23:47:55.191966+04","merchant_sample",85.0000,1000.00,90000.00,439,100.000,2,84.4900,91.8800,84.52572,-0.5611
1597,"2026-09-17 23:48:55.192919+04","merchant_sample",85.0000,1000.00,90000.00,439,100.000,2,84.4900,91.6400,84.51655,-0.5720
1598,"2026-09-17 23:49:55.193799+04","merchant_sample",85.0000,1000.00,90000.00,439,100.000,2,84.4900,91.8800,84.51655,-0.5720
1599,"2026-09-17 23:50:55.194079+04","merchant_sample",85.0000,1000.00,90000.00,439,100.000,2,84.4900,91.8800,84.52267,-0.5647
1600,"2026-09-17 23:51:55.194843+04","merchant_sample",85.0000,1000.00,90000.00,439,100.000,2,84.4900,91.5000,84.52267,-0.5647
1601,"2026-09-17 23:52:55.195772+04","merchant_sample",85.0000,1000.00,90000.00,439,100.000,2,84.4900,91.4950,84.52267,-0.5647
1602,"2026-09-17 23:53:55.196003+04","merchant_sample",85.0000,1000.00,90000.00,439,100.000,2,84.4900,91.8800,84.52882,-0.5574
1603,"2026-09-17 23:54:55.196867+04","merchant_sample",85.0000,1000.00,90000.00,439,100.000,2,84.4900,91.5000,84.52882,-0.5574
1604,"2026-09-17 23:55:55.197519+04","merchant_sample",85.0000,1000.00,90000.00,439,100.000,2,84.4900,91.5000,84.53219,-0.5534
1605,"2026-09-17 23:56:55.197945+04","merchant_sample",85.0000,1000.00,90000.00,439,100.000,2,84.4900,91.4700,84.53219,-0.5534
1606,"2026-09-17 23:57:55.199425+04","merchant_sample",85.0000,1000.00,90000.00,439,100.000,2,84.4900,91.0000,84.52737,-0.5591
1607,"2026-09-17 23:58:55.199972+04","merchant_sample",85.0000,1000.00,90000.00,439,100.000,2,84.4900,91.2700,84.52737,-0.5591
1608,"2026-09-17 23:59:55.201115+04","merchant_sample",85.0000,1000.00,90000.00,439,100.000,2,84.4900,91.4450,84.52820,-0.5582
1609,"2026-09-18 00:00:55.201544+04","merchant_sample",85.0000,1000.00,90000.00,439,100.000,2,84.4900,91.4900,84.52820,-0.5582
1610,"2026-09-18 00:01:55.201861+04","merchant_sample",85.0000,1000.00,90000.00,439,100.000,2,84.4900,91.4700,84.52837,-0.5580
1611,"2026-09-18 00:02:55.202762+04","merchant_sample",85.0000,1000.00,90000.00,439,100.000,3,83.0000,91.5000,84.52837,-0.5580
1612,"2026-09-18 00:03:55.2034+04","merchant_sample",85.0000,1000.00,90000.00,439,100.000,2,84.4900,91.4900,84.52206,-0.5655
1613,"2026-09-18 00:04:55.203809+04","merchant_sample",85.0000,1000.00,90000.00,439,100.000,2,84.4900,91.6400,84.52206,-0.5655
1614,"2026-09-18 00:05:55.204382+04","merchant_sample",85.0000,1000.00,90000.00,439,100.000,2,84.4900,91.5000,84.53149,-0.5542
1615,"2026-09-18 00:06:55.204883+04","merchant_sample",85.0000,1000.00,90000.00,439,100.000,2,84.4900,91.5000,84.53149,-0.5542
1616,"2026-09-18 00:07:55.205227+04","merchant_sample",85.0000,1000.00,90000.00,439,100.000,2,84.4900,91.5000,84.53062,-0.5553
1617,"2026-09-18 00:08:55.206247+04","merchant_sample",85.0000,1000.00,90000.00,439,100.000,2,84.4900,91.8800,84.53062,-0.5553
1618,"2026-09-18 00:09:55.206725+04","merchant_sample",85.0000,1000.00,90000.00,439,100.000,2,84.4900,91.8800,84.52904,-0.5572
1619,"2026-09-18 00:10:55.207286+04","merchant_sample",85.0000,1000.00,90000.00,439,100.000,2,84.4900,91.6400,84.52904,-0.5572
1620,"2026-09-18 00:11:55.207557+04","merchant_sample",85.0000,1000.00,90000.00,439,100.000,2,84.4900,91.8800,84.52722,-0.5593
1621,"2026-09-18 00:12:55.208255+04","merchant_sample",85.0000,1000.00,90000.00,439,100.000,3,83.9900,91.5700,84.52722,-0.5593
1622,"2026-09-18 00:13:55.208667+04","merchant_sample",85.0000,1000.00,90000.00,439,100.000,2,84.4900,91.9500,84.52653,-0.5601
1623,"2026-09-18 00:14:55.20892+04","merchant_sample",85.0000,1000.00,90000.00,439,100.000,2,84.4900,91.9000,84.52653,-0.5601
1624,"2026-09-18 00:15:55.20995+04","merchant_sample",85.0000,1000.00,90000.00,439,100.000,2,84.4900,91.9000,84.52665,-0.5600
1625,"2026-09-18 00:16:55.210548+04","merchant_sample",85.0000,1000.00,90000.00,439,100.000,2,84.4900,92.0000,84.52665,-0.5600
1626,"2026-09-18 00:17:55.210751+04","merchant_sample",85.0000,1000.00,90000.00,439,100.000,2,84.4900,92.0000,84.53045,-0.5555
1627,"2026-09-18 00:18:55.211529+04","merchant_sample",85.0000,1000.00,90000.00,439,100.000,2,84.4900,91.9000,84.53045,-0.5555
1628,"2026-09-18 00:19:55.212539+04","merchant_sample",85.0000,1000.00,90000.00,439,100.000,2,84.4900,92.0000,84.52883,-0.5574
1629,"2026-09-18 00:20:55.212649+04","merchant_sample",85.0000,1000.00,90000.00,439,100.000,2,84.4900,91.7600,84.52883,-0.5574
1630,"2026-09-18 00:21:55.213349+04","merchant_sample",85.0000,1000.00,90000.00,439,100.000,2,84.4900,91.8800,84.53005,-0.5560
1631,"2026-09-18 00:22:55.214011+04","merchant_sample",85.0000,1000.00,90000.00,439,100.000,2,84.4900,91.8800,84.53005,-0.5560
1632,"2026-09-18 00:23:55.214415+04","merchant_sample",85.0000,1000.00,90000.00,439,100.000,2,84.4900,91.5000,84.53083,-0.5550
1633,"2026-09-18 00:24:55.215256+04","merchant_sample",85.0000,1000.00,90000.00,439,100.000,2,84.4900,91.5000,84.53083,-0.5550
1634,"2026-09-18 00:25:55.215382+04","merchant_sample",85.0000,1000.00,90000.00,439,100.000,2,84.4900,91.6900,84.53083,-0.5550
1635,"2026-09-18 00:26:55.216136+04","merchant_sample",85.0000,1000.00,90000.00,439,100.000,2,84.4900,91.5000,84.53001,-0.5560
1636,"2026-09-18 00:27:55.216942+04","merchant_sample",85.0000,1000.00,90000.00,439,100.000,2,84.4900,91.5000,84.53001,-0.5560
1637,"2026-09-18 00:28:55.2176+04","merchant_sample",85.0000,1000.00,90000.00,439,100.000,2,84.4900,91.5000,84.53026,-0.5557
1638,"2026-09-18 00:29:55.217874+04","merchant_sample",85.0000,1000.00,90000.00,439,100.000,2,84.4900,91.4900,84.53026,-0.5557
1639,"2026-09-18 00:30:55.218418+04","merchant_sample",85.0000,1000.00,90000.00,439,100.000,2,84.4900,91.4400,84.52995,-0.5561
1640,"2026-09-18 00:31:55.219217+04","merchant_sample",85.0000,1000.00,90000.00,439,100.000,2,84.4900,91.5000,84.52995,-0.5561
1641,"2026-09-18 00:32:55.219723+04","merchant_sample",85.0000,1000.00,90000.00,439,100.000,2,84.4900,91.4900,84.53049,-0.5554
1642,"2026-09-18 00:33:55.220041+04","merchant_sample",85.0000,1000.00,90000.00,439,100.000,2,84.4900,91.5000,84.53049,-0.5554
1643,"2026-09-18 00:34:55.220512+04","merchant_sample",85.0000,1000.00,90000.00,439,100.000,2,84.4900,91.4400,84.52842,-0.5579
1644,"2026-09-18 00:35:55.22109+04","merchant_sample",85.0000,1000.00,90000.00,439,100.000,2,84.4900,91.5000,84.52842,-0.5579
1645,"2026-09-18 00:36:55.221628+04","merchant_sample",85.0000,1000.00,90000.00,439,100.000,2,84.4900,91.4500,84.53169,-0.5540
1646,"2026-09-18 00:37:55.222308+04","merchant_sample",85.0000,1000.00,90000.00,439,100.000,2,84.4900,91.4500,84.53169,-0.5540
1647,"2026-09-18 00:38:55.222859+04","merchant_sample",85.0000,1000.00,90000.00,439,100.000,2,84.4900,91.3600,84.53222,-0.5534
1648,"2026-09-18 00:39:55.223393+04","merchant_sample",85.0000,1000.00,90000.00,439,100.000,2,84.4900,91.0050,84.53222,-0.5534
1649,"2026-09-18 00:40:55.224823+04","merchant_sample",85.0000,1000.00,90000.00,439,100.000,2,84.4900,91.1400,84.53076,-0.5551
1650,"2026-09-18 00:41:55.225378+04","merchant_sample",85.0000,1000.00,90000.00,439,100.000,2,84.4900,91.4950,84.53076,-0.5551
1651,"2026-09-18 00:42:55.225873+04","merchant_sample",85.0000,1000.00,90000.00,439,100.000,2,84.4900,91.4700,84.52972,-0.5563
1652,"2026-09-18 00:43:55.226089+04","merchant_sample",85.0000,1000.00,90000.00,439,100.000,2,84.4900,91.4950,84.52972,-0.5563
1653,"2026-09-18 00:44:55.226728+04","merchant_sample",85.0000,1000.00,90000.00,439,100.000,2,84.4900,91.4500,84.52653,-0.5601
1654,"2026-09-18 00:45:55.227257+04","merchant_sample",85.0000,1000.00,90000.00,439,100.000,2,84.4900,91.2700,84.52653,-0.5601
1655,"2026-09-18 00:46:55.227604+04","merchant_sample",85.0000,1000.00,90000.00,439,100.000,2,84.4900,91.4500,84.52842,-0.5579
1656,"2026-09-18 00:47:55.228043+04","merchant_sample",85.0000,1000.00,90000.00,439,100.000,2,84.4900,91.4950,84.52842,-0.5579
1657,"2026-09-18 00:48:55.228679+04","merchant_sample",85.0000,1000.00,90000.00,439,100.000,2,84.4900,91.4900,84.52784,-0.5586
1658,"2026-09-18 00:49:55.229026+04","merchant_sample",85.0000,1000.00,90000.00,439,100.000,2,84.4900,91.0100,84.52784,-0.5586
1659,"2026-09-18 00:50:55.229641+04","merchant_sample",85.0000,1000.00,90000.00,439,100.000,2,84.4900,91.1400,84.52624,-0.5605
1660,"2026-09-18 00:51:55.230297+04","merchant_sample",85.0000,1000.00,90000.00,439,100.000,2,84.4900,91.4900,84.52624,-0.5605
1661,"2026-09-18 00:52:55.230729+04","merchant_sample",85.0000,1000.00,90000.00,439,100.000,2,84.4900,91.5000,84.53013,-0.5559
1662,"2026-09-18 00:53:55.231402+04","merchant_sample",85.0000,1000.00,90000.00,439,100.000,2,84.4900,91.5000,84.53013,-0.5559
1663,"2026-09-18 00:54:55.23252+04","merchant_sample",85.0000,1000.00,90000.00,439,100.000,2,84.4900,91.1400,84.53028,-0.5557
1664,"2026-09-18 00:55:55.233449+04","merchant_sample",85.0000,1000.00,90000.00,439,100.000,2,84.4900,91.4900,84.53028,-0.5557
1665,"2026-09-18 00:56:55.233778+04","merchant_sample",85.0000,1000.00,90000.00,439,100.000,2,84.4900,91.2700,84.52978,-0.5563
1666,"2026-09-18 00:57:55.234158+04","merchant_sample",85.0000,1000.00,90000.00,439,100.000,2,84.4900,91.3800,84.52978,-0.5563
1667,"2026-09-18 00:58:55.234605+04","merchant_sample",85.0000,1000.00,90000.00,439,100.000,2,84.4900,91.0100,84.52978,-0.5563
1668,"2026-09-18 00:59:55.235265+04","merchant_sample",85.0000,1000.00,90000.00,439,100.000,2,84.4900,91.0000,84.52976,-0.5563
1669,"2026-09-18 01:00:55.235621+04","merchant_sample",85.0000,1000.00,90000.00,439,100.000,2,84.4900,91.2700,84.52976,-0.5563
1670,"2026-09-18 01:01:55.236153+04","merchant_sample",85.0000,1000.00,90000.00,439,100.000,2,84.4900,91.1400,84.52575,-0.5611
1671,"2026-09-18 01:02:55.236616+04","merchant_sample",85.0000,1000.00,90000.00,439,100.000,2,84.4900,91.0000,84.52575,-0.5611
1672,"2026-09-18 01:03:55.23755+04","merchant_sample",85.0000,1000.00,90000.00,439,100.000,2,84.4900,91.0050,84.52485,-0.5621
1673,"2026-09-18 01:04:55.2388+04","merchant_sample",85.0000,1000.00,90000.00,439,100.000,2,84.4900,91.1400,84.52485,-0.5621
1674,"2026-09-18 01:05:55.239251+04","merchant_sample",85.0000,1000.00,90000.00,439,100.000,2,84.4900,91.4950,84.53166,-0.5540
1675,"2026-09-18 01:06:55.239877+04","merchant_sample",85.0000,1000.00,90000.00,439,100.000,2,84.4900,91.4950,84.53166,-0.5540
1676,"2026-09-18 01:07:55.240315+04","merchant_sample",85.0000,1000.00,90000.00,439,100.000,2,84.4900,91.2700,84.52928,-0.5569
1677,"2026-09-18 01:08:55.240839+04","merchant_sample",85.0000,1000.00,90000.00,439,100.000,2,84.4900,91.2700,84.52928,-0.5569
1678,"2026-09-18 01:09:55.241392+04","merchant_sample",85.0000,1000.00,90000.00,439,100.000,2,84.4900,91.2700,84.52907,-0.5571
1679,"2026-09-18 01:10:55.241938+04","merchant_sample",85.0000,1000.00,90000.00,439,100.000,2,84.4900,91.5000,84.52907,-0.5571
1680,"2026-09-18 01:11:55.242555+04","merchant_sample",85.0000,1000.00,90000.00,439,100.000,2,84.4900,91.4900,84.52653,-0.5601
1681,"2026-09-18 01:12:55.242972+04","merchant_sample",85.0000,1000.00,90000.00,439,100.000,2,84.4900,91.5000,84.52653,-0.5601
1682,"2026-09-18 01:13:55.243578+04","merchant_sample",85.0000,1000.00,90000.00,439,100.000,2,84.4900,91.4900,84.52736,-0.5592
1683,"2026-09-18 01:14:55.244079+04","merchant_sample",85.0000,1000.00,90000.00,439,100.000,2,84.4900,91.3800,84.52736,-0.5592
1684,"2026-09-18 01:15:55.245094+04","merchant_sample",85.0000,1000.00,90000.00,439,100.000,2,84.4900,91.3800,84.52580,-0.5610
1685,"2026-09-18 01:16:55.245636+04","merchant_sample",85.0000,1000.00,90000.00,439,100.000,2,84.4900,91.1400,84.52580,-0.5610
1686,"2026-09-18 01:17:55.24624+04","merchant_sample",85.0000,1000.00,90000.00,439,100.000,2,84.4900,91.2700,84.52531,-0.5616
1687,"2026-09-18 01:18:55.24643+04","merchant_sample",85.0000,1000.00,90000.00,439,100.000,2,84.4900,91.3800,84.52531,-0.5616
1688,"2026-09-18 01:19:55.247053+04","merchant_sample",85.0000,1000.00,90000.00,439,100.000,2,84.4900,91.4900,84.52748,-0.5590
1689,"2026-09-18 01:20:55.247596+04","merchant_sample",85.0000,1000.00,90000.00,439,100.000,2,84.4900,91.5000,84.52748,-0.5590
1690,"2026-09-18 01:21:55.248429+04","merchant_sample",85.0000,1000.00,90000.00,439,100.000,2,84.4900,91.0100,84.52924,-0.5569
1691,"2026-09-18 01:22:55.249187+04","merchant_sample",85.0000,1000.00,90000.00,439,100.000,2,84.4900,91.0100,84.52924,-0.5569
1692,"2026-09-18 01:23:55.249357+04","merchant_sample",85.0000,1000.00,90000.00,439,100.000,2,84.4900,91.1400,84.52866,-0.5576
1693,"2026-09-18 01:24:55.250069+04","merchant_sample",85.0000,1000.00,90000.00,439,100.000,2,84.4900,91.0100,84.52866,-0.5576
1694,"2026-09-18 01:25:55.250449+04","merchant_sample",85.0000,1000.00,90000.00,439,100.000,2,84.4900,91.0000,84.52833,-0.5580
1695,"2026-09-18 01:26:55.251132+04","merchant_sample",85.0000,1000.00,90000.00,439,100.000,2,84.4900,91.0000,84.52833,-0.5580
1696,"2026-09-18 01:27:55.252001+04","merchant_sample",85.0000,1000.00,90000.00,439,100.000,2,84.4900,91.0000,84.52854,-0.5578
1697,"2026-09-18 01:28:55.252693+04","merchant_sample",85.0000,1000.00,90000.00,439,100.000,2,84.4900,91.0000,84.52854,-0.5578
1698,"2026-09-18 01:29:55.252982+04","merchant_sample",85.0000,1000.00,90000.00,439,100.000,2,84.4900,91.0000,84.52854,-0.5578
1699,"2026-09-18 01:30:55.253811+04","merchant_sample",85.0000,1000.00,90000.00,439,100.000,2,84.4900,91.0000,84.52727,-0.5593
1700,"2026-09-18 01:31:55.254467+04","merchant_sample",85.0000,1000.00,90000.00,439,100.000,2,84.4900,91.0000,84.52727,-0.5593
1701,"2026-09-18 01:32:55.254825+04","merchant_sample",85.0000,1000.00,90000.00,439,100.000,2,84.4900,91.0000,84.52781,-0.5586
1702,"2026-09-18 01:33:55.255227+04","merchant_sample",85.0000,1000.00,90000.00,439,100.000,2,84.4900,90.9950,84.52781,-0.5586
1703,"2026-09-18 01:34:55.25591+04","merchant_sample",85.0000,1000.00,90000.00,439,100.000,2,84.4900,90.9750,84.52938,-0.5568
1704,"2026-09-18 01:35:55.256371+04","merchant_sample",85.0000,1000.00,90000.00,439,100.000,2,84.4900,90.9600,84.52938,-0.5568
1705,"2026-09-18 01:36:55.256996+04","merchant_sample",85.0000,1000.00,90000.00,439,100.000,2,84.4900,90.9700,84.52591,-0.5609
1706,"2026-09-18 01:37:55.257629+04","merchant_sample",85.0000,1000.00,90000.00,439,100.000,2,84.4900,90.9850,84.52591,-0.5609
1707,"2026-09-18 01:38:55.257754+04","merchant_sample",85.0000,1000.00,90000.00,439,100.000,2,84.4900,90.9000,84.52569,-0.5611
1708,"2026-09-18 01:39:55.258496+04","merchant_sample",85.0000,1000.00,90000.00,439,100.000,2,84.4900,91.0000,84.52569,-0.5611
1709,"2026-09-18 01:40:55.259578+04","merchant_sample",85.0000,1000.00,90000.00,439,100.000,2,84.4900,91.0000,84.52797,-0.5584
1710,"2026-09-18 01:41:55.260384+04","merchant_sample",85.0000,1000.00,90000.00,439,100.000,2,84.4900,91.0000,84.52797,-0.5584
1711,"2026-09-18 01:42:55.260784+04","merchant_sample",85.0000,1000.00,90000.00,439,100.000,2,84.4900,91.0000,84.52763,-0.5588
1712,"2026-09-18 01:43:55.261639+04","merchant_sample",85.0000,1000.00,90000.00,439,100.000,2,84.4900,90.9850,84.52763,-0.5588
1713,"2026-09-18 01:44:55.262073+04","merchant_sample",85.0000,1000.00,90000.00,439,100.000,2,84.4900,90.9000,84.52586,-0.5609
1714,"2026-09-18 01:45:55.262915+04","merchant_sample",85.0000,1000.00,90000.00,439,100.000,2,84.4900,90.9000,84.52586,-0.5609
1715,"2026-09-18 01:46:55.263334+04","merchant_sample",85.0000,1000.00,90000.00,439,100.000,2,84.4900,90.8500,84.52775,-0.5587
1716,"2026-09-18 01:47:55.264339+04","merchant_sample",85.0000,1000.00,90000.00,439,100.000,2,84.4900,90.9000,84.52775,-0.5587
1717,"2026-09-18 01:48:55.265414+04","merchant_sample",85.0000,1000.00,90000.00,439,100.000,2,84.4900,90.9000,84.52694,-0.5597
1718,"2026-09-18 01:49:55.265851+04","merchant_sample",85.0000,1000.00,90000.00,439,100.000,3,84.4900,90.7500,84.52694,-0.5597
1719,"2026-09-18 01:50:55.266486+04","merchant_sample",85.0000,1000.00,90000.00,439,100.000,3,84.4900,90.5050,84.52628,-0.5604
1720,"2026-09-18 01:51:55.267593+04","merchant_sample",85.0000,1000.00,90000.00,439,100.000,2,84.4900,90.5000,84.52628,-0.5604
1721,"2026-09-18 01:52:55.268256+04","merchant_sample",85.0000,1000.00,90000.00,439,100.000,2,84.4900,90.5300,84.52744,-0.5591
1722,"2026-09-18 01:53:55.268835+04","merchant_sample",85.0000,1000.00,90000.00,439,100.000,2,84.4900,90.5500,84.52744,-0.5591
1723,"2026-09-18 01:54:55.268906+04","merchant_sample",85.0000,1000.00,90000.00,439,100.000,2,84.4900,90.5500,84.52823,-0.5581
1724,"2026-09-18 01:55:55.269958+04","merchant_sample",85.0000,1000.00,90000.00,439,100.000,2,84.4900,90.6250,84.52823,-0.5581
1725,"2026-09-18 01:56:55.270102+04","merchant_sample",85.0000,1000.00,90000.00,439,100.000,2,84.4900,90.7500,84.52863,-0.5576
1726,"2026-09-18 01:57:55.270983+04","merchant_sample",85.0000,1000.00,90000.00,439,100.000,2,84.4900,90.6500,84.52863,-0.5576
1727,"2026-09-18 01:58:55.271286+04","merchant_sample",85.0000,1000.00,90000.00,439,100.000,2,84.4900,90.8500,84.52902,-0.5572
1728,"2026-09-18 01:59:55.27194+04","merchant_sample",85.0000,1000.00,90000.00,439,100.000,2,84.4900,90.9000,84.52902,-0.5572
1729,"2026-09-18 02:00:55.272514+04","merchant_sample",85.0000,1000.00,90000.00,439,100.000,2,84.4900,90.6500,84.52847,-0.5578
1730,"2026-09-18 02:01:55.272968+04","merchant_sample",85.0000,1000.00,90000.00,439,100.000,2,84.4900,90.7500,84.52847,-0.5578
1731,"2026-09-18 02:02:55.273539+04","merchant_sample",85.0000,1000.00,90000.00,439,100.000,2,84.4900,90.6500,84.52683,-0.5598
1732,"2026-09-18 02:03:55.273994+04","merchant_sample",85.0000,1000.00,90000.00,439,100.000,2,84.4900,90.5300,84.52683,-0.5598
1733,"2026-09-18 02:04:55.274718+04","merchant_sample",85.0000,1000.00,90000.00,439,100.000,2,84.4900,90.4900,84.51953,-0.5685
1734,"2026-09-18 02:05:55.275168+04","merchant_sample",85.0000,1000.00,90000.00,439,100.000,2,84.4900,90.5100,84.51953,-0.5685
1735,"2026-09-18 02:06:55.275801+04","merchant_sample",85.0000,1000.00,90000.00,439,100.000,2,84.4900,90.4900,84.51953,-0.5685
1736,"2026-09-18 02:07:55.276465+04","merchant_sample",85.0000,1000.00,90000.00,439,100.000,2,84.4900,90.4900,84.53089,-0.5550
1737,"2026-09-18 02:08:55.276938+04","merchant_sample",85.0000,1000.00,90000.00,439,100.000,2,84.4900,90.4900,84.53089,-0.5550
1738,"2026-09-18 02:09:55.277485+04","merchant_sample",85.0000,1000.00,90000.00,439,100.000,2,84.4900,90.4900,84.52813,-0.5582
1739,"2026-09-18 02:10:55.278567+04","merchant_sample",85.0000,1000.00,90000.00,439,100.000,2,84.4900,90.5100,84.52813,-0.5582
1740,"2026-09-18 02:11:55.278674+04","merchant_sample",85.0000,1000.00,90000.00,439,100.000,2,84.4900,90.5000,84.52987,-0.5562
1741,"2026-09-18 02:12:55.279109+04","merchant_sample",85.0000,1000.00,90000.00,439,100.000,2,84.4900,90.4100,84.52987,-0.5562
1742,"2026-09-18 02:13:55.279658+04","merchant_sample",85.0000,1000.00,90000.00,439,100.000,2,84.4900,90.3300,84.52966,-0.5564
1743,"2026-09-18 02:14:55.281477+04","merchant_sample",85.0000,1000.00,90000.00,439,100.000,2,84.4900,90.5300,84.52966,-0.5564
1744,"2026-09-18 02:15:55.281751+04","merchant_sample",85.0000,1000.00,90000.00,439,100.000,2,84.4900,90.7750,84.52862,-0.5577
1745,"2026-09-18 02:16:55.282457+04","merchant_sample",85.0000,1000.00,90000.00,439,100.000,2,84.4900,90.8500,84.52862,-0.5577
1746,"2026-09-18 02:17:55.282623+04","merchant_sample",85.0000,1000.00,90000.00,439,100.000,2,84.4900,90.8000,84.52968,-0.5564
1747,"2026-09-18 02:18:55.283448+04","merchant_sample",85.0000,1000.00,90000.00,439,100.000,2,84.4900,90.7500,84.52968,-0.5564
1748,"2026-09-18 02:19:55.283984+04","merchant_sample",85.0000,1000.00,90000.00,439,100.000,2,84.4900,90.6500,84.52865,-0.5576
1749,"2026-09-18 02:20:55.284218+04","merchant_sample",85.0000,1000.00,90000.00,439,100.000,2,84.4900,90.5300,84.52865,-0.5576
1750,"2026-09-18 02:21:55.285694+04","merchant_sample",85.0000,1000.00,90000.00,439,100.000,2,84.4900,90.5000,84.52875,-0.5575
1751,"2026-09-18 02:22:55.286192+04","merchant_sample",85.0000,1000.00,90000.00,439,100.000,2,84.4900,90.5500,84.52875,-0.5575
1752,"2026-09-18 02:23:55.286891+04","merchant_sample",85.0000,1000.00,90000.00,439,100.000,2,84.4900,90.5500,84.52958,-0.5565
1753,"2026-09-18 02:24:55.287275+04","merchant_sample",85.0000,1000.00,90000.00,439,100.000,2,84.4900,90.5500,84.52958,-0.5565
1754,"2026-09-18 02:25:55.287762+04","merchant_sample",85.0000,1000.00,90000.00,439,100.000,2,84.4900,90.6500,84.52837,-0.5580
1755,"2026-09-18 02:26:55.288271+04","merchant_sample",85.0000,1000.00,90000.00,439,100.000,2,84.4900,90.8000,84.52837,-0.5580
1756,"2026-09-18 02:27:55.288794+04","merchant_sample",85.0000,1000.00,90000.00,439,100.000,2,84.4900,90.5300,84.52883,-0.5574
1757,"2026-09-18 02:28:55.289392+04","merchant_sample",85.0000,1000.00,90000.00,439,100.000,2,84.4900,90.7750,84.52883,-0.5574
1758,"2026-09-18 02:29:55.290031+04","merchant_sample",85.0000,1000.00,90000.00,439,100.000,2,84.4900,90.7500,84.52995,-0.5561
1759,"2026-09-18 02:30:55.290586+04","merchant_sample",85.0000,1000.00,90000.00,439,100.000,2,84.4900,90.7750,84.52995,-0.5561
1760,"2026-09-18 02:31:55.291054+04","merchant_sample",85.0000,1000.00,90000.00,439,100.000,2,84.4900,90.7750,84.52774,-0.5587
1761,"2026-09-18 02:32:55.291355+04","merchant_sample",85.0000,1000.00,90000.00,439,100.000,2,84.4900,90.8500,84.52774,-0.5587
1762,"2026-09-18 02:33:55.291731+04","merchant_sample",85.0000,1000.00,90000.00,439,100.000,2,84.4900,90.9500,84.52946,-0.5567
1763,"2026-09-18 02:34:55.293183+04","merchant_sample",85.0000,1000.00,90000.00,439,100.000,2,84.4900,90.8000,84.52946,-0.5567
1764,"2026-09-18 02:35:55.293513+04","merchant_sample",85.0000,1000.00,90000.00,439,100.000,2,84.4900,90.4900,84.52710,-0.5595
1765,"2026-09-18 02:36:55.294313+04","merchant_sample",85.0000,1000.00,90000.00,439,100.000,2,84.4900,90.7500,84.52710,-0.5595
1766,"2026-09-18 02:37:55.294763+04","merchant_sample",85.0000,1000.00,90000.00,439,100.000,2,84.4900,90.4100,84.52718,-0.5594
1767,"2026-09-18 02:38:55.295021+04","merchant_sample",85.0000,1000.00,90000.00,439,100.000,2,84.4900,90.7500,84.52718,-0.5594
1768,"2026-09-18 02:39:55.295767+04","merchant_sample",85.0000,1000.00,90000.00,439,100.000,2,84.4900,90.7500,84.52714,-0.5594
1769,"2026-09-18 02:40:55.296187+04","merchant_sample",85.0000,1000.00,90000.00,439,100.000,2,84.4900,90.6500,84.52714,-0.5594
1770,"2026-09-18 02:41:55.296895+04","merchant_sample",85.0000,1000.00,90000.00,439,100.000,2,84.4900,90.2650,84.52714,-0.5594
1771,"2026-09-18 02:42:55.29738+04","merchant_sample",85.0000,1000.00,90000.00,439,100.000,2,84.4900,90.3300,84.52957,-0.5565
1772,"2026-09-18 02:43:55.297862+04","merchant_sample",85.0000,1000.00,90000.00,439,100.000,2,84.4900,90.4900,84.52957,-0.5565
1773,"2026-09-18 02:44:55.298874+04","merchant_sample",85.0000,1000.00,90000.00,439,100.000,2,84.4900,90.3300,84.53002,-0.5560
1774,"2026-09-18 02:45:55.299499+04","merchant_sample",85.0000,1000.00,90000.00,439,100.000,2,84.4900,90.4900,84.53002,-0.5560
1775,"2026-09-18 02:46:55.300563+04","merchant_sample",85.0000,1000.00,90000.00,439,100.000,2,84.4900,90.4900,84.52939,-0.5567
1776,"2026-09-18 02:47:55.301172+04","merchant_sample",85.0000,1000.00,90000.00,439,100.000,2,84.4900,90.1900,84.52939,-0.5567
1777,"2026-09-18 02:48:55.301664+04","merchant_sample",85.0000,1000.00,90000.00,439,100.000,2,84.4900,90.2000,84.52962,-0.5565
1778,"2026-09-18 02:49:55.302217+04","merchant_sample",85.0000,1000.00,90000.00,439,100.000,2,84.4900,90.0000,84.52962,-0.5565
1779,"2026-09-18 02:50:55.302628+04","merchant_sample",85.0000,1000.00,90000.00,439,100.000,2,84.4900,90.1950,84.52865,-0.5576
1780,"2026-09-18 02:51:55.303127+04","merchant_sample",85.0000,1000.00,90000.00,439,100.000,2,84.4900,90.5200,84.52865,-0.5576
1781,"2026-09-18 02:52:55.304612+04","merchant_sample",85.0000,1000.00,90000.00,439,100.000,2,84.4900,90.6500,84.52843,-0.5579
1782,"2026-09-18 02:53:55.305205+04","merchant_sample",85.0000,1000.00,90000.00,439,100.000,2,84.4900,90.7750,84.52843,-0.5579
1783,"2026-09-18 02:54:55.305761+04","merchant_sample",85.0000,1000.00,90000.00,439,100.000,2,84.4900,90.4900,84.52862,-0.5577
1784,"2026-09-18 02:55:55.306381+04","merchant_sample",85.0000,1000.00,90000.00,439,100.000,2,84.4900,90.3300,84.52862,-0.5577
1785,"2026-09-18 02:56:55.306787+04","merchant_sample",85.0000,1000.00,90000.00,439,100.000,2,84.4900,90.5200,84.52922,-0.5569
1786,"2026-09-18 02:57:55.307039+04","merchant_sample",85.0000,1000.00,90000.00,439,100.000,2,84.4900,90.7500,84.52922,-0.5569
1787,"2026-09-18 02:58:55.307527+04","merchant_sample",85.0000,1000.00,90000.00,439,100.000,2,84.4900,90.5500,84.52878,-0.5575
1788,"2026-09-18 02:59:55.308221+04","merchant_sample",85.0000,1000.00,90000.00,439,100.000,2,84.4900,90.5500,84.52878,-0.5575
1789,"2026-09-18 03:00:55.308672+04","merchant_sample",85.0000,1000.00,90000.00,439,100.000,2,84.4900,90.5500,84.52900,-0.5572
1790,"2026-09-18 03:01:55.309134+04","merchant_sample",85.0000,1000.00,90000.00,439,100.000,2,84.4900,90.4100,84.52900,-0.5572
1791,"2026-09-18 03:02:55.309459+04","merchant_sample",85.0000,1000.00,90000.00,439,100.000,2,84.4900,90.3300,84.52866,-0.5576
1792,"2026-09-18 03:03:55.310044+04","merchant_sample",85.0000,1000.00,90000.00,439,100.000,2,84.4900,90.4100,84.52866,-0.5576
1793,"2026-09-18 03:04:55.310644+04","merchant_sample",85.0000,1000.00,90000.00,439,100.000,2,84.4900,90.3300,84.53148,-0.5543
1794,"2026-09-18 03:05:55.311123+04","merchant_sample",85.0000,1000.00,90000.00,439,100.000,2,84.4900,90.5200,84.53148,-0.5543
1795,"2026-09-18 03:06:55.311753+04","merchant_sample",85.0000,1000.00,90000.00,439,100.000,2,84.4900,90.4900,84.52824,-0.5581
1796,"2026-09-18 03:07:55.31199+04","merchant_sample",85.0000,1000.00,90000.00,439,100.000,2,84.4900,90.5200,84.52824,-0.5581
1797,"2026-09-18 03:08:55.312736+04","merchant_sample",85.0000,1000.00,90000.00,439,100.000,2,84.4900,90.4100,84.52824,-0.5581
1798,"2026-09-18 03:09:55.313191+04","merchant_sample",85.0000,1000.00,90000.00,439,100.000,2,84.4900,90.2650,84.52995,-0.5561
1799,"2026-09-18 03:10:55.313881+04","merchant_sample",85.0000,1000.00,90000.00,439,100.000,2,84.4900,90.3300,84.52995,-0.5561
1800,"2026-09-18 03:11:55.314182+04","merchant_sample",85.0000,1000.00,90000.00,439,100.000,2,84.4900,90.2650,84.53291,-0.5526
1801,"2026-09-18 03:12:55.314907+04","merchant_sample",85.0000,1000.00,90000.00,439,100.000,2,84.4900,90.1900,84.53291,-0.5526
1802,"2026-09-18 03:13:55.315443+04","merchant_sample",85.0000,1000.00,90000.00,439,100.000,5,84.4900,90.2000,84.52868,-0.5576
1803,"2026-09-18 03:14:55.315671+04","merchant_sample",85.0000,1000.00,90000.00,439,100.000,4,84.4900,90.3300,84.52868,-0.5576
1804,"2026-09-18 03:15:55.316238+04","merchant_sample",85.0000,1000.00,90000.00,439,100.000,4,84.4900,90.1950,84.52567,-0.5612
1805,"2026-09-18 03:16:55.316857+04","merchant_sample",85.0000,1000.00,90000.00,439,100.000,3,84.4900,90.7500,84.52567,-0.5612
1806,"2026-09-18 03:17:55.317254+04","merchant_sample",85.0000,1000.00,90000.00,439,100.000,4,84.4900,90.8000,84.52759,-0.5589
1807,"2026-09-18 03:18:55.317948+04","merchant_sample",85.0000,1000.00,90000.00,439,100.000,4,84.4900,90.5200,84.52759,-0.5589
1808,"2026-09-18 03:19:55.318533+04","merchant_sample",85.0000,1000.00,90000.00,439,100.000,4,84.4900,90.5500,84.53048,-0.5554
1809,"2026-09-18 03:20:55.319215+04","merchant_sample",85.0000,1000.00,90000.00,439,100.000,3,84.4900,90.8000,84.53048,-0.5554
1810,"2026-09-18 03:21:55.319532+04","merchant_sample",85.0000,1000.00,90000.00,439,100.000,3,84.4900,90.6750,84.52638,-0.5603
1811,"2026-09-18 03:22:55.320171+04","merchant_sample",85.0000,1000.00,90000.00,439,100.000,3,84.4900,90.6750,84.52638,-0.5603
1812,"2026-09-18 03:23:55.321374+04","merchant_sample",85.0000,1000.00,90000.00,439,100.000,2,84.4900,90.5500,84.52794,-0.5585
1813,"2026-09-18 03:24:55.321754+04","merchant_sample",85.0000,1000.00,90000.00,439,100.000,2,84.4900,90.4900,84.52794,-0.5585
1814,"2026-09-18 03:25:55.322522+04","merchant_sample",85.0000,1000.00,90000.00,439,100.000,2,84.4900,90.6750,84.52647,-0.5602
1815,"2026-09-18 03:26:55.322958+04","merchant_sample",85.0000,1000.00,90000.00,439,100.000,3,84.4900,90.4900,84.52647,-0.5602
1816,"2026-09-18 03:27:55.323458+04","merchant_sample",85.0000,1000.00,90000.00,439,100.000,2,84.4900,90.2000,84.52865,-0.5576
1817,"2026-09-18 03:28:55.324334+04","merchant_sample",85.0000,1000.00,90000.00,439,100.000,4,84.0000,90.2650,84.52865,-0.5576
1818,"2026-09-18 03:29:55.324751+04","merchant_sample",85.0000,1000.00,90000.00,439,100.000,2,84.4900,90.5200,84.52959,-0.5565
1819,"2026-09-18 03:30:55.325227+04","merchant_sample",85.0000,1000.00,90000.00,439,100.000,2,84.4900,90.1900,84.52959,-0.5565
1820,"2026-09-18 03:31:55.325925+04","merchant_sample",85.0000,1000.00,90000.00,439,100.000,2,84.4900,90.8000,84.52709,-0.5595
1821,"2026-09-18 03:32:55.326583+04","merchant_sample",85.0000,1000.00,90000.00,439,100.000,2,84.4900,90.8500,84.52709,-0.5595
1822,"2026-09-18 03:33:55.326777+04","merchant_sample",85.0000,1000.00,90000.00,439,100.000,2,84.4900,90.8000,84.52784,-0.5586
1823,"2026-09-18 03:34:55.327449+04","merchant_sample",85.0000,1000.00,90000.00,439,100.000,3,83.0000,90.5500,84.52784,-0.5586
1824,"2026-09-18 03:35:55.328002+04","merchant_sample",85.0000,1000.00,90000.00,439,100.000,3,83.0000,90.8000,84.52746,-0.5590
1825,"2026-09-18 03:36:55.328405+04","merchant_sample",85.0000,1000.00,90000.00,439,100.000,3,83.0000,90.5200,84.52746,-0.5590
1826,"2026-09-18 03:37:55.328972+04","merchant_sample",85.0000,1000.00,90000.00,439,100.000,3,83.0000,90.8000,84.53063,-0.5553
1827,"2026-09-18 03:38:55.330009+04","merchant_sample",85.0000,1000.00,90000.00,439,100.000,4,83.0000,90.8500,84.53063,-0.5553
1828,"2026-09-18 03:39:55.33051+04","merchant_sample",85.0000,1000.00,90000.00,439,100.000,3,83.0000,90.9000,84.52655,-0.5601
1829,"2026-09-18 03:40:55.330935+04","merchant_sample",85.0000,1000.00,90000.00,439,100.000,3,83.0000,90.3450,84.52655,-0.5601
1830,"2026-09-18 03:41:55.332365+04","merchant_sample",85.0000,1000.00,90000.00,439,100.000,3,83.0000,90.3450,84.52655,-0.5601
1831,"2026-09-18 03:42:55.332685+04","merchant_sample",85.0000,1000.00,90000.00,439,100.000,3,83.0000,90.0950,84.52740,-0.5591
1832,"2026-09-18 03:43:55.333399+04","merchant_sample",85.0000,1000.00,90000.00,439,100.000,3,83.0000,90.3450,84.52740,-0.5591
1833,"2026-09-18 03:44:55.333813+04","merchant_sample",85.0000,1000.00,90000.00,439,100.000,3,83.0000,90.2000,84.52878,-0.5575
1834,"2026-09-18 03:45:55.334344+04","merchant_sample",85.0000,1000.00,90000.00,439,100.000,3,83.0000,90.4900,84.52878,-0.5575
1835,"2026-09-18 03:46:55.334529+04","merchant_sample",85.0000,1000.00,90000.00,439,100.000,3,82.0000,90.5500,84.52893,-0.5573
1836,"2026-09-18 03:47:55.335239+04","merchant_sample",85.0000,1000.00,90000.00,439,100.000,2,84.4900,90.4900,84.52893,-0.5573
1837,"2026-09-18 03:48:55.33575+04","merchant_sample",85.0000,1000.00,90000.00,439,100.000,2,84.4900,90.6750,84.52984,-0.5562
1838,"2026-09-18 03:49:55.3366+04","merchant_sample",85.0000,1000.00,90000.00,439,100.000,2,84.4900,90.2000,84.52984,-0.5562
1839,"2026-09-18 03:50:55.336732+04","merchant_sample",85.0000,1000.00,90000.00,439,100.000,2,84.4900,90.8000,84.53023,-0.5557
1840,"2026-09-18 03:51:55.337304+04","merchant_sample",85.0000,1000.00,90000.00,439,100.000,2,84.4900,90.4900,84.53023,-0.5557
1841,"2026-09-18 03:52:55.337794+04","merchant_sample",85.0000,1000.00,90000.00,439,100.000,2,84.4900,90.9000,84.52872,-0.5575
1842,"2026-09-18 03:53:55.338476+04","merchant_sample",85.0000,1000.00,90000.00,439,100.000,2,84.4900,91.0000,84.52872,-0.5575
1843,"2026-09-18 03:54:55.338942+04","merchant_sample",85.0000,1000.00,90000.00,439,100.000,2,84.4900,90.8500,84.52882,-0.5574
1844,"2026-09-18 03:55:55.339543+04","merchant_sample",85.0000,1000.00,90000.00,439,100.000,2,84.4900,91.0000,84.52882,-0.5574
1845,"2026-09-18 03:56:55.340109+04","merchant_sample",85.0000,1000.00,90000.00,439,100.000,2,84.4900,90.5200,84.52966,-0.5564
1846,"2026-09-18 03:57:55.34067+04","merchant_sample",85.0000,1000.00,90000.00,439,100.000,2,84.4900,90.9000,84.52966,-0.5564
1847,"2026-09-18 03:58:55.340861+04","merchant_sample",85.0000,1000.00,90000.00,439,100.000,2,84.4900,91.0000,84.53007,-0.5559
1848,"2026-09-18 03:59:55.34166+04","merchant_sample",85.0000,1000.00,90000.00,439,100.000,2,84.4900,90.9000,84.53007,-0.5559
1849,"2026-09-18 04:00:55.342269+04","merchant_sample",85.0000,1000.00,90000.00,439,100.000,2,84.4900,90.9000,84.52752,-0.5590
1850,"2026-09-18 04:01:55.342827+04","merchant_sample",85.0000,1000.00,90000.00,439,100.000,3,84.4900,90.8000,84.52752,-0.5590
1851,"2026-09-18 04:02:55.343171+04","merchant_sample",85.0000,1000.00,90000.00,439,100.000,2,84.4900,90.9500,84.52786,-0.5586
1852,"2026-09-18 04:03:55.343773+04","merchant_sample",85.0000,1000.00,90000.00,439,100.000,3,82.0000,90.9500,84.52786,-0.5586
1853,"2026-09-18 04:04:55.344317+04","merchant_sample",85.0000,1000.00,90000.00,439,100.000,2,84.4900,91.0000,84.52783,-0.5586
1854,"2026-09-18 04:05:55.345083+04","merchant_sample",85.0000,1000.00,90000.00,439,100.000,2,84.4900,91.0000,84.52783,-0.5586
1855,"2026-09-18 04:06:55.345597+04","merchant_sample",85.0000,1000.00,90000.00,439,100.000,2,84.4900,91.0000,84.52606,-0.5607
1856,"2026-09-18 04:07:55.346032+04","merchant_sample",85.0000,1000.00,90000.00,439,100.000,2,84.4900,90.8000,84.52606,-0.5607
1857,"2026-09-18 04:08:55.346337+04","merchant_sample",85.0000,1000.00,90000.00,439,100.000,2,84.4900,90.6750,84.52489,-0.5621
1858,"2026-09-18 04:09:55.346789+04","merchant_sample",85.0000,1000.00,90000.00,439,100.000,2,84.4900,90.8500,84.52489,-0.5621
1859,"2026-09-18 04:10:55.347857+04","merchant_sample",85.0000,1000.00,90000.00,439,100.000,2,84.4900,91.0000,84.52945,-0.5567
1860,"2026-09-18 04:11:55.347965+04","merchant_sample",85.0000,1000.00,90000.00,439,100.000,2,84.4900,91.0000,84.52945,-0.5567
1861,"2026-09-18 04:12:55.348733+04","merchant_sample",85.0000,1000.00,90000.00,439,100.000,2,84.4900,91.0000,84.52880,-0.5574
1862,"2026-09-18 04:13:55.349337+04","merchant_sample",85.0000,1000.00,90000.00,439,100.000,3,84.4900,91.0000,84.52880,-0.5574
1863,"2026-09-18 04:14:55.349993+04","merchant_sample",85.0000,1000.00,90000.00,439,100.000,3,84.4900,91.0000,84.52880,-0.5574
1864,"2026-09-18 04:15:55.350643+04","merchant_sample",85.0000,1000.00,90000.00,439,100.000,2,84.4900,91.0000,84.52828,-0.5581
1865,"2026-09-18 04:16:55.350988+04","merchant_sample",85.0000,1000.00,90000.00,439,100.000,2,84.4900,91.0000,84.52828,-0.5581
1866,"2026-09-18 04:17:55.351488+04","merchant_sample",85.0000,1000.00,90000.00,439,100.000,2,84.4900,91.0100,84.52925,-0.5569
1867,"2026-09-18 04:18:55.352188+04","merchant_sample",85.0000,1000.00,90000.00,439,100.000,2,84.4900,91.0050,84.52925,-0.5569
1868,"2026-09-18 04:19:55.352782+04","merchant_sample",85.0000,1000.00,90000.00,439,100.000,2,84.4900,91.0100,84.52932,-0.5568
1869,"2026-09-18 04:20:55.353226+04","merchant_sample",85.0000,1000.00,90000.00,439,100.000,2,84.4900,90.9500,84.52932,-0.5568
1870,"2026-09-18 04:21:55.353703+04","merchant_sample",85.0000,1000.00,90000.00,439,100.000,2,84.4900,91.0000,84.52805,-0.5583
1871,"2026-09-18 04:22:55.354392+04","merchant_sample",85.0000,1000.00,90000.00,439,100.000,3,84.4900,90.4900,84.52805,-0.5583
1872,"2026-09-18 04:23:55.354831+04","merchant_sample",85.0000,1000.00,90000.00,439,100.000,2,84.4900,90.8500,84.52870,-0.5576
1873,"2026-09-18 04:24:55.35539+04","merchant_sample",85.0000,1000.00,90000.00,439,100.000,2,84.4900,90.9000,84.52870,-0.5576
1874,"2026-09-18 04:25:55.355712+04","merchant_sample",85.0000,1000.00,90000.00,439,100.000,2,84.4900,90.8500,84.52733,-0.5592
1875,"2026-09-18 04:26:55.356437+04","merchant_sample",85.0000,1000.00,90000.00,439,100.000,2,84.4900,90.6750,84.52733,-0.5592
1876,"2026-09-18 04:27:55.356692+04","merchant_sample",85.0000,1000.00,90000.00,439,100.000,2,84.4900,90.9500,84.52989,-0.5561
1877,"2026-09-18 04:28:55.357491+04","merchant_sample",85.0000,1000.00,90000.00,439,100.000,3,84.4900,90.6750,84.52989,-0.5561
1878,"2026-09-18 04:29:55.357614+04","merchant_sample",85.0000,1000.00,90000.00,439,100.000,3,84.4900,90.9500,84.52598,-0.5608
1879,"2026-09-18 04:30:55.358625+04","merchant_sample",85.0000,1000.00,90000.00,439,100.000,3,84.4900,91.0000,84.52598,-0.5608
1880,"2026-09-18 04:31:55.359274+04","merchant_sample",85.0000,1000.00,90000.00,439,100.000,3,84.4900,90.9500,84.52621,-0.5605
1881,"2026-09-18 04:32:55.359872+04","merchant_sample",85.0000,1000.00,90000.00,439,100.000,3,84.4900,90.9500,84.52621,-0.5605
1882,"2026-09-18 04:33:55.36025+04","merchant_sample",85.0000,1000.00,90000.00,439,100.000,2,84.4900,90.8500,84.52812,-0.5583
1883,"2026-09-18 04:34:55.361545+04","merchant_sample",85.0000,1000.00,90000.00,439,100.000,2,84.4900,90.8500,84.52812,-0.5583
1884,"2026-09-18 04:35:55.361732+04","merchant_sample",85.0000,1000.00,90000.00,439,100.000,2,84.4900,90.9000,84.52878,-0.5575
1885,"2026-09-18 04:36:55.362423+04","merchant_sample",85.0000,1000.00,90000.00,439,100.000,2,84.4900,90.3400,84.52878,-0.5575
1886,"2026-09-18 04:37:55.362999+04","merchant_sample",85.0000,1000.00,90000.00,439,100.000,3,84.4900,90.8000,84.52954,-0.5566
1887,"2026-09-18 04:38:55.363225+04","merchant_sample",85.0000,1000.00,90000.00,439,100.000,3,84.4900,90.5500,84.52954,-0.5566
1888,"2026-09-18 04:39:55.364002+04","merchant_sample",85.0000,1000.00,90000.00,439,100.000,3,84.4900,90.5500,84.52566,-0.5612
1889,"2026-09-18 04:40:55.364559+04","merchant_sample",85.0000,1000.00,90000.00,439,100.000,3,84.4900,90.9000,84.52566,-0.5612
1890,"2026-09-18 04:41:55.365045+04","merchant_sample",85.0000,1000.00,90000.00,439,100.000,4,84.4900,91.0000,84.52571,-0.5611
1891,"2026-09-18 04:42:55.36634+04","merchant_sample",85.0000,1000.00,90000.00,439,100.000,3,84.4900,91.0000,84.52571,-0.5611
1892,"2026-09-18 04:43:55.366797+04","merchant_sample",85.0000,1000.00,90000.00,439,100.000,3,84.4900,91.0000,84.52565,-0.5612
1893,"2026-09-18 04:44:55.367637+04","merchant_sample",85.0000,1000.00,90000.00,439,100.000,3,84.4900,91.0000,84.52565,-0.5612
1894,"2026-09-18 04:45:55.368285+04","merchant_sample",85.0000,1000.00,90000.00,439,100.000,3,84.4900,90.7250,84.52565,-0.5612
1895,"2026-09-18 04:46:55.369027+04","merchant_sample",85.0000,1000.00,90000.00,439,100.000,3,84.4900,91.0000,84.52930,-0.5568
1896,"2026-09-18 04:47:55.369457+04","merchant_sample",85.0000,1000.00,90000.00,439,100.000,3,84.4900,90.9500,84.52930,-0.5568
1897,"2026-09-18 04:48:55.370057+04","merchant_sample",85.0000,1000.00,90000.00,439,100.000,3,84.4900,91.0000,84.52867,-0.5576
1898,"2026-09-18 04:49:55.370455+04","merchant_sample",85.0000,1000.00,90000.00,439,100.000,2,84.4900,91.0050,84.52867,-0.5576
1899,"2026-09-18 04:50:55.371103+04","merchant_sample",85.0000,1000.00,90000.00,439,100.000,3,84.4900,91.2700,84.52993,-0.5561
1900,"2026-09-18 04:51:55.371892+04","merchant_sample",85.0000,1000.00,90000.00,439,100.000,3,84.4900,91.0000,84.52993,-0.5561
1901,"2026-09-18 04:52:55.372163+04","merchant_sample",85.0000,1000.00,90000.00,439,100.000,2,84.4900,91.1400,84.52889,-0.5573
1902,"2026-09-18 04:53:55.372737+04","merchant_sample",85.0000,1000.00,90000.00,439,100.000,3,84.4900,91.0050,84.52889,-0.5573
1903,"2026-09-18 04:54:55.373561+04","merchant_sample",85.0000,1000.00,90000.00,439,100.000,2,84.4900,91.0000,84.52709,-0.5595
1904,"2026-09-18 04:55:55.373997+04","merchant_sample",85.0000,1000.00,90000.00,439,100.000,3,84.4900,91.2850,84.52709,-0.5595
1905,"2026-09-18 04:56:55.37456+04","merchant_sample",85.0000,1000.00,90000.00,439,100.000,3,84.4900,91.0050,84.52814,-0.5582
1906,"2026-09-18 04:57:55.375051+04","merchant_sample",85.0000,1000.00,90000.00,439,100.000,3,84.4900,91.5000,84.52814,-0.5582
1907,"2026-09-18 04:58:55.375483+04","merchant_sample",85.0000,1000.00,90000.00,439,100.000,3,84.4900,91.5450,84.52952,-0.5566
1908,"2026-09-18 04:59:55.375626+04","merchant_sample",85.0000,1000.00,90000.00,439,100.000,2,84.4900,91.2700,84.52952,-0.5566
1909,"2026-09-18 05:00:55.3764+04","merchant_sample",85.0000,1000.00,90000.00,439,100.000,2,84.4900,91.7000,84.52659,-0.5601
1910,"2026-09-18 05:01:55.377081+04","merchant_sample",85.0000,1000.00,90000.00,439,100.000,2,84.4900,91.8800,84.52659,-0.5601
1911,"2026-09-18 05:02:55.377438+04","merchant_sample",85.0000,1000.00,90000.00,439,100.000,2,84.4900,91.8800,84.52838,-0.5579
1912,"2026-09-18 05:03:55.378276+04","merchant_sample",85.0000,1000.00,90000.00,439,100.000,2,84.4900,91.7000,84.52838,-0.5579
1913,"2026-09-18 05:04:55.379047+04","merchant_sample",85.0000,1000.00,90000.00,439,100.000,2,84.4900,91.6450,84.52709,-0.5595
1914,"2026-09-18 05:05:55.379337+04","merchant_sample",85.0000,1000.00,90000.00,439,100.000,2,84.4900,91.1400,84.52709,-0.5595
1915,"2026-09-18 05:06:55.379673+04","merchant_sample",85.0000,1000.00,90000.00,439,100.000,2,84.4900,91.3850,84.52549,-0.5614
1916,"2026-09-18 05:07:55.38052+04","merchant_sample",85.0000,1000.00,90000.00,439,100.000,2,84.4900,91.0100,84.52549,-0.5614
1917,"2026-09-18 05:08:55.380948+04","merchant_sample",85.0000,1000.00,90000.00,439,100.000,2,84.4900,91.8800,84.52617,-0.5606
1918,"2026-09-18 05:09:55.381464+04","merchant_sample",85.0000,1000.00,90000.00,439,100.000,4,84.4900,91.5900,84.52617,-0.5606
1919,"2026-09-18 05:10:55.381893+04","merchant_sample",85.0000,1000.00,90000.00,439,100.000,2,84.4900,91.7900,84.52725,-0.5593
1920,"2026-09-18 05:11:55.38245+04","merchant_sample",85.0000,1000.00,90000.00,439,100.000,2,84.4900,91.5900,84.52725,-0.5593
1921,"2026-09-18 05:12:55.383055+04","merchant_sample",85.0000,1000.00,90000.00,439,100.000,2,84.4900,91.6450,84.52659,-0.5601
1922,"2026-09-18 05:13:55.383526+04","merchant_sample",85.0000,1000.00,90000.00,439,100.000,2,84.4900,91.5450,84.52659,-0.5601
1923,"2026-09-18 05:14:55.383927+04","merchant_sample",85.0000,1000.00,90000.00,439,100.000,3,84.4900,91.5000,84.52838,-0.5579
1924,"2026-09-18 05:15:55.384699+04","merchant_sample",85.0000,1000.00,90000.00,439,100.000,2,84.4900,91.8900,84.52838,-0.5579
1925,"2026-09-18 05:16:55.384799+04","merchant_sample",85.0000,1000.00,90000.00,439,100.000,3,84.4900,91.5450,84.52838,-0.5579
1926,"2026-09-18 05:17:55.385722+04","merchant_sample",85.0000,1000.00,90000.00,439,100.000,3,84.4900,91.6450,84.52788,-0.5585
1927,"2026-09-18 05:18:55.386205+04","merchant_sample",85.0000,1000.00,90000.00,439,100.000,3,84.4900,91.5000,84.52788,-0.5585
1928,"2026-09-18 05:19:55.386531+04","merchant_sample",85.0000,1000.00,90000.00,439,100.000,2,84.4900,91.9000,84.52779,-0.5586
1929,"2026-09-18 05:20:55.387124+04","merchant_sample",85.0000,1000.00,90000.00,439,100.000,2,84.4900,91.8800,84.52779,-0.5586
1930,"2026-09-18 05:21:55.38788+04","merchant_sample",85.0000,1000.00,90000.00,439,100.000,2,84.4900,91.8800,84.52886,-0.5574
1931,"2026-09-18 05:22:55.388371+04","merchant_sample",85.0000,1000.00,90000.00,439,100.000,2,84.4900,91.5900,84.52886,-0.5574
1932,"2026-09-18 05:23:55.388914+04","merchant_sample",85.0000,1000.00,90000.00,439,100.000,2,84.4900,91.5900,84.52746,-0.5590
1933,"2026-09-18 05:24:55.389423+04","merchant_sample",85.0000,1000.00,90000.00,439,100.000,2,84.4900,91.2700,84.52746,-0.5590
1934,"2026-09-18 05:25:55.389961+04","merchant_sample",85.0000,1000.00,90000.00,439,100.000,3,84.4900,91.5900,84.52791,-0.5585
1935,"2026-09-18 05:26:55.390438+04","merchant_sample",85.0000,1000.00,90000.00,439,100.000,3,84.4900,91.5000,84.52791,-0.5585
1936,"2026-09-18 05:27:55.391047+04","merchant_sample",85.0000,1000.00,90000.00,439,100.000,3,84.4900,91.3850,84.52589,-0.5609
1937,"2026-09-18 05:28:55.391451+04","merchant_sample",85.0000,1000.00,90000.00,439,100.000,2,84.4900,91.5450,84.52589,-0.5609
1938,"2026-09-18 05:29:55.391896+04","merchant_sample",85.0000,1000.00,90000.00,439,100.000,2,84.4900,91.2700,84.52903,-0.5572
1939,"2026-09-18 05:30:55.392331+04","merchant_sample",85.0000,1000.00,90000.00,439,100.000,3,83.0000,91.2700,84.52903,-0.5572
1940,"2026-09-18 05:31:55.393291+04","merchant_sample",85.0000,1000.00,90000.00,439,100.000,2,84.4900,91.2700,84.52592,-0.5609
1941,"2026-09-18 05:32:55.394285+04","merchant_sample",85.0000,1000.00,90000.00,439,100.000,4,84.4900,91.2700,84.52592,-0.5609
1942,"2026-09-18 05:33:55.394786+04","merchant_sample",85.0000,1000.00,90000.00,439,100.000,2,84.4900,91.3850,84.52817,-0.5582
1943,"2026-09-18 05:34:55.395232+04","merchant_sample",85.0000,1000.00,90000.00,439,100.000,2,84.4900,91.5000,84.52817,-0.5582
1944,"2026-09-18 05:35:55.396485+04","merchant_sample",85.0000,1000.00,90000.00,439,100.000,2,84.4900,91.5000,84.52749,-0.5590
1945,"2026-09-18 05:36:55.397081+04","merchant_sample",85.0000,1000.00,90000.00,439,100.000,2,84.4900,91.2700,84.52749,-0.5590
1946,"2026-09-18 05:37:55.397649+04","merchant_sample",85.0000,1000.00,90000.00,439,100.000,3,84.4900,91.2700,84.52622,-0.5605
1947,"2026-09-18 05:38:55.398261+04","merchant_sample",85.0000,1000.00,90000.00,439,100.000,3,84.4900,91.2700,84.52622,-0.5605
1948,"2026-09-18 05:39:55.39895+04","merchant_sample",85.0000,1000.00,90000.00,439,100.000,2,84.4900,91.6450,84.52607,-0.5607
1949,"2026-09-18 05:40:55.399429+04","merchant_sample",85.0000,1000.00,90000.00,439,100.000,2,84.4900,91.6450,84.52607,-0.5607
1950,"2026-09-18 05:41:55.399906+04","merchant_sample",85.0000,1000.00,90000.00,439,100.000,2,84.4900,91.7900,84.52560,-0.5613
1951,"2026-09-18 05:42:55.400243+04","merchant_sample",85.0000,1000.00,90000.00,439,100.000,2,84.4900,91.5000,84.52560,-0.5613
1952,"2026-09-18 05:43:55.4012+04","merchant_sample",85.0000,1000.00,90000.00,439,100.000,2,84.4900,91.2700,84.52859,-0.5577
1953,"2026-09-18 05:44:55.401455+04","merchant_sample",85.0000,1000.00,90000.00,439,100.000,3,84.4900,91.5450,84.52859,-0.5577
1954,"2026-09-18 05:45:55.40196+04","merchant_sample",85.0000,1000.00,90000.00,439,100.000,3,84.4900,91.5000,84.52786,-0.5586
1955,"2026-09-18 05:46:55.402438+04","merchant_sample",85.0000,1000.00,90000.00,439,100.000,4,84.4900,91.2700,84.52786,-0.5586
1956,"2026-09-18 05:47:55.403008+04","merchant_sample",85.0000,1000.00,90000.00,439,100.000,2,84.4900,91.3600,84.52913,-0.5571
1957,"2026-09-18 05:48:55.403439+04","merchant_sample",85.0000,1000.00,90000.00,439,100.000,2,84.4900,91.3600,84.52913,-0.5571
1958,"2026-09-18 05:49:55.40381+04","merchant_sample",85.0000,1000.00,90000.00,439,100.000,3,84.4900,91.0050,84.52913,-0.5571
1959,"2026-09-18 05:50:55.404594+04","merchant_sample",85.0000,1000.00,90000.00,439,100.000,3,84.4900,91.1400,84.52900,-0.5572
1960,"2026-09-18 05:51:55.404967+04","merchant_sample",85.0000,1000.00,90000.00,439,100.000,2,84.4900,91.2700,84.52900,-0.5572
1961,"2026-09-18 05:52:55.405317+04","merchant_sample",85.0000,1000.00,90000.00,439,100.000,2,84.4900,91.3600,84.52790,-0.5585
1962,"2026-09-18 05:53:55.405911+04","merchant_sample",85.0000,1000.00,90000.00,439,100.000,2,84.4900,91.4500,84.52790,-0.5585
1963,"2026-09-18 05:54:55.406598+04","merchant_sample",85.0000,1000.00,90000.00,439,100.000,2,84.4900,91.3600,84.52836,-0.5580
1964,"2026-09-18 05:55:55.407213+04","merchant_sample",85.0000,1000.00,90000.00,439,100.000,3,84.4900,91.3600,84.52836,-0.5580
1965,"2026-09-18 05:56:55.40755+04","merchant_sample",85.0000,1000.00,90000.00,439,100.000,2,84.4900,91.7000,84.52665,-0.5600
1966,"2026-09-18 05:57:55.408376+04","merchant_sample",85.0000,1000.00,90000.00,439,100.000,2,84.4900,91.4750,84.52665,-0.5600
1967,"2026-09-18 05:58:55.408518+04","merchant_sample",85.0000,1000.00,90000.00,439,100.000,2,84.4900,91.5450,84.52929,-0.5569
1968,"2026-09-18 05:59:55.409363+04","merchant_sample",85.0000,1000.00,90000.00,439,100.000,2,84.4900,91.6450,84.52929,-0.5569
1969,"2026-09-18 06:00:55.410009+04","merchant_sample",85.0000,1000.00,90000.00,439,100.000,2,84.4900,91.6450,84.52717,-0.5594
1970,"2026-09-18 06:01:55.410643+04","merchant_sample",85.0000,1000.00,90000.00,439,100.000,2,84.4900,91.8900,84.52717,-0.5594
1971,"2026-09-18 06:02:55.411037+04","merchant_sample",85.0000,1000.00,90000.00,439,100.000,2,84.4900,91.8800,84.52838,-0.5579
1972,"2026-09-18 06:03:55.41169+04","merchant_sample",85.0000,1000.00,90000.00,439,100.000,3,84.4900,91.7900,84.52838,-0.5579
1973,"2026-09-18 06:04:55.412162+04","merchant_sample",85.0000,1000.00,90000.00,439,100.000,2,84.4900,92.0000,84.52841,-0.5579
1974,"2026-09-18 06:05:55.412509+04","merchant_sample",85.0000,1000.00,90000.00,439,100.000,2,84.4900,92.0000,84.52841,-0.5579
1975,"2026-09-18 06:06:55.412676+04","merchant_sample",85.0000,1000.00,90000.00,439,100.000,2,84.4900,92.0000,84.52813,-0.5582
1976,"2026-09-18 06:07:55.413548+04","merchant_sample",85.0000,1000.00,90000.00,439,100.000,3,84.4900,91.8800,84.52813,-0.5582
1977,"2026-09-18 06:08:55.414324+04","merchant_sample",85.0000,1000.00,90000.00,439,100.000,3,84.4900,91.7900,84.52647,-0.5602
1978,"2026-09-18 06:09:55.414723+04","merchant_sample",85.0000,1000.00,90000.00,439,100.000,2,84.4900,92.0000,84.52647,-0.5602
1979,"2026-09-18 06:10:55.415253+04","merchant_sample",85.0000,1000.00,90000.00,439,100.000,2,84.4900,91.7000,84.52636,-0.5603
1980,"2026-09-18 06:11:55.415765+04","merchant_sample",85.0000,1000.00,90000.00,439,100.000,2,84.4900,91.8800,84.52636,-0.5603
1981,"2026-09-18 06:12:55.416258+04","merchant_sample",85.0000,1000.00,90000.00,439,100.000,2,84.4900,91.9500,84.52945,-0.5567
1982,"2026-09-18 06:13:55.416947+04","merchant_sample",85.0000,1000.00,90000.00,439,100.000,2,84.4900,92.0000,84.52945,-0.5567
1983,"2026-09-18 06:14:55.417457+04","merchant_sample",85.0000,1000.00,90000.00,439,100.000,2,84.4900,91.8900,84.52912,-0.5571
1984,"2026-09-18 06:15:55.417793+04","merchant_sample",85.0000,1000.00,90000.00,439,100.000,2,84.4900,91.5900,84.52912,-0.5571
1985,"2026-09-18 06:16:55.418214+04","merchant_sample",85.0000,1000.00,90000.00,439,100.000,3,83.0000,91.7000,84.52845,-0.5579
1986,"2026-09-18 06:17:55.418505+04","merchant_sample",85.0000,1000.00,90000.00,439,100.000,2,84.4900,91.4500,84.52845,-0.5579
1987,"2026-09-18 06:18:55.41941+04","merchant_sample",85.0000,1000.00,90000.00,439,100.000,2,84.4900,91.5900,84.52845,-0.5579
1988,"2026-09-18 06:19:55.41993+04","merchant_sample",85.0000,1000.00,90000.00,439,100.000,2,84.4900,91.7000,84.52908,-0.5571
1989,"2026-09-18 06:20:55.42036+04","merchant_sample",85.0000,1000.00,90000.00,439,100.000,2,84.4900,91.5450,84.52908,-0.5571
1990,"2026-09-18 06:21:55.420865+04","merchant_sample",85.0000,1000.00,90000.00,439,100.000,2,84.4900,91.5000,84.52861,-0.5577
1991,"2026-09-18 06:22:55.421197+04","merchant_sample",85.0000,1000.00,90000.00,439,100.000,2,84.4900,91.4750,84.52861,-0.5577
1992,"2026-09-18 06:23:55.422077+04","merchant_sample",85.0000,1000.00,90000.00,439,100.000,2,84.4900,91.4500,84.52966,-0.5564
1993,"2026-09-18 06:24:55.422546+04","merchant_sample",85.0000,1000.00,90000.00,439,100.000,2,84.4900,91.5450,84.52966,-0.5564
1994,"2026-09-18 06:25:55.423905+04","merchant_sample",85.0000,1000.00,90000.00,439,100.000,2,84.4900,91.7000,84.52782,-0.5586
1995,"2026-09-18 06:26:55.424399+04","merchant_sample",85.0000,1000.00,90000.00,439,100.000,2,84.4900,91.2850,84.52782,-0.5586
1996,"2026-09-18 06:27:55.425162+04","merchant_sample",85.0000,1000.00,90000.00,439,100.000,2,84.4900,91.3750,84.52818,-0.5582
1997,"2026-09-18 06:28:55.425322+04","merchant_sample",85.0000,1000.00,90000.00,439,100.000,2,84.4900,91.2700,84.52818,-0.5582
1998,"2026-09-18 06:29:55.426299+04","merchant_sample",85.0000,1000.00,90000.00,439,100.000,2,84.4900,91.2850,84.52879,-0.5575
1999,"2026-09-18 06:30:55.426537+04","merchant_sample",85.0000,1000.00,90000.00,439,100.000,3,84.4900,91.2850,84.52879,-0.5575
2000,"2026-09-18 06:31:55.427209+04","merchant_sample",85.0000,1000.00,90000.00,439,100.000,3,84.4900,91.4500,84.52614,-0.5606
2001,"2026-09-18 06:32:55.427613+04","merchant_sample",85.0000,1000.00,90000.00,439,100.000,2,84.4900,91.5900,84.52614,-0.5606
2002,"2026-09-18 06:33:55.427978+04","merchant_sample",85.0000,1000.00,90000.00,439,100.000,2,84.4900,91.5000,84.52921,-0.5570
2003,"2026-09-18 06:34:55.428565+04","merchant_sample",85.0000,1000.00,90000.00,439,100.000,2,84.4900,91.5000,84.52921,-0.5570
2004,"2026-09-18 06:35:55.429034+04","merchant_sample",85.0000,1000.00,90000.00,439,100.000,3,84.4900,91.5450,84.52724,-0.5593
2005,"2026-09-18 06:36:55.429617+04","merchant_sample",85.0000,1000.00,90000.00,439,100.000,2,84.4900,91.6450,84.52724,-0.5593
2006,"2026-09-18 06:37:55.429996+04","merchant_sample",85.0000,1000.00,90000.00,439,100.000,2,84.4900,91.7000,84.52677,-0.5599
2007,"2026-09-18 06:38:55.430673+04","merchant_sample",85.0000,1000.00,90000.00,439,100.000,2,84.4900,91.5450,84.52677,-0.5599
2008,"2026-09-18 06:39:55.430978+04","merchant_sample",85.0000,1000.00,90000.00,439,100.000,2,84.4900,91.3600,84.52647,-0.5602
2009,"2026-09-18 06:40:55.431572+04","merchant_sample",85.0000,1000.00,90000.00,439,100.000,2,84.4900,91.6450,84.52647,-0.5602
2010,"2026-09-18 06:41:55.432339+04","merchant_sample",85.0000,1000.00,90000.00,439,100.000,2,84.4900,91.5900,84.52613,-0.5606
2011,"2026-09-18 06:42:55.43284+04","merchant_sample",85.0000,1000.00,90000.00,439,100.000,2,84.4900,91.5000,84.52613,-0.5606
2012,"2026-09-18 06:43:55.432877+04","merchant_sample",85.0000,1000.00,90000.00,439,100.000,2,84.4900,91.8800,84.52667,-0.5600
2013,"2026-09-18 06:44:55.433617+04","merchant_sample",85.0000,1000.00,90000.00,439,100.000,2,84.4900,91.5900,84.52667,-0.5600
2014,"2026-09-18 06:45:55.434151+04","merchant_sample",85.0000,1000.00,90000.00,439,100.000,2,84.4900,91.7000,84.52814,-0.5582
2015,"2026-09-18 06:46:55.434708+04","merchant_sample",85.0000,1000.00,90000.00,439,100.000,2,84.4900,91.7000,84.52814,-0.5582
2016,"2026-09-18 06:47:55.435161+04","merchant_sample",85.0000,1000.00,90000.00,439,100.000,2,84.4900,91.7000,84.52891,-0.5573
2017,"2026-09-18 06:48:55.43596+04","merchant_sample",85.0000,1000.00,90000.00,439,100.000,2,84.4900,91.6450,84.52891,-0.5573
2018,"2026-09-18 06:49:55.436737+04","merchant_sample",85.0000,1000.00,90000.00,439,100.000,2,84.4900,91.8900,84.52930,-0.5568
2019,"2026-09-18 06:50:55.437246+04","merchant_sample",85.0000,1000.00,90000.00,439,100.000,2,84.4900,91.9000,84.52930,-0.5568
2020,"2026-09-18 06:51:55.438608+04","merchant_sample",85.0000,1000.00,90000.00,439,100.000,2,84.4900,91.7000,84.52758,-0.5589
2021,"2026-09-18 06:52:55.439724+04","merchant_sample",85.0000,1000.00,90000.00,439,100.000,2,84.4900,91.7000,84.52758,-0.5589
2022,"2026-09-18 06:53:55.440504+04","merchant_sample",85.0000,1000.00,90000.00,439,100.000,2,84.4900,91.7900,84.52824,-0.5581
2023,"2026-09-18 06:54:55.440897+04","merchant_sample",85.0000,1000.00,90000.00,439,100.000,2,84.4900,91.5900,84.52824,-0.5581
2024,"2026-09-18 06:55:55.441375+04","merchant_sample",85.0000,1000.00,90000.00,439,100.000,2,84.4900,91.5450,84.52681,-0.5598
2025,"2026-09-18 06:56:55.441555+04","merchant_sample",85.0000,1000.00,90000.00,439,100.000,2,84.4900,91.8900,84.52681,-0.5598
2026,"2026-09-18 06:57:55.442116+04","merchant_sample",85.0000,1000.00,90000.00,439,100.000,2,84.4900,91.9000,84.52681,-0.5598
2027,"2026-09-18 06:58:55.442717+04","merchant_sample",85.0000,1000.00,90000.00,439,100.000,2,84.4900,91.9000,84.52932,-0.5568
2028,"2026-09-18 06:59:55.443744+04","merchant_sample",85.0000,1000.00,90000.00,439,100.000,2,84.4900,91.6450,84.52932,-0.5568
2029,"2026-09-18 07:00:55.444112+04","merchant_sample",85.0000,1000.00,90000.00,439,100.000,2,84.4900,91.6450,84.52727,-0.5593
2030,"2026-09-18 07:01:55.444514+04","merchant_sample",85.0000,1000.00,90000.00,439,100.000,2,84.4900,91.8800,84.52727,-0.5593
2031,"2026-09-18 07:02:55.445148+04","merchant_sample",85.0000,1000.00,90000.00,439,100.000,2,84.4900,91.5450,84.52719,-0.5594
2032,"2026-09-18 07:03:55.446906+04","merchant_sample",85.0000,1000.00,90000.00,439,100.000,2,84.4900,91.5000,84.52719,-0.5594
2033,"2026-09-18 07:04:55.447642+04","merchant_sample",85.0000,1000.00,90000.00,439,100.000,2,84.4900,91.6450,84.52780,-0.5586
2034,"2026-09-18 07:05:55.448134+04","merchant_sample",85.0000,1000.00,90000.00,439,100.000,2,84.4900,91.5900,84.52780,-0.5586
2035,"2026-09-18 07:06:55.448447+04","merchant_sample",85.0000,1000.00,90000.00,439,100.000,3,84.4900,91.5900,84.52874,-0.5575
2036,"2026-09-18 07:07:55.449035+04","merchant_sample",85.0000,1000.00,90000.00,439,100.000,3,84.4900,91.5900,84.52874,-0.5575
2037,"2026-09-18 07:08:55.449605+04","merchant_sample",85.0000,1000.00,90000.00,439,100.000,3,84.4900,91.5450,84.52920,-0.5570
2038,"2026-09-18 07:09:55.4501+04","merchant_sample",85.0000,1000.00,90000.00,439,100.000,3,84.4900,91.5900,84.52920,-0.5570
2039,"2026-09-18 07:10:55.450697+04","merchant_sample",85.0000,1000.00,90000.00,439,100.000,2,84.4900,91.7000,84.52882,-0.5574
2040,"2026-09-18 07:11:55.451181+04","merchant_sample",85.0000,1000.00,90000.00,439,100.000,2,84.4900,91.5900,84.52882,-0.5574
2041,"2026-09-18 07:12:55.45176+04","merchant_sample",85.0000,1000.00,90000.00,439,100.000,2,84.4900,91.5450,84.52892,-0.5573
2042,"2026-09-18 07:13:55.45208+04","merchant_sample",85.0000,1000.00,90000.00,439,100.000,2,84.4900,91.5900,84.52892,-0.5573
2043,"2026-09-18 07:14:55.452576+04","merchant_sample",85.0000,1000.00,90000.00,439,100.000,2,84.4900,91.5000,84.52938,-0.5568
2044,"2026-09-18 07:15:55.453086+04","merchant_sample",85.0000,1000.00,90000.00,439,100.000,2,84.4900,91.5000,84.52938,-0.5568
2045,"2026-09-18 07:16:55.453601+04","merchant_sample",85.0000,1000.00,90000.00,439,100.000,2,84.4900,91.5450,84.52730,-0.5592
2046,"2026-09-18 07:17:55.454088+04","merchant_sample",85.0000,1000.00,90000.00,439,100.000,2,84.4900,91.4750,84.52730,-0.5592
2047,"2026-09-18 07:18:55.454959+04","merchant_sample",85.0000,1000.00,90000.00,439,100.000,2,84.4900,91.2700,84.52955,-0.5566
2048,"2026-09-18 07:19:55.455493+04","merchant_sample",85.0000,1000.00,90000.00,439,100.000,2,84.4900,91.2700,84.52955,-0.5566
2049,"2026-09-18 07:20:55.455965+04","merchant_sample",85.0000,1000.00,90000.00,439,100.000,2,84.4900,91.0100,84.52921,-0.5570
2050,"2026-09-18 07:21:55.456594+04","merchant_sample",85.0000,1000.00,90000.00,439,100.000,2,84.4900,91.4500,84.52921,-0.5570
2051,"2026-09-18 07:22:55.457187+04","merchant_sample",85.0000,1000.00,90000.00,439,100.000,2,84.4900,91.2700,84.53028,-0.5557
2052,"2026-09-18 07:23:55.457447+04","merchant_sample",85.0000,1000.00,90000.00,439,100.000,2,84.4900,91.2700,84.53028,-0.5557
2053,"2026-09-18 07:24:55.458417+04","merchant_sample",85.0000,1000.00,90000.00,439,100.000,2,84.4900,91.2700,84.52880,-0.5574
2054,"2026-09-18 07:25:55.458485+04","merchant_sample",85.0000,1000.00,90000.00,439,100.000,2,84.4900,91.5000,84.52880,-0.5574
2055,"2026-09-18 07:26:55.458849+04","merchant_sample",85.0000,1000.00,90000.00,439,100.000,2,84.4900,91.1400,84.52708,-0.5595
2056,"2026-09-18 07:27:55.459362+04","merchant_sample",85.0000,1000.00,90000.00,439,100.000,2,84.4900,91.2700,84.52708,-0.5595
2057,"2026-09-18 07:28:55.460075+04","merchant_sample",85.0000,1000.00,90000.00,439,100.000,2,84.4900,91.4500,84.52638,-0.5603
2058,"2026-09-18 07:29:55.46075+04","merchant_sample",85.0000,1000.00,90000.00,439,100.000,2,84.4900,91.5450,84.52638,-0.5603
2059,"2026-09-18 07:30:55.461332+04","merchant_sample",85.0000,1000.00,90000.00,439,100.000,2,84.4900,91.6450,84.52683,-0.5598
2060,"2026-09-18 07:31:55.461947+04","merchant_sample",85.0000,1000.00,90000.00,439,100.000,2,84.4900,91.5900,84.52683,-0.5598
2061,"2026-09-18 07:32:55.462485+04","merchant_sample",85.0000,1000.00,90000.00,439,100.000,2,84.4900,91.4500,84.52987,-0.5562
2062,"2026-09-18 07:33:55.462682+04","merchant_sample",85.0000,1000.00,90000.00,439,100.000,2,84.4900,91.7000,84.52987,-0.5562
2063,"2026-09-18 07:34:55.463519+04","merchant_sample",85.0000,1000.00,90000.00,439,100.000,2,84.4900,91.7900,84.52753,-0.5590
2064,"2026-09-18 07:35:55.46381+04","merchant_sample",85.0000,1000.00,90000.00,439,100.000,2,84.4900,91.9000,84.52753,-0.5590
2065,"2026-09-18 07:36:55.464588+04","merchant_sample",85.0000,1000.00,90000.00,439,100.000,2,84.4900,91.9000,84.52845,-0.5579
2066,"2026-09-18 07:37:55.464956+04","merchant_sample",85.0000,1000.00,90000.00,439,100.000,2,84.4900,91.8800,84.52845,-0.5579
2067,"2026-09-18 07:38:55.465306+04","merchant_sample",85.0000,1000.00,90000.00,439,100.000,2,84.4900,92.0000,84.52953,-0.5566
2068,"2026-09-18 07:39:55.46597+04","merchant_sample",85.0000,1000.00,90000.00,439,100.000,2,84.4900,92.0000,84.52953,-0.5566
2069,"2026-09-18 07:40:55.466814+04","merchant_sample",85.0000,1000.00,90000.00,439,100.000,2,84.4900,91.8800,84.52967,-0.5564
2070,"2026-09-18 07:41:55.466841+04","merchant_sample",85.0000,1000.00,90000.00,439,100.000,2,84.4900,91.9000,84.52967,-0.5564
2071,"2026-09-18 07:42:55.467652+04","merchant_sample",85.0000,1000.00,90000.00,439,100.000,2,84.4900,91.8900,84.52954,-0.5566
2072,"2026-09-18 07:43:55.46826+04","merchant_sample",85.0000,1000.00,90000.00,439,100.000,2,84.4900,91.8900,84.52954,-0.5566
2073,"2026-09-18 07:44:55.469099+04","merchant_sample",85.0000,1000.00,90000.00,439,100.000,2,84.4900,91.9500,84.52954,-0.5566
2074,"2026-09-18 07:45:55.469714+04","merchant_sample",85.0000,1000.00,90000.00,439,100.000,2,84.4900,91.9000,84.52856,-0.5577
2075,"2026-09-18 07:46:55.470658+04","merchant_sample",85.0000,1000.00,90000.00,439,100.000,2,84.4900,91.9000,84.52856,-0.5577
2076,"2026-09-18 07:47:55.471038+04","merchant_sample",85.0000,1000.00,90000.00,439,100.000,2,84.4900,91.9000,84.52717,-0.5594
2077,"2026-09-18 07:48:55.471931+04","merchant_sample",85.0000,1000.00,90000.00,439,100.000,2,84.4900,91.9000,84.52717,-0.5594
2078,"2026-09-18 07:49:55.4725+04","merchant_sample",85.0000,1000.00,90000.00,439,100.000,2,84.4900,91.9000,84.52663,-0.5600
2079,"2026-09-18 07:50:55.473044+04","merchant_sample",85.0000,1000.00,90000.00,439,100.000,2,84.4900,91.9000,84.52663,-0.5600
2080,"2026-09-18 07:51:55.473655+04","merchant_sample",85.0000,1000.00,90000.00,439,100.000,2,84.4900,92.0000,84.52919,-0.5570
2081,"2026-09-18 07:52:55.474196+04","merchant_sample",85.0000,1000.00,90000.00,439,100.000,2,84.4900,91.8800,84.52919,-0.5570
2082,"2026-09-18 07:53:55.475025+04","merchant_sample",85.0000,1000.00,90000.00,439,100.000,2,84.4900,91.9500,84.53006,-0.5559
2083,"2026-09-18 07:54:55.475451+04","merchant_sample",85.0000,1000.00,90000.00,439,100.000,2,84.4900,91.7900,84.53006,-0.5559
2084,"2026-09-18 07:55:55.476042+04","merchant_sample",85.0000,1000.00,90000.00,439,100.000,2,84.4900,91.7900,84.52986,-0.5562
2085,"2026-09-18 07:56:55.476413+04","merchant_sample",85.0000,1000.00,90000.00,439,100.000,2,84.4900,91.9000,84.52986,-0.5562
2086,"2026-09-18 07:57:55.476983+04","merchant_sample",85.0000,1000.00,90000.00,439,100.000,2,84.4900,91.9000,84.52910,-0.5571
2087,"2026-09-18 07:58:55.477273+04","merchant_sample",85.0000,1000.00,90000.00,439,100.000,2,84.4900,91.7000,84.52910,-0.5571
2088,"2026-09-18 07:59:55.478+04","merchant_sample",85.0000,1000.00,90000.00,439,100.000,2,84.4900,91.7900,84.52896,-0.5573
2089,"2026-09-18 08:00:55.478535+04","merchant_sample",85.0000,1000.00,90000.00,439,100.000,2,84.4900,91.7000,84.52896,-0.5573
2090,"2026-09-18 08:01:55.479381+04","merchant_sample",85.0000,1000.00,90000.00,439,100.000,2,84.4900,91.7000,84.42673,-0.6790
2091,"2026-09-18 08:02:55.479911+04","merchant_sample",85.0000,1000.00,90000.00,439,100.000,2,84.4900,91.9000,84.42673,-0.6790
2092,"2026-09-18 08:03:55.480431+04","merchant_sample",85.0000,1000.00,90000.00,439,100.000,2,84.4900,91.7900,84.50809,-0.5821
2093,"2026-09-18 08:04:55.480835+04","merchant_sample",85.0000,1000.00,90000.00,439,100.000,3,84.4900,91.5900,84.50809,-0.5821
2094,"2026-09-18 08:05:55.481167+04","merchant_sample",85.0000,1000.00,90000.00,439,100.000,2,84.4900,91.8800,84.48777,-0.6063
2095,"2026-09-18 08:06:55.482063+04","merchant_sample",85.0000,1000.00,90000.00,439,100.000,2,84.4900,91.8900,84.48777,-0.6063
2096,"2026-09-18 08:07:55.482464+04","merchant_sample",85.0000,1000.00,90000.00,439,100.000,2,84.4900,91.8800,84.48752,-0.6066
2097,"2026-09-18 08:08:55.482788+04","merchant_sample",85.0000,1000.00,90000.00,439,100.000,2,84.4900,92.0000,84.48752,-0.6066
2098,"2026-09-18 08:09:55.483644+04","merchant_sample",85.0000,1000.00,90000.00,439,100.000,2,84.4900,91.9500,84.44447,-0.6579
2099,"2026-09-18 08:10:55.48387+04","merchant_sample",85.0000,1000.00,90000.00,439,100.000,2,84.4900,91.7900,84.44447,-0.6579
2100,"2026-09-18 08:11:55.484357+04","merchant_sample",85.0000,1000.00,90000.00,439,100.000,2,84.4900,91.8800,84.51023,-0.5795
2101,"2026-09-18 08:12:55.485041+04","merchant_sample",85.0000,1000.00,90000.00,439,100.000,2,84.4900,91.8900,84.51023,-0.5795
2102,"2026-09-18 08:13:55.485637+04","merchant_sample",85.0000,1000.00,90000.00,439,100.000,3,84.4900,91.7000,84.44938,-0.6520
2103,"2026-09-18 08:14:55.486113+04","merchant_sample",85.0000,1000.00,90000.00,439,100.000,2,84.4900,91.8900,84.44938,-0.6520
2104,"2026-09-18 08:15:55.486595+04","merchant_sample",85.0000,1000.00,90000.00,439,100.000,2,84.4900,91.9000,84.47789,-0.6180
2105,"2026-09-18 08:16:55.487097+04","merchant_sample",85.0000,1000.00,90000.00,439,100.000,2,84.4900,91.7900,84.47789,-0.6180
2106,"2026-09-18 08:17:55.487744+04","merchant_sample",85.0000,1000.00,90000.00,439,100.000,2,84.4900,91.9000,84.44753,-0.6542
2107,"2026-09-18 08:18:55.488202+04","merchant_sample",85.0000,1000.00,90000.00,439,100.000,2,84.4900,91.9000,84.44753,-0.6542
2108,"2026-09-18 08:19:55.488732+04","merchant_sample",85.0000,1000.00,90000.00,439,100.000,2,84.4900,91.7000,84.46580,-0.6324
2109,"2026-09-18 08:20:55.489404+04","merchant_sample",85.0000,1000.00,90000.00,413,100.000,2,84.4900,91.8800,84.46580,-0.6324
2110,"2026-09-18 08:21:55.489926+04","merchant_sample",85.0000,1000.00,90000.00,413,100.000,2,84.4900,91.9500,84.46580,-0.6324
2111,"2026-09-18 08:22:55.490462+04","merchant_sample",85.0000,1000.00,90000.00,413,100.000,2,84.4900,91.9000,84.46087,-0.6383
2112,"2026-09-18 08:23:55.490942+04","merchant_sample",85.0000,1000.00,90000.00,413,100.000,2,84.4900,91.7900,84.46087,-0.6383
2113,"2026-09-18 08:24:55.491316+04","merchant_sample",85.0000,1000.00,90000.00,413,100.000,2,84.4900,91.8900,84.46464,-0.6338
2114,"2026-09-18 08:25:55.491723+04","merchant_sample",85.0000,1000.00,90000.00,413,100.000,2,84.4900,91.7900,84.46464,-0.6338
2115,"2026-09-18 08:26:55.492495+04","merchant_sample",85.0000,1000.00,90000.00,413,100.000,2,84.4900,91.7900,84.42720,-0.6785
2116,"2026-09-18 08:27:55.492973+04","merchant_sample",85.0000,1000.00,90000.00,413,100.000,2,84.4900,91.8900,84.42720,-0.6785
2117,"2026-09-18 08:28:55.49355+04","merchant_sample",85.0000,1000.00,90000.00,413,100.000,2,84.4900,91.7900,84.42765,-0.6779
2118,"2026-09-18 08:29:55.494258+04","merchant_sample",85.0000,1000.00,90000.00,413,100.000,2,84.4900,91.7000,84.42765,-0.6779
2119,"2026-09-18 08:30:55.494514+04","merchant_sample",85.0000,1000.00,90000.00,413,100.000,2,84.4900,91.5450,84.46358,-0.6351
2120,"2026-09-18 08:31:55.495234+04","merchant_sample",85.0000,1000.00,90000.00,413,100.000,2,84.4900,91.5450,84.46358,-0.6351
2121,"2026-09-18 08:32:55.495758+04","merchant_sample",85.0000,1000.00,90000.00,413,100.000,2,84.4900,91.7000,84.49503,-0.5976
2122,"2026-09-18 08:33:55.496175+04","merchant_sample",85.0000,1000.00,90000.00,413,100.000,2,84.4900,91.7000,84.49503,-0.5976
2123,"2026-09-18 08:34:55.496888+04","merchant_sample",85.0000,1000.00,90000.00,413,100.000,2,84.4900,91.7000,84.46205,-0.6369
2124,"2026-09-18 08:35:55.497095+04","merchant_sample",85.0000,1000.00,90000.00,413,100.000,2,84.4900,91.8800,84.46205,-0.6369
2125,"2026-09-18 08:36:55.49778+04","merchant_sample",85.0000,1000.00,90000.00,413,100.000,2,84.4900,91.9000,84.47505,-0.6214
2126,"2026-09-18 08:37:55.498143+04","merchant_sample",85.0000,1000.00,90000.00,413,100.000,2,84.4900,91.9000,84.47505,-0.6214
2127,"2026-09-18 08:38:55.49878+04","merchant_sample",85.0000,1000.00,90000.00,413,100.000,2,84.4900,91.9000,84.47728,-0.6188
2128,"2026-09-18 08:39:55.499241+04","merchant_sample",85.0000,1000.00,90000.00,413,100.000,2,84.4900,91.9000,84.47728,-0.6188
2129,"2026-09-18 08:40:55.499523+04","merchant_sample",85.0000,1000.00,90000.00,413,100.000,2,84.4900,92.0000,84.44645,-0.6555
2130,"2026-09-18 08:41:55.500196+04","merchant_sample",85.0000,1000.00,90000.00,413,100.000,2,84.4900,91.9500,84.44645,-0.6555
2131,"2026-09-18 08:42:55.50088+04","merchant_sample",85.0000,1000.00,90000.00,413,100.000,2,84.4900,91.9000,84.44374,-0.6587
2132,"2026-09-18 08:43:55.501499+04","merchant_sample",85.0000,1000.00,90000.00,413,100.000,2,84.4900,92.0000,84.44374,-0.6587
2133,"2026-09-18 08:44:55.501694+04","merchant_sample",85.0000,1000.00,90000.00,413,100.000,2,84.4900,91.9000,84.45114,-0.6499
2134,"2026-09-18 08:45:55.501941+04","merchant_sample",85.0000,1000.00,90000.00,413,100.000,2,84.4900,91.8900,84.45114,-0.6499
2135,"2026-09-18 08:46:55.502655+04","merchant_sample",85.0000,1000.00,90000.00,413,100.000,2,84.4900,91.9000,84.46850,-0.6292
2136,"2026-09-18 08:47:55.503173+04","merchant_sample",85.0000,1000.00,90000.00,413,100.000,2,84.4900,91.8800,84.46850,-0.6292
2137,"2026-09-18 08:48:55.503801+04","merchant_sample",85.0000,1000.00,90000.00,413,100.000,2,84.4900,91.8900,84.46207,-0.6369
2138,"2026-09-18 08:49:55.504423+04","merchant_sample",85.0000,1000.00,90000.00,413,100.000,2,84.4900,91.7000,84.46207,-0.6369
2139,"2026-09-18 08:50:55.504843+04","merchant_sample",85.0000,1000.00,90000.00,413,100.000,2,84.4900,91.7900,84.46538,-0.6329
2140,"2026-09-18 08:51:55.505428+04","merchant_sample",85.0000,1000.00,90000.00,413,100.000,2,84.4900,91.8800,84.46538,-0.6329
2141,"2026-09-18 08:52:55.505919+04","merchant_sample",85.0000,1000.00,90000.00,413,100.000,2,84.4900,91.6450,84.43981,-0.6634
2142,"2026-09-18 08:53:55.506362+04","merchant_sample",85.0000,1000.00,90000.00,413,100.000,2,84.4900,91.7900,84.43981,-0.6634
2143,"2026-09-18 08:54:55.507023+04","merchant_sample",85.0000,1000.00,90000.00,413,100.000,2,84.4900,91.8900,84.46155,-0.6375
2144,"2026-09-18 08:55:55.507464+04","merchant_sample",85.0000,1000.00,90000.00,413,100.000,2,84.4900,91.7900,84.46155,-0.6375
2145,"2026-09-18 08:56:55.507953+04","merchant_sample",85.0000,1000.00,90000.00,413,100.000,2,84.4900,91.7000,84.48567,-0.6088
2146,"2026-09-18 08:57:55.50857+04","merchant_sample",85.0000,1000.00,90000.00,414,100.000,2,84.4900,91.5200,84.48567,-0.6088
2147,"2026-09-18 08:58:55.508991+04","merchant_sample",85.0000,1000.00,90000.00,414,100.000,2,84.4900,91.7000,84.48567,-0.6088
2148,"2026-09-18 08:59:55.509758+04","merchant_sample",85.0000,1000.00,90000.00,414,100.000,2,84.4900,91.5450,84.42083,-0.6861
2149,"2026-09-18 09:00:55.510008+04","merchant_sample",85.0000,1000.00,90000.00,414,100.000,2,84.4900,91.3950,84.42083,-0.6861
2150,"2026-09-18 09:01:55.510916+04","merchant_sample",85.0000,1000.00,90000.00,414,100.000,2,84.4900,91.8800,84.47563,-0.6207
2151,"2026-09-18 09:02:55.511373+04","merchant_sample",85.0000,1000.00,90000.00,414,100.000,2,84.4900,91.7900,84.47563,-0.6207
2152,"2026-09-18 09:03:55.512232+04","merchant_sample",85.0000,1000.00,90000.00,414,100.000,3,84.4900,91.8800,84.47828,-0.6176
2153,"2026-09-18 09:04:55.512307+04","merchant_sample",85.0000,1000.00,90000.00,414,100.000,2,84.4900,91.9500,84.47828,-0.6176
2154,"2026-09-18 09:05:55.512821+04","merchant_sample",85.0000,1000.00,90000.00,414,100.000,1,85.0000,91.9000,84.46408,-0.6345
2155,"2026-09-18 09:06:55.513656+04","merchant_sample",85.0000,1000.00,90000.00,414,100.000,1,85.0000,91.9000,84.46408,-0.6345
2156,"2026-09-18 09:07:55.51406+04","merchant_sample",85.0000,1000.00,90000.00,414,100.000,1,85.0000,91.7000,84.43586,-0.6681
2157,"2026-09-18 09:08:55.514687+04","merchant_sample",85.0000,1000.00,90000.00,414,100.000,1,85.0000,91.7900,84.43586,-0.6681
2158,"2026-09-18 09:09:55.51521+04","merchant_sample",85.0000,1000.00,90000.00,414,100.000,1,85.0000,91.5900,84.42370,-0.6826
2159,"2026-09-18 09:10:55.515484+04","merchant_sample",85.0000,1000.00,90000.00,414,100.000,1,85.0000,91.6450,84.42370,-0.6826
2160,"2026-09-18 09:11:55.516189+04","merchant_sample",85.0000,1000.00,90000.00,414,100.000,1,85.0000,91.5900,84.48528,-0.6092
2161,"2026-09-18 09:12:55.517079+04","merchant_sample",85.0000,1000.00,90000.00,414,100.000,1,85.0000,91.7000,84.48528,-0.6092
2162,"2026-09-18 09:13:55.517755+04","merchant_sample",85.0000,1000.00,90000.00,414,100.000,1,85.0000,91.5450,84.50702,-0.5834
2163,"2026-09-18 09:14:55.518784+04","merchant_sample",85.0000,1000.00,90000.00,414,100.000,2,84.9500,91.5450,84.50702,-0.5834
2164,"2026-09-18 09:15:55.519361+04","merchant_sample",85.0000,1000.00,90000.00,414,100.000,1,85.0000,91.4500,84.51122,-0.5784
2165,"2026-09-18 09:16:55.519546+04","merchant_sample",85.0000,1000.00,90000.00,414,100.000,2,84.4900,91.2700,84.51122,-0.5784
2166,"2026-09-18 09:17:55.520329+04","merchant_sample",85.0000,1000.00,90000.00,414,100.000,2,84.4900,91.2600,84.53814,-0.5463
2167,"2026-09-18 09:18:55.520615+04","merchant_sample",85.0000,1000.00,90000.00,414,100.000,2,84.4900,91.2600,84.53814,-0.5463
2168,"2026-09-18 09:19:55.521521+04","merchant_sample",85.0000,1000.00,90000.00,414,100.000,2,84.4900,91.2700,84.55979,-0.5206
2169,"2026-09-18 09:20:55.521999+04","merchant_sample",85.0000,1000.00,90000.00,414,100.000,2,84.4900,91.0000,84.55979,-0.5206
2170,"2026-09-18 09:21:55.522465+04","merchant_sample",85.0000,1000.00,90000.00,414,100.000,2,84.4900,91.0050,84.57183,-0.5063
2171,"2026-09-18 09:22:55.523282+04","merchant_sample",85.0000,1000.00,90000.00,414,100.000,2,84.4900,91.2700,84.57183,-0.5063
2172,"2026-09-18 09:23:55.523706+04","merchant_sample",85.0000,1000.00,90000.00,414,100.000,2,84.4900,91.2700,84.57623,-0.5011
2173,"2026-09-18 09:24:55.524085+04","merchant_sample",85.0000,1000.00,90000.00,414,100.000,2,84.4900,91.2600,84.57623,-0.5011
2174,"2026-09-18 09:25:55.524861+04","merchant_sample",85.0000,1000.00,90000.00,414,100.000,2,84.4900,91.0000,84.55023,-0.5320
2175,"2026-09-18 09:26:55.525445+04","merchant_sample",85.0000,1000.00,90000.00,414,100.000,2,84.4900,91.1300,84.55023,-0.5320
2176,"2026-09-18 09:27:55.525937+04","merchant_sample",85.0000,1000.00,90000.00,414,100.000,2,84.4900,91.2600,84.54412,-0.5392
2177,"2026-09-18 09:28:55.526505+04","merchant_sample",85.0000,1000.00,90000.00,414,100.000,3,83.0000,91.2700,84.54412,-0.5392
2178,"2026-09-18 09:29:55.526935+04","merchant_sample",85.0000,1000.00,90000.00,414,100.000,2,84.4900,91.2700,84.53586,-0.5490
2179,"2026-09-18 09:30:55.527485+04","merchant_sample",85.0000,1000.00,90000.00,414,100.000,2,84.4900,91.5000,84.53586,-0.5490
2180,"2026-09-18 09:31:55.527894+04","merchant_sample",85.0000,1000.00,90000.00,414,100.000,3,84.4900,91.6450,84.53586,-0.5490
2181,"2026-09-18 09:32:55.528351+04","merchant_sample",85.0000,1000.00,90000.00,414,100.000,2,84.4900,91.7000,84.55156,-0.5304
2182,"2026-09-18 09:33:55.528989+04","merchant_sample",85.0000,1000.00,90000.00,414,100.000,2,84.4900,91.5900,84.55156,-0.5304
2183,"2026-09-18 09:34:55.529654+04","merchant_sample",85.0000,1000.00,90000.00,414,100.000,2,84.4900,91.6450,84.55400,-0.5275
2184,"2026-09-18 09:35:55.530535+04","merchant_sample",85.0000,1000.00,90000.00,414,100.000,2,84.4900,91.7000,84.55400,-0.5275
2185,"2026-09-18 09:36:55.531181+04","merchant_sample",85.0000,1000.00,90000.00,414,100.000,3,84.4900,91.5450,84.57025,-0.5082
2186,"2026-09-18 09:37:55.531974+04","merchant_sample",85.0000,1000.00,90000.00,414,100.000,2,84.4900,91.5000,84.57025,-0.5082
2187,"2026-09-18 09:38:55.532468+04","merchant_sample",85.0000,1000.00,90000.00,414,100.000,2,84.4900,91.6450,84.55733,-0.5235
2188,"2026-09-18 09:39:55.533166+04","merchant_sample",85.0000,1000.00,90000.00,414,100.000,2,84.4900,91.5000,84.55733,-0.5235
2189,"2026-09-18 09:40:55.533444+04","merchant_sample",85.0000,1000.00,90000.00,414,100.000,2,84.4900,91.5900,84.56669,-0.5124
2190,"2026-09-18 09:41:55.534156+04","merchant_sample",85.0000,1000.00,90000.00,414,100.000,2,84.4900,91.7900,84.56669,-0.5124
2191,"2026-09-18 09:42:55.534345+04","merchant_sample",85.0000,1000.00,90000.00,414,100.000,2,84.4900,91.8900,84.57863,-0.4982
2192,"2026-09-18 09:43:55.535284+04","merchant_sample",85.0000,1000.00,90000.00,414,100.000,2,84.4900,91.9000,84.57863,-0.4982
2193,"2026-09-18 09:44:55.535845+04","merchant_sample",85.0000,1000.00,90000.00,414,100.000,2,84.4900,91.9000,84.54985,-0.5324
2194,"2026-09-18 09:45:55.536268+04","merchant_sample",85.0000,1000.00,90000.00,414,100.000,2,84.4900,91.8900,84.54985,-0.5324
2195,"2026-09-18 09:46:55.536613+04","merchant_sample",85.0000,1000.00,90000.00,414,100.000,2,84.4900,91.9000,84.56795,-0.5109
2196,"2026-09-18 09:47:55.537118+04","merchant_sample",85.0000,1000.00,90000.00,414,100.000,2,84.4900,91.8900,84.56795,-0.5109
2197,"2026-09-18 09:48:55.537812+04","merchant_sample",85.0000,1000.00,90000.00,414,100.000,2,84.4900,91.9000,84.56588,-0.5134
2198,"2026-09-18 09:49:55.538327+04","merchant_sample",85.0000,1000.00,90000.00,414,100.000,2,84.4900,91.7900,84.56588,-0.5134
2199,"2026-09-18 09:50:55.53904+04","merchant_sample",85.0000,1000.00,90000.00,414,100.000,2,84.4900,91.8900,84.55748,-0.5233
2200,"2026-09-18 09:51:55.53963+04","merchant_sample",85.0000,1000.00,90000.00,414,100.000,2,84.4900,91.9000,84.55748,-0.5233
2201,"2026-09-18 09:52:55.540192+04","merchant_sample",85.0000,1000.00,90000.00,414,100.000,2,84.4900,91.5000,84.57756,-0.4995
2202,"2026-09-18 09:53:55.540656+04","merchant_sample",85.0000,1000.00,90000.00,414,100.000,2,84.4900,91.5000,84.57756,-0.4995
2203,"2026-09-18 09:54:55.541248+04","merchant_sample",85.0000,1000.00,90000.00,414,100.000,2,84.4900,91.5450,84.57027,-0.5081
2204,"2026-09-18 09:55:55.541604+04","merchant_sample",85.0000,1000.00,90000.00,414,100.000,2,84.4900,91.8800,84.57027,-0.5081
2205,"2026-09-18 09:56:55.542362+04","merchant_sample",85.0000,1000.00,90000.00,414,100.000,2,84.4900,91.5900,84.57989,-0.4967
2206,"2026-09-18 09:57:55.542636+04","merchant_sample",85.0000,1000.00,90000.00,414,100.000,2,84.4900,91.5900,84.57989,-0.4967
2207,"2026-09-18 09:58:55.543381+04","merchant_sample",85.0000,1000.00,90000.00,414,100.000,2,84.4900,91.6450,84.57899,-0.4978
2208,"2026-09-18 09:59:55.54389+04","merchant_sample",85.0000,1000.00,90000.00,414,100.000,2,84.4900,91.5000,84.57899,-0.4978
2209,"2026-09-18 10:00:55.544568+04","merchant_sample",85.0000,1000.00,90000.00,414,100.000,2,84.4900,91.4750,84.57899,-0.4978
2210,"2026-09-18 10:01:55.545149+04","merchant_sample",85.0000,1000.00,90000.00,414,100.000,2,84.4900,91.7000,84.57587,-0.5015
2211,"2026-09-18 10:02:55.545518+04","merchant_sample",85.0000,1000.00,90000.00,414,100.000,2,84.4900,91.5450,84.57587,-0.5015
2212,"2026-09-18 10:03:55.546106+04","merchant_sample",85.0000,1000.00,90000.00,414,100.000,2,84.4900,91.7900,84.51259,-0.5767
2213,"2026-09-18 10:04:55.546617+04","merchant_sample",85.0000,1000.00,90000.00,414,100.000,2,84.4900,91.7000,84.51259,-0.5767
2214,"2026-09-18 10:05:55.547154+04","merchant_sample",85.0000,1000.00,90000.00,414,100.000,2,84.4900,91.8900,84.43335,-0.6711
2215,"2026-09-18 10:06:55.547798+04","merchant_sample",85.0000,1000.00,90000.00,414,100.000,2,84.4900,91.8800,84.43335,-0.6711
2216,"2026-09-18 10:07:55.548134+04","merchant_sample",85.0000,1000.00,90000.00,414,100.000,2,84.4900,91.7900,84.33159,-0.7926
2217,"2026-09-18 10:08:55.548137+04","merchant_sample",85.0000,1000.00,90000.00,414,100.000,2,84.4900,91.4400,84.33159,-0.7926
2218,"2026-09-18 10:09:55.549066+04","merchant_sample",85.0000,1000.00,90000.00,414,100.000,2,84.4900,91.2800,84.34786,-0.7732
2219,"2026-09-18 10:10:55.549934+04","merchant_sample",85.0000,1000.00,90000.00,414,100.000,2,84.4900,91.2800,84.34786,-0.7732
2220,"2026-09-18 10:11:55.550645+04","merchant_sample",85.0000,1000.00,90000.00,414,100.000,2,84.4900,91.2600,84.37581,-0.7398
2221,"2026-09-18 10:12:55.551495+04","merchant_sample",85.0000,1000.00,90000.00,414,100.000,2,84.4900,91.2600,84.37581,-0.7398
2222,"2026-09-18 10:13:55.551804+04","merchant_sample",85.0000,1000.00,90000.00,414,100.000,2,84.4900,91.2800,84.42473,-0.6814
2223,"2026-09-18 10:14:55.55231+04","merchant_sample",85.0000,1000.00,90000.00,414,100.000,2,84.4900,91.2600,84.42473,-0.6814
2224,"2026-09-18 10:15:55.552787+04","merchant_sample",85.0000,1000.00,90000.00,414,100.000,2,84.4900,91.4450,84.40308,-0.7072
2225,"2026-09-18 10:16:55.553184+04","merchant_sample",85.0000,1000.00,90000.00,414,100.000,2,84.4900,91.3700,84.40308,-0.7072
2226,"2026-09-18 10:17:55.553904+04","merchant_sample",85.0000,1000.00,90000.00,414,100.000,2,84.4900,91.3700,84.49210,-0.6011
2227,"2026-09-18 10:18:55.554514+04","merchant_sample",85.0000,1000.00,90000.00,414,100.000,2,84.4900,91.3000,84.49210,-0.6011
2228,"2026-09-18 10:19:55.555195+04","merchant_sample",85.0000,1000.00,90000.00,414,100.000,2,84.4900,91.4400,84.44971,-0.6516
2229,"2026-09-18 10:20:55.555587+04","merchant_sample",85.0000,1000.00,90000.00,414,100.000,2,84.4900,91.2800,84.44971,-0.6516
2230,"2026-09-18 10:21:55.556139+04","merchant_sample",85.0000,1000.00,90000.00,414,100.000,2,84.4900,91.5000,84.51953,-0.5685
2231,"2026-09-18 10:22:55.556541+04","merchant_sample",85.0000,1000.00,90000.00,414,100.000,2,84.4900,91.5000,84.51953,-0.5685
2232,"2026-09-18 10:23:55.557509+04","merchant_sample",85.0000,1000.00,90000.00,414,100.000,3,84.0000,91.5450,84.49205,-0.6012
2233,"2026-09-18 10:24:55.557692+04","merchant_sample",85.0000,1000.00,90000.00,414,100.000,2,84.4900,91.4400,84.49205,-0.6012
2234,"2026-09-18 10:25:55.55839+04","merchant_sample",85.0000,1000.00,90000.00,414,100.000,2,84.4900,91.2800,84.49579,-0.5967
2235,"2026-09-18 10:26:55.558667+04","merchant_sample",85.0000,1000.00,90000.00,414,100.000,2,84.4900,91.2800,84.49579,-0.5967
2236,"2026-09-18 10:27:55.559593+04","merchant_sample",85.0000,1000.00,90000.00,414,100.000,2,84.4900,91.0000,84.48077,-0.6146
2237,"2026-09-18 10:28:55.559636+04","merchant_sample",85.0000,1000.00,90000.00,414,100.000,3,84.4900,91.0000,84.48077,-0.6146
2238,"2026-09-18 10:29:55.560334+04","merchant_sample",85.0000,1000.00,90000.00,414,100.000,3,84.4900,91.0000,84.48077,-0.6146
2239,"2026-09-18 10:30:55.561136+04","merchant_sample",85.0000,1000.00,90000.00,414,100.000,2,84.4900,91.0000,84.53801,-0.5465
2240,"2026-09-18 10:31:55.561665+04","merchant_sample",85.0000,1000.00,90000.00,414,100.000,2,84.4900,91.0000,84.53801,-0.5465
2241,"2026-09-18 10:32:55.562359+04","merchant_sample",85.0000,1000.00,90000.00,414,100.000,2,84.4900,91.0000,84.48589,-0.6085
2242,"2026-09-18 10:33:55.562408+04","merchant_sample",85.0000,1000.00,90000.00,414,100.000,2,84.4900,91.0000,84.48589,-0.6085
2243,"2026-09-18 10:34:55.563144+04","merchant_sample",85.0000,1000.00,90000.00,414,100.000,2,84.4900,91.0000,84.47145,-0.6257
2244,"2026-09-18 10:35:55.563876+04","merchant_sample",85.0000,1000.00,90000.00,414,100.000,2,84.4900,91.0000,84.47145,-0.6257
2245,"2026-09-18 10:36:55.56429+04","merchant_sample",85.0000,1000.00,90000.00,414,100.000,2,84.4900,91.0000,84.48006,-0.6155
2246,"2026-09-18 10:37:55.56531+04","merchant_sample",85.0000,1000.00,90000.00,414,100.000,2,84.4900,91.2600,84.48006,-0.6155
2247,"2026-09-18 10:38:55.565705+04","merchant_sample",85.0000,1000.00,90000.00,414,100.000,2,84.4900,91.0000,84.50264,-0.5886
2248,"2026-09-18 10:39:55.56638+04","merchant_sample",85.0000,1000.00,90000.00,414,100.000,2,84.4900,91.0000,84.50264,-0.5886
2249,"2026-09-18 10:40:55.56664+04","merchant_sample",85.0000,1000.00,90000.00,414,100.000,2,84.4900,91.1200,84.51316,-0.5761
2250,"2026-09-18 10:41:55.567368+04","merchant_sample",85.0000,1000.00,90000.00,414,100.000,2,84.4900,91.0000,84.51316,-0.5761
2251,"2026-09-18 10:42:55.567724+04","merchant_sample",85.0000,1000.00,90000.00,414,100.000,2,84.4900,91.0000,84.51316,-0.5761
2252,"2026-09-18 10:43:55.568199+04","merchant_sample",85.0000,1000.00,90000.00,414,100.000,2,84.4900,91.0000,84.51316,-0.5761
2253,"2026-09-18 10:44:55.568593+04","merchant_sample",85.0000,1000.00,90000.00,414,100.000,3,84.4500,91.0000,84.43619,-0.6677
2254,"2026-09-18 10:45:55.569817+04","merchant_sample",85.0000,1000.00,90000.00,414,100.000,2,84.4900,91.0000,84.43619,-0.6677
2255,"2026-09-18 10:46:55.569982+04","merchant_sample",85.0000,1000.00,90000.00,414,100.000,2,84.4900,91.0000,84.47448,-0.6221
2256,"2026-09-18 10:47:55.570872+04","merchant_sample",85.0000,1000.00,90000.00,414,100.000,2,84.4900,91.0000,84.47448,-0.6221
2257,"2026-09-18 10:48:55.571035+04","merchant_sample",85.0000,1000.00,90000.00,414,100.000,3,84.4900,91.0000,84.47448,-0.6221
2258,"2026-09-18 10:49:55.571938+04","merchant_sample",85.0000,1000.00,90000.00,414,100.000,2,84.4900,91.0000,84.47448,-0.6221
2259,"2026-09-18 10:50:55.572344+04","merchant_sample",85.0000,1000.00,90000.00,414,100.000,2,84.4900,91.0000,84.49713,-0.5951
2260,"2026-09-18 10:51:55.573074+04","merchant_sample",85.0000,1000.00,90000.00,414,100.000,2,84.4900,91.0000,84.49713,-0.5951
2261,"2026-09-18 10:52:55.573531+04","merchant_sample",85.0000,1000.00,90000.00,414,100.000,2,84.4900,91.0000,84.52804,-0.5583
2262,"2026-09-18 10:53:55.573725+04","merchant_sample",85.0000,1000.00,90000.00,414,100.000,2,84.4900,91.0000,84.52804,-0.5583
2263,"2026-09-18 10:54:55.574962+04","merchant_sample",85.0000,1000.00,90000.00,414,100.000,3,84.4500,91.0000,84.48399,-0.6108
2264,"2026-09-18 10:55:55.575742+04","merchant_sample",85.0000,1000.00,90000.00,414,100.000,2,84.4900,91.0000,84.48399,-0.6108
2265,"2026-09-18 10:56:55.576034+04","merchant_sample",85.0000,1000.00,90000.00,414,100.000,2,84.4900,91.0000,84.47154,-0.6256
2266,"2026-09-18 10:57:55.576637+04","merchant_sample",85.0000,1000.00,90000.00,414,100.000,2,84.4900,91.0000,84.47154,-0.6256
2267,"2026-09-18 10:58:55.577626+04","merchant_sample",85.0000,1000.00,90000.00,414,100.000,2,84.4900,91.0000,84.49816,-0.5939
2268,"2026-09-18 10:59:55.577848+04","merchant_sample",85.0000,1000.00,90000.00,414,100.000,2,84.4900,91.0000,84.49816,-0.5939
2269,"2026-09-18 11:00:55.578855+04","merchant_sample",85.0000,1000.00,90000.00,414,100.000,2,84.4900,91.0000,84.48489,-0.6097
2270,"2026-09-18 11:01:55.579757+04","merchant_sample",85.0000,1000.00,90000.00,414,100.000,2,84.4900,91.0000,84.48489,-0.6097
2271,"2026-09-18 11:02:55.58021+04","merchant_sample",85.0000,1000.00,90000.00,414,100.000,2,84.4900,91.0000,84.39312,-0.7191
2272,"2026-09-18 11:03:55.581458+04","merchant_sample",85.0000,1000.00,90000.00,414,100.000,2,84.4900,91.0000,84.39312,-0.7191
2273,"2026-09-18 11:04:55.581839+04","merchant_sample",85.0000,1000.00,90000.00,414,100.000,2,84.4900,91.0000,84.41205,-0.6965
2274,"2026-09-18 11:05:55.582423+04","merchant_sample",85.0000,1000.00,90000.00,414,100.000,2,84.4900,91.0000,84.41205,-0.6965
2275,"2026-09-18 11:06:55.583231+04","merchant_sample",85.0000,1000.00,90000.00,414,100.000,2,84.4900,91.0000,84.34279,-0.7792
2276,"2026-09-18 11:07:55.58365+04","merchant_sample",85.0000,1000.00,90000.00,414,100.000,2,84.4900,91.0000,84.34279,-0.7792
2277,"2026-09-18 11:08:55.583902+04","merchant_sample",85.0000,1000.00,90000.00,414,100.000,2,84.4900,91.1150,84.27220,-0.8636
2278,"2026-09-18 11:09:55.584839+04","merchant_sample",85.0000,1000.00,90000.00,414,100.000,2,84.4900,91.0000,84.27220,-0.8636
2279,"2026-09-18 11:10:55.585305+04","merchant_sample",85.0000,1000.00,90000.00,414,100.000,2,84.4900,91.0000,84.27220,-0.8636
2280,"2026-09-18 11:11:55.585954+04","merchant_sample",85.0000,1000.00,90000.00,414,100.000,2,84.4900,91.1500,84.31262,-0.8153
2281,"2026-09-18 11:12:55.586343+04","merchant_sample",85.0000,1000.00,90000.00,414,100.000,2,84.4900,91.1550,84.31262,-0.8153
2282,"2026-09-18 11:13:55.586966+04","merchant_sample",85.0000,1000.00,90000.00,414,100.000,2,84.4900,91.1550,84.27194,-0.8639
2283,"2026-09-18 11:14:55.587504+04","merchant_sample",85.0000,1000.00,90000.00,414,100.000,2,84.4900,91.0000,84.27194,-0.8639
2284,"2026-09-18 11:15:55.58795+04","merchant_sample",85.0000,1000.00,90000.00,414,100.000,2,84.4900,91.0000,84.37810,-0.7370
2285,"2026-09-18 11:16:55.588909+04","merchant_sample",85.0000,1000.00,90000.00,414,100.000,2,84.4900,91.0000,84.37810,-0.7370
2286,"2026-09-18 11:17:55.589318+04","merchant_sample",85.0000,1000.00,90000.00,415,100.000,2,84.4900,90.9950,84.37270,-0.7435
2287,"2026-09-18 11:18:55.589905+04","merchant_sample",85.0000,1000.00,90000.00,415,100.000,2,84.4900,91.0000,84.37270,-0.7435
2288,"2026-09-18 11:19:55.590496+04","merchant_sample",85.0000,1000.00,90000.00,415,100.000,2,84.4900,91.0000,84.33986,-0.7827
2289,"2026-09-18 11:20:55.590851+04","merchant_sample",85.0000,1000.00,90000.00,415,100.000,2,84.4900,91.0000,84.33986,-0.7827
2290,"2026-09-18 11:21:55.592135+04","merchant_sample",85.0000,1000.00,90000.00,415,100.000,2,84.4900,91.0000,84.34961,-0.7711
2291,"2026-09-18 11:22:55.59332+04","merchant_sample",85.0000,1000.00,90000.00,415,100.000,2,84.4900,90.9950,84.34961,-0.7711
2292,"2026-09-18 11:23:55.593856+04","merchant_sample",85.0000,1000.00,90000.00,415,100.000,2,84.4900,91.0000,84.37448,-0.7414
2293,"2026-09-18 11:24:55.594388+04","merchant_sample",85.0000,1000.00,90000.00,415,100.000,2,84.4900,91.0000,84.37448,-0.7414
2294,"2026-09-18 11:25:55.595347+04","merchant_sample",85.0000,1000.00,90000.00,415,100.000,2,84.4900,91.0000,84.40619,-0.7035
2295,"2026-09-18 11:26:55.59607+04","merchant_sample",85.0000,1000.00,90000.00,415,100.000,2,84.4900,91.0000,84.40619,-0.7035
2296,"2026-09-18 11:27:55.596959+04","merchant_sample",85.0000,1000.00,90000.00,415,100.000,2,84.4900,91.0000,84.30694,-0.8221
2297,"2026-09-18 11:28:55.597931+04","merchant_sample",85.0000,1000.00,90000.00,415,100.000,2,84.4900,91.0000,84.30694,-0.8221
2298,"2026-09-18 11:29:55.598521+04","merchant_sample",85.0000,1000.00,90000.00,415,100.000,2,84.4900,91.0000,84.37519,-0.7405
2299,"2026-09-18 11:30:55.599003+04","merchant_sample",85.0000,1000.00,90000.00,415,100.000,2,84.4900,91.0000,84.37519,-0.7405
2300,"2026-09-18 11:31:55.599614+04","merchant_sample",85.0000,1000.00,90000.00,415,100.000,2,84.4900,91.0000,84.39396,-0.7181
2301,"2026-09-18 11:32:55.599897+04","merchant_sample",85.0000,1000.00,90000.00,415,100.000,2,84.4900,91.0000,84.39396,-0.7181
2302,"2026-09-18 11:33:55.601544+04","merchant_sample",85.0000,1000.00,90000.00,415,100.000,2,84.4900,91.0000,84.39396,-0.7181
2303,"2026-09-18 11:34:55.602082+04","merchant_sample",85.0000,1000.00,90000.00,415,100.000,2,84.4900,91.0000,84.39396,-0.7181
2304,"2026-09-18 11:35:55.602443+04","merchant_sample",85.0000,1000.00,90000.00,415,100.000,2,84.4900,91.0000,84.41039,-0.6985
2305,"2026-09-18 11:36:55.602974+04","merchant_sample",85.0000,1000.00,90000.00,415,100.000,2,84.4900,91.0000,84.41039,-0.6985
2306,"2026-09-18 11:37:55.603669+04","merchant_sample",85.0000,1000.00,90000.00,415,100.000,2,84.4900,91.0000,84.42936,-0.6759
2307,"2026-09-18 11:38:55.604396+04","merchant_sample",85.0000,1000.00,90000.00,415,100.000,2,84.4900,91.0000,84.42936,-0.6759
2308,"2026-09-18 11:39:55.604752+04","merchant_sample",85.0000,1000.00,90000.00,415,100.000,2,84.4900,91.0000,84.41958,-0.6875
2309,"2026-09-18 11:40:55.605445+04","merchant_sample",85.0000,1000.00,90000.00,415,100.000,2,84.4900,91.0000,84.41958,-0.6875
2310,"2026-09-18 11:41:55.60607+04","merchant_sample",85.0000,1000.00,90000.00,415,100.000,2,84.4900,91.0000,84.41232,-0.6962
2311,"2026-09-18 18:06:37.659786+04","merchant_sample",85.0000,1000.00,90000.00,420,100.000,1,85.0000,91.7800,84.25140,-0.8885
2312,"2026-09-18 18:07:37.655866+04","merchant_sample",85.0000,1000.00,90000.00,420,100.000,1,85.0000,91.5000,84.25140,-0.8885
2313,"2026-09-18 18:08:37.656316+04","merchant_sample",85.0000,1000.00,90000.00,420,100.000,1,85.0000,91.8100,84.23921,-0.9031
2314,"2026-09-18 18:09:37.656733+04","merchant_sample",85.0000,1000.00,90000.00,420,100.000,1,85.0000,91.7850,84.23921,-0.9031
2315,"2026-09-18 18:10:37.657049+04","merchant_sample",85.0000,1000.00,90000.00,420,100.000,1,85.0000,91.4000,84.24913,-0.8912
2316,"2026-09-18 18:11:37.658322+04","merchant_sample",85.0000,1000.00,90000.00,420,100.000,1,85.0000,91.3000,84.24913,-0.8912
2317,"2026-09-18 18:12:37.661131+04","merchant_sample",85.0000,1000.00,90000.00,420,100.000,1,85.0000,91.0000,84.25203,-0.8878
2318,"2026-09-18 18:13:37.662405+04","merchant_sample",85.0000,1000.00,90000.00,420,100.000,1,85.0000,91.0000,84.25203,-0.8878
2319,"2026-09-18 18:14:37.663856+04","merchant_sample",85.0000,1000.00,90000.00,420,100.000,1,85.0000,91.0000,84.22265,-0.9230
2320,"2026-09-18 18:15:37.666371+04","merchant_sample",85.0000,1000.00,90000.00,420,100.000,1,85.0000,91.4450,84.22265,-0.9230
2321,"2026-09-18 18:16:37.66848+04","merchant_sample",85.0000,1000.00,90000.00,420,100.000,1,85.0000,91.0000,84.25442,-0.8849
2322,"2026-09-18 18:17:37.669932+04","merchant_sample",85.0000,1000.00,90000.00,420,100.000,1,85.0000,91.3500,84.25442,-0.8849
2323,"2026-09-18 18:18:37.671858+04","merchant_sample",85.0000,1000.00,90000.00,420,100.000,1,85.0000,91.3500,84.23556,-0.9075
2324,"2026-09-18 18:19:37.674173+04","merchant_sample",85.0000,1000.00,90000.00,420,100.000,1,85.0000,91.0000,84.23556,-0.9075
2325,"2026-09-18 18:20:37.675992+04","merchant_sample",85.0000,1000.00,90000.00,420,100.000,1,85.0000,91.0000,84.25387,-0.8856
2326,"2026-09-18 18:21:37.67785+04","merchant_sample",85.0000,1000.00,90000.00,420,100.000,1,85.0000,91.0000,84.25387,-0.8856
2327,"2026-09-18 18:22:37.679659+04","merchant_sample",85.0000,1000.00,90000.00,420,100.000,1,85.0000,91.0000,84.25424,-0.8851
2328,"2026-09-18 18:23:37.68257+04","merchant_sample",85.0000,1000.00,90000.00,420,100.000,1,85.0000,91.0000,84.25424,-0.8851
2329,"2026-09-18 18:24:37.683184+04","merchant_sample",85.0000,1000.00,90000.00,420,100.000,1,85.0000,91.5000,84.23088,-0.9131
2330,"2026-09-18 18:25:37.684806+04","merchant_sample",85.0000,1000.00,90000.00,420,100.000,1,85.0000,91.0000,84.23088,-0.9131
2331,"2026-09-18 18:26:37.687155+04","merchant_sample",85.0000,1000.00,90000.00,420,100.000,1,85.0000,91.3500,84.22793,-0.9166
2332,"2026-09-18 18:27:37.688232+04","merchant_sample",85.0000,1000.00,90000.00,420,100.000,1,85.0000,91.3500,84.22793,-0.9166
2333,"2026-09-18 18:28:37.690181+04","merchant_sample",85.0000,1000.00,90000.00,420,100.000,1,85.0000,91.0000,84.24927,-0.8911
2334,"2026-09-18 21:58:24.505811+04","merchant_sample",85.0000,1000.00,90000.00,423,100.000,1,85.0000,91.0000,84.19764,-0.9529
2335,"2026-09-18 21:59:24.501346+04","merchant_sample",85.0000,1000.00,90000.00,423,100.000,1,85.0000,91.0000,84.19764,-0.9529
2336,"2026-09-18 22:00:24.501457+04","merchant_sample",85.0000,1000.00,90000.00,423,100.000,1,85.0000,91.0000,84.20960,-0.9386
2337,"2026-09-18 22:01:24.501969+04","merchant_sample",85.0000,1000.00,90000.00,423,100.000,1,85.0000,91.0000,84.20960,-0.9386
2338,"2026-09-18 22:02:24.502487+04","merchant_sample",85.0000,1000.00,90000.00,423,100.000,1,85.0000,91.0000,84.20929,-0.9390
2339,"2026-09-18 22:03:24.502996+04","merchant_sample",85.0000,1000.00,90000.00,423,100.000,1,85.0000,90.9300,84.20929,-0.9390
2340,"2026-09-18 22:04:24.503259+04","merchant_sample",85.0000,1000.00,90000.00,423,100.000,1,85.0000,90.9300,84.20303,-0.9465
2341,"2026-09-18 22:05:24.503877+04","merchant_sample",85.0000,1000.00,90000.00,423,100.000,1,85.0000,90.9000,84.20303,-0.9465
2342,"2026-09-18 22:06:24.504445+04","merchant_sample",85.0000,1000.00,90000.00,423,100.000,1,85.0000,90.9300,84.20737,-0.9413
2343,"2026-09-18 22:07:24.505507+04","merchant_sample",85.0000,1000.00,90000.00,423,100.000,1,85.0000,90.9300,84.20737,-0.9413
2344,"2026-09-18 22:08:24.505806+04","merchant_sample",85.0000,1000.00,90000.00,423,100.000,1,85.0000,91.0000,84.20969,-0.9385
2345,"2026-09-18 22:09:24.506229+04","merchant_sample",85.0000,1000.00,90000.00,423,100.000,1,85.0000,91.5000,84.20969,-0.9385
2346,"2026-09-18 22:10:24.506576+04","merchant_sample",85.0000,1000.00,90000.00,423,100.000,1,85.0000,91.0000,84.20108,-0.9488
2347,"2026-09-18 22:11:24.507122+04","merchant_sample",85.0000,1000.00,90000.00,423,100.000,1,85.0000,91.2500,84.20108,-0.9488
2348,"2026-09-18 22:12:24.507726+04","merchant_sample",85.0000,1000.00,90000.00,423,100.000,1,85.0000,91.0000,84.20459,-0.9446
2349,"2026-09-18 22:13:24.50819+04","merchant_sample",85.0000,1000.00,90000.00,423,100.000,1,85.0000,91.0000,84.20459,-0.9446
2350,"2026-09-18 22:14:24.508626+04","merchant_sample",85.0000,1000.00,90000.00,423,100.000,3,83.7500,90.9950,84.21065,-0.9374
2351,"2026-09-18 22:15:24.509184+04","merchant_sample",85.0000,1000.00,90000.00,423,100.000,2,83.7500,90.9300,84.21065,-0.9374
2352,"2026-09-18 22:16:24.509604+04","merchant_sample",85.0000,1000.00,90000.00,423,100.000,2,83.7500,90.9900,84.20240,-0.9472
2353,"2026-09-18 22:17:24.510799+04","merchant_sample",85.0000,1000.00,90000.00,423,100.000,2,83.7500,91.0000,84.20240,-0.9472
2354,"2026-09-18 22:18:24.511173+04","merchant_sample",85.0000,1000.00,90000.00,423,100.000,2,83.7500,91.0000,84.20986,-0.9383
2355,"2026-09-18 22:19:24.51181+04","merchant_sample",85.0000,1000.00,90000.00,423,100.000,1,85.0000,91.2500,84.20986,-0.9383
2356,"2026-09-18 22:20:24.512201+04","merchant_sample",85.0000,1000.00,90000.00,423,100.000,1,85.0000,91.2500,84.20929,-0.9390
2357,"2026-09-18 22:21:24.513836+04","merchant_sample",85.0000,1000.00,90000.00,423,100.000,1,85.0000,91.6950,84.20929,-0.9390
2358,"2026-09-18 22:22:24.514196+04","merchant_sample",85.0000,1000.00,90000.00,423,100.000,1,85.0000,91.9500,84.20199,-0.9477
2359,"2026-09-18 22:23:24.516581+04","merchant_sample",85.0000,1000.00,90000.00,423,100.000,1,85.0000,91.9000,84.20199,-0.9477
2360,"2026-09-18 22:24:24.51813+04","merchant_sample",85.0000,1000.00,90000.00,423,100.000,1,85.0000,91.7700,84.21029,-0.9378
2361,"2026-09-18 22:25:24.51973+04","merchant_sample",85.0000,1000.00,90000.00,423,100.000,1,85.0000,91.8000,84.21029,-0.9378
2362,"2026-09-19 10:29:09.347179+04","merchant_sample",85.0000,1000.00,90000.00,402,100.000,1,85.0000,91.7050,84.21489,-0.9323
2363,"2026-09-19 11:10:39.983444+04","merchant_sample",85.0000,1000.00,90000.00,402,100.000,1,85.0000,91.0000,84.21555,-0.9315
2364,"2026-09-19 11:57:40.157379+04","merchant_sample",85.0000,1000.00,90000.00,402,100.000,1,85.0000,91.1000,84.21578,-0.9312
2365,"2026-09-19 13:56:50.68962+04","merchant_sample",85.0000,1000.00,90000.00,403,100.000,1,85.0000,91.0000,84.21661,-0.9302
2366,"2026-09-19 13:59:50.697148+04","merchant_sample",85.0000,1000.00,90000.00,403,100.000,1,85.0000,91.0000,84.21492,-0.9322
2367,"2026-09-19 14:00:50.692715+04","merchant_sample",85.0000,1000.00,90000.00,403,100.000,1,85.0000,91.0000,84.21492,-0.9322
2368,"2026-09-19 14:01:50.698058+04","merchant_sample",85.0000,1000.00,90000.00,403,100.000,1,85.0000,91.0000,84.21735,-0.9293
2369,"2026-09-19 14:02:50.69368+04","merchant_sample",85.0000,1000.00,90000.00,403,100.000,1,85.0000,91.0000,84.21735,-0.9293
2370,"2026-09-19 14:03:50.698274+04","merchant_sample",85.0000,1000.00,90000.00,403,100.000,1,85.0000,91.0000,84.20883,-0.9395
2371,"2026-09-19 14:04:50.694285+04","merchant_sample",85.0000,1000.00,90000.00,403,100.000,2,84.5000,91.0000,84.20883,-0.9395
2372,"2026-09-19 14:05:50.700214+04","merchant_sample",85.0000,1000.00,90000.00,403,100.000,1,85.0000,91.0000,84.21417,-0.9331
2373,"2026-09-19 14:06:50.694709+04","merchant_sample",85.0000,1000.00,90000.00,403,100.000,1,85.0000,91.1000,84.21417,-0.9331
2374,"2026-09-19 14:07:50.700762+04","merchant_sample",85.0000,1000.00,90000.00,403,100.000,1,85.0000,91.0000,84.21593,-0.9310
2375,"2026-09-19 14:08:50.695302+04","merchant_sample",85.0000,1000.00,90000.00,403,100.000,2,84.6900,91.4000,84.21593,-0.9310
2376,"2026-09-19 14:09:50.70129+04","merchant_sample",85.0000,1000.00,90000.00,403,100.000,1,85.0000,91.0500,84.21655,-0.9303
2377,"2026-09-19 14:10:50.695602+04","merchant_sample",85.0000,1000.00,90000.00,403,100.000,1,85.0000,91.0000,84.21655,-0.9303
2378,"2026-09-19 14:11:50.703814+04","merchant_sample",85.0000,1000.00,90000.00,403,100.000,1,85.0000,91.0000,84.21590,-0.9311
